0n,11/7/2021,10:02:14 AM,0,="",600E,XR1,1980.0,0,16,1,1,14532.22 ,27664.52 ,27983.08 ,27815.14 ,27969.98 ,28203.91 ,27972.67 ,27893.57 ,27924.9 ,27863.07 ,27801.94 ,27987.37 ,27772.63 ,27760.94 ,27611.47 ,27423.09 ,27109.02 ,26398.55 ,26335.46 ,26355.59 ,26631.01 ,26645.29 ,26600.71 ,26724.9 ,26857.86 ,26505.02 ,26360.25 ,26085.37 ,25830.2 ,25789.71 ,25634.46 ,25474.96 ,25274.82 ,25106.83 ,25954.84 ,25778.39 ,25803.65 ,25921.21 ,25171.72 ,24986.52 ,26704.3 ,27839.18 ,29722.44 ,28665.23 ,32460.97 ,31677.46 ,29097.13 ,26687.54 ,20817.44 ,15273.96 ,11851.59 ,4183.665 ,3202.64 ,3075.518 ,2932.713 ,3046.914 ,2929.798 ,2981.961 ,3027.582 ,2961.862 ,2739.054 ,3111.027 ,3202.618 ,3220.302 ,3288.757 ,3075.067 ,3105.55 ,3198.557 ,3616.129 ,2258.468 ,1250.164 ,1234.001 ,1854.882 ,1815.809 ,437.9677 ,-1905.71 ,1562.457 ,3867.986 ,1964.106 ,2185.147 ,3790.757 ,1310.696 ,1338.978 ,4059.401 ,4591.51 ,4217.195 
0n,11/7/2021,10:02:14 AM,0,="",600E,YR1,1980.0,0,16,1,1,5.45043 ,-19.63633 ,-10.93024 ,-24.67131 ,-20.54423 ,-12.06511 ,-4.78166 ,-5.34403 ,8.54397 ,20.04874 ,9.82273 ,-0.94438 ,10.28478 ,11.81787 ,32.32157 ,18.84091 ,39.53003 ,24.00255 ,7.9127 ,14.43922 ,18.83685 ,4.73201 ,21.47138 ,12.63559 ,19.81973 ,-9.35864 ,20.91697 ,20.42095 ,11.51254 ,15.65199 ,18.38619 ,-4.49281 ,-2.87004 ,1.37785 ,-6.71804 ,-12.08178 ,-12.66634 ,-12.05193 ,-19.56527 ,-18.19958 ,-19.31519 ,-18.3714 ,-19.21316 ,-19.43488 ,-20.46521 ,-20.31749 ,-18.67549 ,-16.64699 ,-17.22055 ,-11.27275 ,-13.76035 ,-7.8738 ,-6.78143 ,-20.46418 ,-35.25197 ,-4.29124 ,33.5598 ,27.30027 ,-8.35955 ,-0.0854 ,10.57413 ,27.36106 ,15.44554 ,22.35631 ,26.15164 ,14.1818 ,11.38243 ,8.30577 ,1.79467 ,-1.51587 ,-7.25832 ,-4.90217 ,-10.69339 ,-7.74669 ,-10.02751 ,-9.50839 ,-9.31616 ,-9.5206 ,-7.1002 ,-2.5714 ,-0.95359 ,0.09656 ,0.38567 ,0.95099 ,1.55246 ,4.84461 
0n,11/7/2021,10:02:14 AM,0,="",600E,ZR1,1980.0,0,16,1,1,-1791.783 ,-1773.234 ,-1768.812 ,-1756.153 ,-1768.66 ,-1769.609 ,-1757.28 ,-1706.504 ,-1635.936 ,-1557.117 ,-1452.329 ,-1356.951 ,-1254.362 ,-1138.052 ,-1039.213 ,-913.7992 ,-807.0513 ,-682.1039 ,-593.3953 ,-478.7935 ,-390.2177 ,-389.7476 ,-367.4098 ,-322.9725 ,-296.5817 ,-280.9457 ,-235.9695 ,-195.9456 ,-149.9838 ,-115.2351 ,-86.44089 ,-52.173 ,-25.20298 ,-6.1109 ,7.48486 ,17.71852 ,27.17385 ,36.48738 ,36.67116 ,41.52045 ,43.86775 ,50.32374 ,56.43913 ,56.5594 ,64.73998 ,64.61884 ,60.80647 ,55.10845 ,49.23994 ,42.83972 ,39.25384 ,28.48444 ,27.66662 ,19.90485 ,36.21459 ,-1.22607 ,40.33863 ,30.71755 ,58.27164 ,120.531 ,183.4823 ,298.7475 ,470.6965 ,687.8706 ,925.8264 ,1182.89 ,1407.314 ,1591.008 ,1712.316 ,1780.52 ,1815.239 ,1827.565 ,1831.992 ,1837.229 ,1837.07 ,1832.131 ,1830.994 ,1832.693 ,1827.032 ,1822.793 ,1819.501 ,1811.696 ,1813.128 ,1817.93 ,1815.458 ,1818.841 
0n,11/7/2021,10:03:33 AM,0,="",600E,XR2,1980.0,0,16,1,2,-0.80353 ,-2.07216 ,-1.75905 ,0.39822 ,2.54637 ,1.14805 ,2.06912 ,0.89473 ,1.02949 ,0.27156 ,2.8919 ,2.9527 ,2.10154 ,-1.15007 ,0.53602 ,0.79846 ,2.93344 ,0.82582 ,0.6333 ,1.55842 ,0.84102 ,0.85115 ,4.24057 ,1.79013 ,0.06333 ,1.51789 ,1.17251 ,2.2765 ,0.13848 ,-0.544 ,0.65091 ,0.73861 ,-0.47432 ,0.2711 ,-0.02151 ,-0.3027 ,0.57078 ,1.52224 ,-0.52236 ,-1.12512 ,-0.67706 ,-0.32455 ,0.14708 ,-0.01031 ,0.51516 ,-1.16117 ,-0.19925 ,-0.03173 ,-0.3825 ,-0.31034 ,-0.70106 ,-0.20003 ,1.49604 ,-1.11055 ,2.18868 ,4.57495 ,5.57979 ,6.143 ,3.44515 ,-3.00799 ,-0.63499 ,2.18868 ,-1.1735 ,0.36189 ,2.42427 ,0.95905 ,1.7598 ,0.92021 ,0.92476 ,1.12025 ,0.64221 ,1.58151 ,2.12436 ,1.21075 ,-0.25227 ,-0.44564 ,0.21002 ,0.16664 ,-0.8048 ,-0.03037 ,0.10156 ,-0.93832 ,-0.00544 ,-0.22384 ,-0.18995 ,-0.74804 
0n,11/7/2021,10:03:33 AM,0,="",600E,YR2,1980.0,0,16,1,2,-14.11193 ,-9.46909 ,-13.57895 ,-14.04506 ,3.90011 ,-0.37289 ,3.51608 ,15.22958 ,28.68187 ,22.11785 ,27.91989 ,35.19725 ,30.08729 ,35.67755 ,19.44583 ,50.55856 ,28.79435 ,42.17469 ,39.72762 ,45.89444 ,6.02901 ,59.00323 ,33.28621 ,78.13393 ,47.21373 ,50.10867 ,29.29679 ,25.46708 ,34.62289 ,19.34793 ,9.37524 ,11.88287 ,12.56247 ,6.95399 ,2.44309 ,-3.84172 ,-3.46039 ,-2.72049 ,-7.6509 ,-7.81778 ,-9.97229 ,-9.54965 ,-7.00727 ,-5.43311 ,-7.6746 ,-4.8236 ,-6.11525 ,-4.39498 ,-4.01585 ,-2.699 ,-4.40686 ,-4.79433 ,-3.10676 ,-5.08666 ,17.15481 ,-2.12282 ,-14.57771 ,12.90157 ,30.12883 ,6.78173 ,34.41095 ,46.88779 ,26.83732 ,35.55209 ,19.58017 ,35.48667 ,24.73827 ,15.89523 ,9.15946 ,3.43889 ,-1.90967 ,-4.39563 ,-4.96297 ,-5.90445 ,-5.58129 ,-3.5264 ,-2.17262 ,-3.91205 ,-1.61087 ,-1.27127 ,0.34128 ,2.42626 ,2.89095 ,1.02476 ,1.1867 ,5.8158 
0n,11/7/2021,10:03:33 AM,0,="",600E,ZR2,1980.0,0,16,1,2,-1815.092 ,-1820.046 ,-1814.24 ,-1804.141 ,-1820.728 ,-1817.135 ,-1797.02 ,-1749.175 ,-1686.619 ,-1597.879 ,-1485.637 ,-1396.298 ,-1286.666 ,-1188.344 ,-1075.366 ,-953.692 ,-842.3792 ,-733.2248 ,-629.0952 ,-517.7612 ,-440.5108 ,-394.6822 ,-366.6296 ,-363.4766 ,-326.329 ,-296.3537 ,-269.8275 ,-231.04 ,-195.2943 ,-145.0198 ,-114.7128 ,-90.86035 ,-68.77562 ,-43.67459 ,-27.03599 ,-18.47825 ,-8.88302 ,-3.51773 ,3.29126 ,2.85223 ,3.80486 ,5.46095 ,4.83255 ,4.68162 ,5.0873 ,2.09271 ,4.2172 ,3.72223 ,3.14616 ,3.69867 ,4.19805 ,2.09403 ,1.60573 ,-4.79078 ,-10.33544 ,1.40846 ,14.94249 ,-2.99931 ,44.65115 ,87.75429 ,154.8481 ,277.331 ,457.073 ,659.7285 ,909.6714 ,1154.124 ,1380.544 ,1563.928 ,1691.12 ,1759.359 ,1791.239 ,1804.807 ,1813.289 ,1815.242 ,1816.346 ,1815.232 ,1814.577 ,1813.355 ,1813.568 ,1812.536 ,1811.835 ,1811.71 ,1811.878 ,1811.151 ,1810.09 ,1811.832 
0n,11/7/2021,10:04:01 AM,0,="",600E,XR3,1980.0,0,16,1,3,-24.77771 ,-41.06819 ,-40.91417 ,-43.53249 ,-41.01753 ,-43.41191 ,-44.39175 ,-42.7016 ,-45.06456 ,-44.17389 ,-42.46652 ,-44.82138 ,-44.1972 ,-43.93172 ,-46.27746 ,-45.54992 ,-44.10296 ,-43.343 ,-43.36023 ,-43.45142 ,-40.0002 ,-45.10104 ,-44.6552 ,-46.12445 ,-39.59387 ,-39.76512 ,-48.19878 ,-46.2528 ,-45.26823 ,-45.65455 ,-45.11069 ,-41.99172 ,-42.6092 ,-45.62671 ,-44.76744 ,-43.95534 ,-44.49325 ,-43.33337 ,-42.90627 ,-43.20659 ,-43.39125 ,-43.44768 ,-43.95623 ,-44.2464 ,-43.18022 ,-42.38617 ,-42.04891 ,-43.66247 ,-43.85432 ,-44.25072 ,-46.16187 ,-45.42737 ,-45.38466 ,-42.6104 ,-50.64368 ,-48.70325 ,-45.46582 ,-53.2554 ,-44.92676 ,-45.38621 ,-46.505 ,-45.77909 ,-44.82809 ,-46.74352 ,-44.37546 ,-44.82088 ,-47.23761 ,-45.08109 ,-45.40072 ,-44.54841 ,-45.01971 ,-43.39219 ,-45.03627 ,-45.0498 ,-45.15468 ,-45.54357 ,-43.90043 ,-44.65196 ,-46.06042 ,-45.61383 ,-40.06201 ,167.6705 ,297.1771 ,59.71001 ,44.05886 ,42.75788 
0n,11/7/2021,10:04:01 AM,0,="",600E,YR3,1980.0,0,16,1,3,2.01035 ,1.08421 ,-29.48641 ,-18.58049 ,1.87153 ,-0.24724 ,-10.07908 ,4.18282 ,5.8527 ,7.14159 ,22.63057 ,13.7127 ,29.82485 ,18.56327 ,34.87706 ,19.87749 ,23.84144 ,17.49325 ,45.14461 ,22.71467 ,17.50135 ,18.82672 ,18.13769 ,7.49489 ,11.35886 ,11.39128 ,18.44602 ,11.66959 ,11.67804 ,1.90496 ,9.3434 ,-2.29254 ,-8.88372 ,-0.90988 ,-5.08479 ,-6.51434 ,-10.25614 ,-10.05338 ,-14.2155 ,-11.63721 ,-15.27879 ,-15.19202 ,-13.7695 ,-12.08641 ,-10.10819 ,-10.70108 ,-10.59176 ,-10.43047 ,-8.26006 ,-8.56732 ,-8.85543 ,-5.22584 ,-7.06814 ,17.56418 ,-70.10876 ,-15.81728 ,34.26909 ,12.04789 ,-8.44061 ,46.97561 ,11.88689 ,41.99956 ,22.57902 ,30.24107 ,24.99252 ,22.14562 ,11.85288 ,5.74607 ,8.87097 ,0.95997 ,0.21027 ,-5.19992 ,-6.78435 ,-5.93953 ,-9.78302 ,-3.65593 ,-3.01822 ,-3.26381 ,-1.58699 ,0.31608 ,1.92412 ,3.46034 ,5.50917 ,6.47874 ,9.35759 ,9.29379 
0n,11/7/2021,10:04:01 AM,0,="",600E,ZR3,1980.0,0,16,1,3,-10897.22 ,-32925.58 ,-32957.39 ,-32939.51 ,-32924.27 ,-32919.24 ,-32903.52 ,-32946.89 ,-32901.19 ,-32905.82 ,-32906.77 ,-32924.73 ,-32866.01 ,-32859.08 ,-32806.23 ,-32791.8 ,-32787.99 ,-32780.54 ,-32752.81 ,-32755.93 ,-32719.14 ,-32805.55 ,-32773.12 ,-32756.4 ,-32670.72 ,-32679.54 ,-32687.26 ,-32743.82 ,-32676.62 ,-32379.98 ,-32330.82 ,-32323.72 ,-32299.51 ,-32292.46 ,-32303.44 ,-31973.94 ,-31948.85 ,-32186 ,-31923.72 ,-31953.64 ,-32133.59 ,-30535.95 ,-28161.13 ,-25641.26 ,-21879.92 ,-20134.96 ,-19601.38 ,-17865.14 ,-15397.65 ,-13380.02 ,-9540.339 ,-4565.66 ,-1351.398 ,-1268.001 ,-1250.396 ,-1237.877 ,-1318.978 ,-1343.509 ,-1200.286 ,-1287.22 ,-1308.356 ,-1273.079 ,-1265.676 ,-1245.013 ,-1196.402 ,-971.1952 ,-752.874 ,-726.7439 ,-715.4595 ,-690.0241 ,-4.43386 ,28.2307 ,45.14807 ,735.0625 ,3031.516 ,6764.713 ,9605.893 ,12884.77 ,15799.61 ,20240.57 ,26266.47 ,30634.29 ,34633.06 ,36706.22 ,32115.54 ,30400.31 
0n,11/7/2021,10:04:35 AM,0,="",600E,XR4,1980.0,0,16,1,4,539.2001 ,174.3083 ,128.3318 ,168.944 ,120.3887 ,185.9316 ,181.8582 ,176.8769 ,217.9755 ,250.4886 ,301.0239 ,316.1754 ,304.0708 ,309.2395 ,363.1642 ,388.5975 ,389.9948 ,424.2082 ,395.2081 ,418.5399 ,423.2689 ,491.5821 ,486.764 ,457.0158 ,489.32 ,437.7588 ,400.028 ,373.7558 ,395.0816 ,357.9325 ,303.4399 ,292.9588 ,259.8195 ,240.0774 ,243.0641 ,258.9591 ,240.1233 ,217.2486 ,217.0431 ,210.9208 ,27.44518 ,-106.7572 ,-151.2853 ,64.42019 ,182.1412 ,186.2049 ,180.5277 ,320.8471 ,360.6551 ,182.9196 ,-85.13793 ,149.4159 ,-178.9902 ,-167.3552 ,-186.1697 ,-194.8231 ,-87.67564 ,-129.687 ,-116.5858 ,-76.98748 ,-90.21897 ,-81.71334 ,-10.72809 ,0.36816 ,29.67279 ,24.97431 ,2.40375 ,-20.40011 ,-47.77423 ,-78.01833 ,-89.59643 ,-118.103 ,-123.1446 ,-481.5046 ,-967.3633 ,-1256.336 ,-783.8022 ,-517.6366 ,-699.7603 ,-1056.969 ,-1162.559 ,-800.1267 ,-674.5478 ,-702.0564 ,-369.012 ,-156.7703 
0n,11/7/2021,10:04:35 AM,0,="",600E,YR4,1980.0,0,16,1,4,-1.52803 ,11.30211 ,-11.01535 ,-2.81286 ,-3.30633 ,-0.10538 ,-1.14298 ,25.90549 ,11.53517 ,4.17876 ,25.05839 ,29.35266 ,34.37447 ,19.22697 ,21.61425 ,22.65793 ,34.73824 ,25.66635 ,44.98046 ,33.01668 ,29.84512 ,43.98643 ,48.52086 ,6.181 ,5.99861 ,21.84629 ,22.23858 ,25.30833 ,12.89566 ,15.73432 ,8.84785 ,10.75776 ,5.62178 ,11.4881 ,2.67443 ,1.25856 ,1.31145 ,-4.04133 ,-8.81203 ,-6.99433 ,-6.41717 ,-7.74899 ,-7.2824 ,-6.23413 ,-5.80492 ,-4.39419 ,-4.01138 ,-5.20952 ,-3.95243 ,-2.25341 ,-2.30993 ,-2.14199 ,-2.63981 ,-1.3051 ,-7.09295 ,3.27289 ,29.28038 ,-4.26337 ,25.9602 ,4.34262 ,24.15206 ,28.99582 ,35.83461 ,29.78171 ,25.36056 ,25.42234 ,27.67533 ,13.60007 ,7.01305 ,1.6957 ,-1.38786 ,-8.88895 ,-5.18135 ,-7.18097 ,-7.27196 ,-6.2511 ,-4.59115 ,-4.70015 ,-3.27414 ,0.03174 ,-0.91295 ,-0.87692 ,0.54037 ,1.3227 ,1.45804 ,5.5124 
0n,11/7/2021,10:04:35 AM,0,="",600E,ZR4,1980.0,0,16,1,4,-0.18138 ,1.3274 ,0.95248 ,2.31332 ,1.34563 ,0.29385 ,-2.01237 ,-0.61405 ,3.65287 ,2.52813 ,-0.34958 ,0.47421 ,0.21482 ,0.14186 ,-2.09546 ,1.27977 ,2.39742 ,0.0385 ,-1.41555 ,-2.20388 ,-1.22809 ,-0.45598 ,6.58125 ,-2.52982 ,-1.62378 ,2.00832 ,-2.98628 ,0.42558 ,0.48806 ,0.65926 ,1.96817 ,0.7187 ,0.76023 ,0.88962 ,0.85458 ,0.26601 ,0.38778 ,1.79754 ,1.95543 ,1.68643 ,0.82081 ,0.20436 ,0.06961 ,-1.18355 ,-0.77537 ,0.54921 ,1.33118 ,1.31582 ,0.02703 ,0.60155 ,0.95606 ,-0.05885 ,1.14436 ,1.48344 ,-4.48883 ,-5.21839 ,-7.32938 ,-3.08037 ,-0.88763 ,-0.27938 ,-0.66088 ,1.1754 ,1.38883 ,-0.32232 ,-1.60858 ,-0.69095 ,0.41669 ,0.57227 ,1.79374 ,0.35403 ,0.70426 ,0.12688 ,1.41829 ,0.95336 ,0.10524 ,-0.4519 ,-0.55605 ,0.8655 ,1.14327 ,1.17882 ,1.47876 ,1.1216 ,1.00812 ,0.99597 ,-1.01667 ,0.52728 
0n,11/7/2021,10:05:08 AM,0,="",600E,XR5,1980.0,0,16,1,5,-666.9645 ,-5784.266 ,-5623.865 ,-5840.924 ,-5691.412 ,-5432.015 ,-5543.672 ,-5409.402 ,-5243.722 ,-4997.417 ,-4958.306 ,-4736.265 ,-4364.707 ,-4477.162 ,-4378.315 ,-4355.331 ,-4375.207 ,-4475.59 ,-4913.98 ,-5217.15 ,-5334.648 ,-5281.675 ,-5179.091 ,-5081.867 ,-5143.875 ,-5145.138 ,-5296.711 ,-5092.778 ,-5119.547 ,-5061.135 ,-5233.665 ,-5706.801 ,-5882.89 ,-5252.55 ,-4777.997 ,-5468.612 ,-5092.143 ,-5689.923 ,-5515.594 ,-6172.114 ,-5776.762 ,-4286.786 ,-6768.006 ,-10122.78 ,-14156.32 ,-13783.86 ,-16083.42 ,-14135.13 ,-14202.93 ,-13841.79 ,-9099.125 ,-3606.215 ,-5166.924 ,-6138.38 ,-6131.624 ,-5905.729 ,-5796.381 ,-5568.623 ,-5612.552 ,-5874.901 ,-6016.775 ,-6234.138 ,-6552.629 ,-6653.759 ,-6207.135 ,-5766.983 ,-5695.315 ,-6772.185 ,-7156.38 ,-7243.53 ,-7244.966 ,-7203.984 ,-7650.505 ,-9282.992 ,-10316.98 ,-10161.21 ,-12497.04 ,-14512.98 ,-14063.16 ,-16843 ,-18805.43 ,-17078.61 ,-17046.57 ,-11513.99 ,-5337.163 ,-944.9612 
0n,11/7/2021,10:05:08 AM,0,="",600E,YR5,1980.0,0,16,1,5,-17.73238 ,4.20308 ,9.05466 ,-17.40509 ,-2.84934 ,-2.43998 ,7.03722 ,17.96543 ,24.42205 ,14.92357 ,26.33309 ,37.6504 ,28.2188 ,21.85338 ,24.77163 ,46.88543 ,36.73136 ,35.02804 ,44.35223 ,46.77802 ,42.72592 ,-2.25961 ,68.48752 ,40.72368 ,35.9638 ,17.35341 ,21.3107 ,25.05613 ,29.23985 ,11.8408 ,18.04167 ,18.23974 ,0.00383 ,-1.79537 ,3.26369 ,2.28384 ,-1.94937 ,-4.08358 ,-7.54673 ,-7.12174 ,-8.66359 ,-8.20987 ,-8.00175 ,-7.69012 ,-5.90898 ,-6.43602 ,-5.86372 ,-6.57201 ,-5.25848 ,-6.97302 ,-2.44111 ,-2.21826 ,-4.18872 ,-7.78401 ,-32.3236 ,-7.57426 ,-4.17471 ,-17.12441 ,6.45459 ,15.88242 ,46.64348 ,28.18857 ,35.26464 ,30.29125 ,23.16717 ,29.76822 ,20.4856 ,16.01074 ,6.74296 ,-1.8269 ,-0.21372 ,-1.78402 ,-5.59142 ,-8.70127 ,-7.24254 ,-6.50177 ,-4.45118 ,-3.26354 ,-2.58461 ,-1.5542 ,0.00063 ,0.93407 ,1.31537 ,1.29869 ,4.0791 ,5.07843 
0n,11/7/2021,10:05:08 AM,0,="",600E,ZR5,1980.0,0,16,1,5,4.20004 ,-0.51677 ,8.60578 ,-0.35971 ,5.00053 ,5.00154 ,1.59591 ,5.1282 ,3.34382 ,3.25871 ,3.36611 ,5.17076 ,4.91643 ,3.27998 ,4.05109 ,2.9375 ,1.96272 ,2.52914 ,2.79462 ,4.07135 ,8.07786 ,-0.05066 ,7.47293 ,9.53158 ,2.59399 ,1.90294 ,4.21814 ,2.00854 ,3.71451 ,2.4059 ,3.91415 ,4.20619 ,4.36285 ,4.70906 ,4.80357 ,3.76113 ,4.53826 ,3.41376 ,3.26431 ,4.54332 ,4.31028 ,1.28351 ,-0.1328 ,1.22276 ,2.98505 ,3.82119 ,3.20358 ,3.08088 ,3.07661 ,4.00477 ,2.2335 ,0.27847 ,2.61011 ,-1.43075 ,11.02447 ,3.71367 ,3.14792 ,-4.04045 ,5.54061 ,-0.04777 ,2.56022 ,3.54479 ,1.36033 ,2.17083 ,3.36807 ,4.1769 ,2.08363 ,0.91678 ,2.1365 ,1.01108 ,2.03424 ,1.03205 ,1.96272 ,1.39987 ,1.63577 ,0.8198 ,1.39939 ,3.30299 ,2.7103 ,3.1866 ,3.05581 ,2.49688 ,1.94704 ,1.70342 ,-0.45065 ,-1.41728 
0n,11/7/2021,10:11:20 AM,0,="",650E,XR1,1980.0,0,16,1,6,42093.4 ,17124.97 ,17140.65 ,17241.14 ,17435.68 ,17161.27 ,17370.92 ,17374.36 ,16765.61 ,16994.39 ,17290.75 ,17069.7 ,17365.91 ,17069.7 ,17003.17 ,16933.2 ,17139.6 ,17328.42 ,17354.4 ,17625.01 ,17639.52 ,17614.13 ,17533.58 ,17651.51 ,17710.03 ,17620.85 ,17642.19 ,17710.38 ,17749.43 ,17659.69 ,18053.54 ,18111.31 ,17980.12 ,18225 ,17804.28 ,17592.35 ,18347.1 ,18808.02 ,18940.82 ,18876.17 ,18410.09 ,18463.27 ,16633.56 ,14042.8 ,11684.45 ,10357.79 ,6784.875 ,1522.918 ,1259.67 ,512.9407 ,-936.4619 ,-1748.031 ,1163.675 ,1448.583 ,1670.208 ,1311.76 ,1440.896 ,1190.828 ,1353.876 ,1513.985 ,1406.621 ,1767.198 ,1866.773 ,1805.55 ,1551.758 ,1523.587 ,1397.205 ,1166.274 ,1125.983 ,1026.664 ,2270.567 ,2521.952 ,2573.445 ,2054.22 ,383.2011 ,-1375.007 ,-2279.396 ,-3426.319 ,-4643.835 ,-8782.131 ,-11532.22 ,-12277.12 ,-14606.31 ,-14824.1 ,-15991.82 ,-17139.81 
0n,11/7/2021,10:11:20 AM,0,="",650E,YR1,1980.0,0,16,1,6,-29.95455 ,3.08037 ,-10.18244 ,-0.55224 ,-5.2954 ,10.66172 ,-1.72156 ,-7.43139 ,0.26649 ,2.15524 ,9.53799 ,36.96543 ,22.18777 ,33.21629 ,19.14286 ,35.42626 ,24.92463 ,40.14408 ,25.92879 ,39.97588 ,40.80069 ,34.0563 ,8.18223 ,27.2572 ,46.82362 ,26.99983 ,16.63225 ,22.87308 ,24.28407 ,10.02576 ,2.13754 ,-1.03861 ,-2.42721 ,0.9775 ,2.15143 ,-8.23237 ,-12.78943 ,-13.54184 ,-14.35122 ,-14.31857 ,-15.48296 ,-16.00571 ,-15.0768 ,-12.91878 ,-11.78808 ,-8.11265 ,-10.3367 ,-6.58887 ,-8.38302 ,-6.45709 ,-5.77337 ,-6.28969 ,-3.782 ,-17.61889 ,-40.67301 ,-15.5285 ,-3.45528 ,35.66742 ,29.06692 ,5.79161 ,16.36783 ,29.64685 ,35.99293 ,29.87146 ,21.45328 ,19.96625 ,20.98108 ,6.40595 ,6.10565 ,-0.86102 ,-0.17279 ,-2.46711 ,-6.09818 ,-10.08792 ,-7.54496 ,-7.48916 ,-7.52071 ,-6.02725 ,-5.86043 ,-4.81117 ,-2.7246 ,-1.42107 ,-2.69563 ,-3.4859 ,-3.02785 ,-2.5533 
0n,11/7/2021,10:11:20 AM,0,="",650E,ZR1,1980.0,0,16,1,6,-147.2264 ,-115.5432 ,-118.9133 ,-119.9682 ,-123.3566 ,-118.6539 ,-118.9518 ,-116.906 ,-117.4968 ,-116.6091 ,-110.4373 ,-112.6898 ,-109.0085 ,-106.0336 ,-110.5325 ,-112.0717 ,-117.4522 ,-117.133 ,-115.8725 ,-118.4918 ,-117.3336 ,-124.8866 ,-119.7088 ,-112.5246 ,-112.3701 ,-118.7745 ,-116.792 ,-109.7662 ,-113.1351 ,-107.4259 ,-102.5839 ,-96.62917 ,-96.41266 ,-100.8006 ,-108.9739 ,-108.705 ,-101.4194 ,-80.41447 ,-53.88497 ,-51.99547 ,-62.25775 ,-54.7678 ,-46.00552 ,-47.66139 ,-44.28855 ,-51.63962 ,-53.60839 ,-54.37097 ,-54.45478 ,-53.88667 ,-52.95044 ,-52.37806 ,-52.44324 ,-51.7522 ,-44.64507 ,-56.25724 ,-57.68259 ,-51.01859 ,-51.32257 ,-50.74356 ,-54.50877 ,-52.9624 ,-52.84249 ,-51.96287 ,-53.20691 ,-51.84263 ,-52.86813 ,-54.19639 ,-52.38558 ,-52.17302 ,-54.02114 ,-52.75739 ,-52.88918 ,-51.95846 ,-53.0384 ,-51.98156 ,-53.36536 ,-52.6019 ,-48.65 ,-15.36831 ,-13.51228 ,9.72695 ,243.3948 ,419.3735 ,352.3633 ,153.0235 
0n,11/7/2021,10:11:54 AM,0,="",650E,XR2,1980.0,0,16,1,7,-0.81974 ,2.59298 ,0.90384 ,2.19882 ,2.57981 ,1.08117 ,1.28788 ,0.77516 ,-1.69826 ,-0.38707 ,1.69623 ,-0.53197 ,0.57149 ,1.84822 ,1.50472 ,2.15524 ,0.34046 ,-0.5492 ,4.40979 ,1.32436 ,0.45598 ,-1.39833 ,4.54456 ,1.68542 ,-1.63898 ,0.79238 ,3.64201 ,-0.86354 ,1.84501 ,2.34194 ,1.48325 ,-0.30145 ,1.42571 ,0.11539 ,-0.51927 ,0.58176 ,-0.27517 ,-0.1249 ,-0.37352 ,-0.16892 ,-0.7116 ,-0.10667 ,-0.3553 ,-0.64951 ,-0.27877 ,-1.21001 ,-1.52486 ,-2.397 ,-1.75447 ,-0.89145 ,-0.93414 ,-1.13376 ,-1.54199 ,-0.15199 ,3.16143 ,0.58264 ,-0.46949 ,-3.1361 ,-3.58903 ,-2.11196 ,0.93222 ,-3.35395 ,-0.75489 ,-3.42199 ,-1.35237 ,-2.86046 ,-2.8165 ,-2.96439 ,-1.13394 ,-1.83553 ,-1.0801 ,-1.75182 ,-0.64977 ,-0.79193 ,0.03002 ,0.55326 ,-0.67077 ,-1.33901 ,-2.68551 ,-1.63625 ,-0.61202 ,0.2798 ,0.52751 ,-0.47813 ,-0.55482 ,0.08466 
0n,11/7/2021,10:11:54 AM,0,="",650E,YR2,1980.0,0,16,1,7,-4.87286 ,5.31262 ,-2.97499 ,-1.67394 ,-5.09578 ,5.9368 ,-11.32744 ,21.57169 ,18.86624 ,22.28909 ,21.58892 ,32.98628 ,59.41361 ,30.27069 ,31.19582 ,38.90484 ,52.61146 ,45.10509 ,48.79444 ,52.9195 ,40.19677 ,11.20686 ,-13.50701 ,32.83023 ,26.79616 ,32.96399 ,20.99224 ,35.82391 ,25.72799 ,26.22366 ,25.77733 ,11.41965 ,12.95409 ,4.13418 ,7.05492 ,3.30224 ,-5.77921 ,-1.96311 ,-3.57967 ,-1.98351 ,-4.62061 ,-8.38457 ,-8.13724 ,-4.94238 ,-4.17873 ,-4.57177 ,-1.45665 ,-2.78046 ,-3.47043 ,-3.17273 ,-2.72587 ,-1.60766 ,-1.7442 ,-11.09946 ,18.37075 ,28.06782 ,9.51469 ,8.93459 ,16.33811 ,16.25589 ,16.38697 ,24.17346 ,37.03344 ,29.56555 ,28.26252 ,19.85643 ,18.31243 ,12.23651 ,7.9165 ,1.8313 ,-3.60847 ,-1.73366 ,-5.28189 ,-6.15715 ,-7.18673 ,-7.36185 ,-7.63908 ,-5.14962 ,-4.68365 ,-3.38258 ,-2.85048 ,-1.05652 ,0.79284 ,0.45679 ,0.92796 ,-1.02047 
0n,11/7/2021,10:11:54 AM,0,="",650E,ZR2,1980.0,0,16,1,7,4.4716 ,3.30329 ,2.21503 ,1.7702 ,-0.37289 ,3.59005 ,1.70738 ,2.48456 ,0.57858 ,0.18746 ,2.33763 ,-1.87761 ,0.1601 ,1.526 ,1.14703 ,7.26318 ,1.19871 ,-2.36702 ,2.97195 ,-2.79057 ,-3.20196 ,8.80539 ,-1.55538 ,1.09096 ,-4.40523 ,5.03397 ,-0.14475 ,-1.62125 ,-1.87288 ,2.03606 ,1.72064 ,0.85839 ,1.70806 ,1.437 ,-0.78334 ,1.2362 ,0.14803 ,0.50048 ,-0.72891 ,-0.5468 ,-0.17514 ,0.0518 ,-0.27536 ,-0.11207 ,-0.28728 ,-0.52931 ,-0.69024 ,-1.119 ,-1.0864 ,-0.26574 ,-0.45344 ,-0.68534 ,-0.75917 ,-1.65975 ,-8.0961 ,-6.41406 ,2.33054 ,0.85115 ,-4.10783 ,1.39109 ,1.18329 ,0.02364 ,-4.19877 ,-5.85916 ,0.40821 ,-0.65315 ,-1.93764 ,0.11848 ,-1.50874 ,-0.86349 ,-0.5428 ,-0.97999 ,-0.69023 ,0.24974 ,0.42268 ,1.30113 ,0.02112 ,-0.103 ,-1.1509 ,-1.28926 ,0.13981 ,0.20952 ,0.50557 ,-0.33489 ,-0.03428 ,0.25568 
0n,11/7/2021,10:12:44 AM,0,="",700E,XR1,1980.0,0,8,1,8,1.03152 ,0.73159 ,-4.95088 ,1.25849 ,1.21188 ,6.41203 ,-1.05989 ,-1.3355 ,1.43886 ,0.90182 ,1.23417 ,3.46541 ,2.13194 ,-0.24521 ,-0.41747 ,-1.91915 ,-3.43704 ,-3.68834 ,1.45102 ,-0.10741 ,-2.1441 ,9.13978 ,-0.52691 ,4.37737 ,1.9151 ,0.458 ,-4.89269 ,0.40982 ,3.54817 ,-3.86439 ,-0.09554 ,-0.68975 ,0.50883 ,1.94715 ,-0.33391 ,-0.77755 ,-1.93052 ,-2.13173 ,-2.39773 ,-1.28581 ,-0.5081 ,-1.04764 ,-0.28599 ,0.48461 ,-1.90398 ,-1.00789 ,-0.28369 ,1.47132 ,2.67556 ,1.42233 ,0.81506 ,-0.00524 ,-1.70542 ,-5.5933 ,5.57303 ,-0.89169 ,4.39088 ,-2.4572 ,-1.14703 ,-3.21933 ,2.55121 ,-0.53873 ,-5.24245 ,-1.50737 ,-2.28856 ,-2.34588 ,-1.08524 ,-0.70181 ,-0.89681 ,-0.3498 ,0.12649 ,-2.24698 ,-1.05464 ,-1.35162 ,0.59109 ,2.69741 ,0.01018 ,-0.77715 ,-2.22343 ,-1.21283 ,-0.33474 ,0.12582 ,1.04906 ,1.10306 ,0.97817 ,0.32838 
0n,11/7/2021,10:12:44 AM,0,="",700E,YR1,1980.0,0,8,1,8,16.22462 ,-20.93637 ,-18.39506 ,28.31101 ,10.72454 ,-4.70161 ,-5.35822 ,15.10799 ,13.40365 ,13.27395 ,23.2507 ,33.92052 ,21.95167 ,23.78368 ,40.92228 ,23.36824 ,36.09705 ,34.94596 ,39.83807 ,59.50987 ,58.82286 ,34.53254 ,49.64053 ,59.51324 ,53.41499 ,46.77295 ,30.36652 ,28.76136 ,15.9507 ,20.31877 ,18.52853 ,16.70897 ,4.89003 ,11.80863 ,7.84434 ,-1.11717 ,-3.97928 ,-4.38253 ,-3.45633 ,-5.87582 ,-5.59126 ,-8.2107 ,-7.80753 ,-5.33632 ,-3.90589 ,-5.27571 ,-2.3347 ,-1.83012 ,-4.62961 ,-3.30816 ,-0.31809 ,0.04449 ,2.30252 ,13.65089 ,-9.9504 ,10.36584 ,12.74705 ,4.21017 ,21.76928 ,14.52463 ,40.09207 ,44.85617 ,43.07195 ,32.48186 ,44.74784 ,31.58801 ,28.63485 ,31.42723 ,10.5353 ,7.76736 ,6.01331 ,1.21414 ,1.38527 ,-0.00192 ,-2.09562 ,0.18091 ,1.60861 ,2.47742 ,1.23879 ,1.266 ,1.02142 ,-0.41849 ,1.03762 ,1.5954 ,2.45875 ,5.16935 
0n,11/7/2021,10:12:44 AM,0,="",700E,ZR1,1980.0,0,8,1,8,2.28393 ,-0.3891 ,-5.00357 ,2.09343 ,-1.39022 ,5.70476 ,-2.30622 ,0.75185 ,1.21188 ,-0.56946 ,-0.85318 ,3.7086 ,-5.1657 ,-5.44739 ,1.3963 ,1.04368 ,0.31006 ,-1.3355 ,-3.32153 ,-1.526 ,-5.32579 ,-4.39763 ,1.74284 ,2.43187 ,-5.42104 ,6.20127 ,3.58411 ,-0.21391 ,4.93973 ,-2.68392 ,-1.21787 ,0.87938 ,-2.40448 ,1.62828 ,-1.01546 ,-0.55043 ,-2.41989 ,-1.839 ,-1.28282 ,-0.88666 ,-0.23952 ,-0.81006 ,0.41775 ,0.63449 ,-1.43426 ,-0.9113 ,0.41806 ,1.93881 ,3.36169 ,1.60507 ,1.29849 ,0.58447 ,-0.13786 ,3.8991 ,0.81062 ,-3.68834 ,-2.1414 ,-8.61287 ,0.46206 ,2.17421 ,1.99053 ,2.90136 ,1.68584 ,-2.68471 ,-1.45912 ,0.95303 ,2.70153 ,-0.53782 ,-0.71465 ,0.53113 ,-0.47074 ,-1.21693 ,-0.492 ,-0.94212 ,1.73716 ,3.54554 ,1.27375 ,0.41779 ,-1.05543 ,-0.39124 ,0.39954 ,0.9451 ,1.30474 ,1.23307 ,1.07875 ,0.88274 
0n,11/7/2021,10:13:02 AM,0,="",700E,XR2,1980.0,0,8,1,9,-0.08512 ,0.40329 ,-4.05514 ,-0.57554 ,-1.8158 ,4.02069 ,1.22201 ,3.62146 ,3.13711 ,-0.64647 ,0.99707 ,0.68903 ,0.96261 ,1.08624 ,-1.83404 ,1.94144 ,2.37715 ,-2.77638 ,-0.07093 ,-1.73676 ,-1.00112 ,4.45843 ,-5.12719 ,2.85069 ,-1.21594 ,0.42152 ,3.05431 ,-2.57148 ,-0.93053 ,2.83591 ,-0.77781 ,1.82318 ,0.41188 ,-0.347 ,0.40282 ,0.65059 ,-0.28619 ,0.65976 ,1.58062 ,0.43143 ,1.02528 ,-0.25978 ,1.45156 ,2.0447 ,1.85866 ,1.47931 ,0.80788 ,1.67899 ,0.94092 ,0.10971 ,1.60573 ,0.69837 ,-0.40151 ,2.62237 ,0.77009 ,7.39694 ,4.36385 ,-5.16266 ,5.19204 ,-1.14935 ,1.76761 ,1.6584 ,-1.37173 ,0.61183 ,0.46104 ,0.85718 ,1.15886 ,2.86898 ,0.38574 ,1.29294 ,0.74002 ,0.72038 ,1.64669 ,1.11962 ,1.73058 ,1.37753 ,0.18197 ,1.1106 ,-0.14181 ,-0.95758 ,-0.0523 ,-0.18753 ,-0.76513 ,-1.69076 ,-2.42893 ,-1.02675 
0n,11/7/2021,10:13:02 AM,0,="",700E,YR2,1980.0,0,8,1,9,17.02511 ,17.11023 ,-1.21796 ,0.53906 ,-4.97317 ,-14.16361 ,23.98836 ,3.52824 ,16.47591 ,17.66145 ,4.33886 ,43.75135 ,25.25699 ,40.73178 ,16.35027 ,18.07892 ,17.28654 ,23.75531 ,40.36295 ,37.05358 ,53.99966 ,60.95886 ,3.96192 ,74.64488 ,8.53181 ,49.87358 ,5.28063 ,46.33161 ,14.29061 ,17.62092 ,2.96263 ,25.37612 ,3.67355 ,4.18629 ,-3.38653 ,-3.69416 ,-3.99761 ,-4.35511 ,-3.90507 ,-2.44763 ,-7.71763 ,-9.86331 ,-8.02018 ,-5.41941 ,-1.66404 ,-1.8548 ,-7.20127 ,-2.74784 ,-5.50683 ,0.80371 ,0.83263 ,-1.15006 ,0.64568 ,-11.8432 ,14.8952 ,-26.83162 ,30.29704 ,11.96682 ,8.06975 ,39.80159 ,23.3527 ,22.77682 ,18.41128 ,30.16965 ,20.88657 ,28.61061 ,17.61534 ,19.60773 ,16.59075 ,3.82191 ,-1.18785 ,-0.61336 ,-7.17011 ,-3.36327 ,-2.82894 ,-1.61527 ,-1.49854 ,-1.59544 ,-0.7129 ,1.91056 ,0.16354 ,1.02494 ,2.20355 ,1.74114 ,3.10684 ,4.20622 
0n,11/7/2021,10:13:02 AM,0,="",700E,ZR2,1980.0,0,8,1,9,0.44787 ,3.02565 ,1.17338 ,-0.34654 ,-5.49602 ,0.78833 ,1.01531 ,-2.98309 ,2.81894 ,-1.22607 ,1.29902 ,1.9232 ,0.39923 ,0.61202 ,-4.97115 ,5.8912 ,2.44808 ,3.24655 ,2.78854 ,-0.87547 ,2.84123 ,3.20196 ,4.08351 ,3.74913 ,-6.72311 ,6.39987 ,-0.9409 ,2.05358 ,-2.04345 ,-1.05128 ,-1.97541 ,2.27119 ,1.98219 ,1.55755 ,0.86051 ,0.12113 ,0.55404 ,0.40412 ,2.9414 ,2.4733 ,0.86309 ,0.18593 ,1.05711 ,2.18106 ,1.70768 ,1.79053 ,0.8903 ,1.31205 ,0.241 ,-1.10799 ,0.60334 ,-0.4751 ,-1.62352 ,3.71265 ,1.05381 ,-0.32425 ,-3.85722 ,-6.36846 ,1.96171 ,1.37227 ,-5.78245 ,-0.67721 ,-0.63457 ,2.85359 ,-0.42123 ,-2.43077 ,-1.25895 ,0.42932 ,0.29723 ,0.18415 ,-1.3411 ,-0.99551 ,0.102 ,0.75256 ,1.06108 ,0.40652 ,0.78003 ,1.32499 ,0.02052 ,-0.64912 ,0.18511 ,0.45827 ,-0.10045 ,-1.28077 ,-2.28969 ,-1.92658 
0n,11/7/2021,10:13:25 AM,0,="",700E,XR3,1980.0,0,8,1,10,-0.90992 ,1.09232 ,2.24948 ,2.25961 ,-0.93019 ,-4.85766 ,3.69442 ,-0.69714 ,-0.05472 ,-5.13935 ,0.54514 ,-0.9079 ,-0.27764 ,1.19567 ,0.36883 ,-2.82705 ,-0.48637 ,-3.66402 ,-0.84102 ,-0.0689 ,-3.68428 ,2.08735 ,4.49896 ,-6.62009 ,-2.20895 ,0.05674 ,-3.40751 ,-1.73158 ,0.39856 ,-3.15383 ,-1.02872 ,-0.79977 ,-3.0256 ,-1.27921 ,-1.85633 ,0.21873 ,-0.8041 ,-1.05129 ,-2.19318 ,-0.01306 ,-1.21803 ,-0.81334 ,-0.34568 ,-2.02101 ,-1.28023 ,1.34118 ,1.00663 ,0.65066 ,0.93622 ,-0.53075 ,-1.97511 ,-2.18815 ,-2.35105 ,-1.29294 ,-5.51224 ,-2.13802 ,-2.1414 ,-15.06239 ,-3.66807 ,0.01448 ,0.01351 ,-5.39909 ,-2.57753 ,-3.35926 ,-0.52691 ,-1.58126 ,-1.77882 ,-0.98335 ,-1.59166 ,-0.29359 ,0.10901 ,-1.31137 ,-1.55399 ,-2.29717 ,0.06885 ,-0.00502 ,-1.36763 ,-0.62738 ,-0.11702 ,0.9992 ,0.86627 ,2.63103 ,2.71694 ,1.90791 ,1.79107 ,2.22182 
0n,11/7/2021,10:13:25 AM,0,="",700E,YR3,1980.0,0,8,1,10,-2.54333 ,5.0056 ,12.15732 ,-17.59457 ,-9.63831 ,-4.71783 ,-3.24857 ,17.70401 ,16.5894 ,45.77183 ,14.79184 ,22.96293 ,33.64086 ,31.24344 ,58.19666 ,11.84523 ,17.84789 ,38.2837 ,30.83205 ,38.84506 ,38.21277 ,80.43407 ,23.06223 ,68.02479 ,-14.36323 ,27.318 ,43.41466 ,7.98239 ,21.68248 ,28.95571 ,21.81734 ,14.66359 ,15.96051 ,15.06435 ,-0.1032 ,-0.92127 ,0.92429 ,2.31836 ,-2.2349 ,-5.93826 ,-10.93561 ,-8.06818 ,-5.21472 ,-3.64144 ,-2.93035 ,-3.97312 ,-2.05224 ,-1.158 ,-0.93191 ,0.71176 ,-1.97654 ,-0.38111 ,-4.82177 ,-14.77361 ,-55.2237 ,-43.4494 ,66.79534 ,-15.15865 ,5.50818 ,5.6512 ,26.83162 ,28.21644 ,23.52327 ,29.63117 ,31.93131 ,23.95336 ,29.11584 ,19.70936 ,5.14024 ,5.84847 ,0.00781 ,-4.37986 ,-4.05769 ,-7.17774 ,-4.94373 ,-5.78755 ,-4.71884 ,-4.20832 ,-3.09537 ,-1.45688 ,-0.37135 ,-1.52312 ,1.37548 ,-0.52955 ,1.51958 ,3.70932 
0n,11/7/2021,10:13:25 AM,0,="",700E,ZR3,1980.0,0,8,1,10,0.74983 ,-3.01349 ,0.0304 ,-3.03984 ,0.60594 ,0.64242 ,2.26164 ,0.89371 ,-3.82817 ,-4.64284 ,0.86331 ,-4.87792 ,0.59581 ,5.3339 ,1.16324 ,-3.47555 ,1.53005 ,-7.66849 ,-0.99504 ,-1.297 ,-3.06821 ,-6.181 ,12.49373 ,0.1351 ,-4.3267 ,-1.44696 ,-1.42149 ,-6.0549 ,-3.40631 ,-5.5971 ,0.6485 ,-3.40824 ,-3.70422 ,-1.96493 ,-1.49092 ,-1.02632 ,-1.04271 ,-0.6734 ,-0.95478 ,-0.41792 ,-1.16568 ,-0.90898 ,-0.36459 ,-2.26257 ,-1.15683 ,0.24172 ,0.59827 ,0.50436 ,0.44074 ,-0.19763 ,-1.5218 ,-2.04561 ,-2.21646 ,-0.66066 ,15.36131 ,-7.06255 ,-11.49058 ,-3.22223 ,-6.51741 ,-5.31537 ,-2.03331 ,-3.71198 ,1.25267 ,-2.47047 ,-3.14985 ,-0.75585 ,0.27917 ,-1.09403 ,-1.07687 ,-1.3844 ,-0.8248 ,-0.73136 ,-0.69991 ,-1.59003 ,0.84897 ,0.33114 ,-1.39227 ,-0.46673 ,0.1083 ,0.88052 ,0.74971 ,2.43529 ,2.24839 ,1.91234 ,2.42627 ,2.09729 
0n,11/7/2021,10:22:35 AM,0,="",750E,XR1,1980.0,0,8,1,11,11.79051 ,-1.26255 ,-25.99668 ,-21.26264 ,-28.14078 ,-10.40435 ,22.56775 ,-16.86907 ,40.78853 ,33.75434 ,145.3731 ,95.56638 ,132.849 ,193.1512 ,184.8991 ,202.3275 ,222.8139 ,223.2902 ,215.8162 ,238.1003 ,158.8213 ,245.5175 ,277.0102 ,261.7164 ,217.0291 ,284.8448 ,251.6927 ,200.3883 ,204.0811 ,133.5476 ,131.705 ,147.7788 ,113.1832 ,79.08414 ,67.5726 ,63.09117 ,36.8689 ,41.54298 ,23.49928 ,21.71667 ,16.5734 ,13.63813 ,2.99963 ,8.77429 ,2.69645 ,3.97239 ,-1.17491 ,2.5945 ,2.19858 ,1.34688 ,-1.16309 ,-2.98458 ,2.55653 ,-24.80507 ,-91.33696 ,35.83967 ,5.32985 ,45.2277 ,39.76512 ,72.9445 ,105.7007 ,111.9639 ,152.273 ,201.7322 ,217.2434 ,168.6397 ,192.2934 ,164.4149 ,116.0037 ,92.63871 ,75.34026 ,50.21311 ,46.81041 ,35.8176 ,30.35128 ,23.29371 ,24.10513 ,23.23807 ,28.75711 ,24.06171 ,23.61997 ,21.91171 ,21.34556 ,25.22613 ,20.72339 ,26.51568 
0n,11/7/2021,10:22:35 AM,0,="",750E,YR1,1980.0,0,8,1,11,-4.53341 ,5.32782 ,-17.49933 ,-21.05188 ,-2.6021 ,-0.92614 ,-2.6325 ,13.98325 ,11.82294 ,31.62646 ,38.73562 ,4.92048 ,13.3307 ,28.28264 ,29.15203 ,24.67131 ,24.17278 ,17.35139 ,48.31516 ,35.61067 ,56.34641 ,27.72331 ,36.5591 ,57.20297 ,12.00229 ,31.24952 ,4.02706 ,20.44346 ,7.01527 ,15.5285 ,8.35617 ,12.307 ,11.31641 ,2.08446 ,-7.95845 ,-4.98743 ,-4.79695 ,-8.44598 ,-9.92834 ,-9.84014 ,-9.00531 ,-8.41184 ,-6.69954 ,-4.7129 ,-3.26526 ,-5.78959 ,-3.96101 ,-3.56379 ,-2.5975 ,-2.99578 ,-3.44158 ,1.62369 ,-1.26635 ,-6.38366 ,-9.22084 ,15.34104 ,41.87544 ,46.68176 ,14.83035 ,13.1263 ,31.03561 ,19.70152 ,39.51914 ,28.77808 ,31.66714 ,33.84954 ,19.04427 ,25.42893 ,15.74845 ,7.84542 ,2.90963 ,1.23989 ,-1.65472 ,0.57722 ,-1.1582 ,1.15524 ,2.15626 ,3.65181 ,2.98781 ,-0.85679 ,2.07095 ,3.08494 ,2.57439 ,3.60095 ,4.55172 ,7.09561 
0n,11/7/2021,10:22:35 AM,0,="",750E,ZR1,1980.0,0,8,1,11,-1800.728 ,-1812.46 ,-1791.39 ,-1813.907 ,-1791.258 ,-1792.332 ,-1788.425 ,-1761.012 ,-1690.143 ,-1590.428 ,-1491.587 ,-1374.756 ,-1277.688 ,-1166.104 ,-1053.899 ,-952.7638 ,-832.8727 ,-718.5707 ,-628.2126 ,-524.9818 ,-407.9542 ,-391.3283 ,-401.0963 ,-332.6865 ,-352.3069 ,-315.762 ,-274.8533 ,-250.3159 ,-209.3907 ,-136.7546 ,-108.5608 ,-88.21533 ,-68.35634 ,-39.95172 ,-33.29603 ,-24.2749 ,-16.28771 ,-7.63893 ,-5.20556 ,3.03473 ,6.48679 ,4.05667 ,5.53858 ,4.43227 ,5.06522 ,2.46128 ,2.26923 ,2.42789 ,1.99428 ,2.83105 ,1.21256 ,1.62218 ,1.91208 ,8.80337 ,38.42353 ,-6.60658 ,-20.72493 ,16.66337 ,18.7335 ,74.2965 ,142.5638 ,268.9175 ,449.2498 ,647.4128 ,901.9854 ,1153.495 ,1375.571 ,1543.77 ,1674.098 ,1747.203 ,1773.849 ,1795.054 ,1805.599 ,1804.082 ,1804.539 ,1805.701 ,1806.216 ,1805.085 ,1803.204 ,1800.609 ,1802.506 ,1800.989 ,1801.552 ,1798.992 ,1801.265 ,1803.763 
0n,11/7/2021,10:23:01 AM,0,="",750E,XR2,1980.0,0,8,1,12,-48.76506 ,-31.08334 ,-23.94581 ,-3.02768 ,2.9304 ,-30.84016 ,8.94928 ,12.47549 ,48.44284 ,69.18263 ,81.75336 ,91.56798 ,146.5485 ,131.629 ,193.3417 ,228.9889 ,180.1975 ,217.5368 ,225.9531 ,220.4773 ,334.917 ,333.9159 ,384.9953 ,200.9602 ,72.77875 ,257.3769 ,225.2345 ,209.7983 ,159.3617 ,181.1958 ,155.877 ,130.3381 ,135.5877 ,85.5989 ,48.70753 ,70.06602 ,64.87787 ,43.20647 ,28.59463 ,37.34653 ,27.72133 ,14.93987 ,6.77928 ,7.66791 ,6.12777 ,0.96793 ,0.09086 ,0.27518 ,4.04776 ,-2.86551 ,-0.71132 ,1.30377 ,-9.55828 ,27.62603 ,126.2343 ,21.08633 ,69.4704 ,-68.69524 ,45.58944 ,67.42068 ,109.308 ,186.2998 ,206.7355 ,180.4679 ,215.6525 ,197.1041 ,207.8264 ,147.1265 ,142.5504 ,109.8863 ,61.00641 ,52.12566 ,45.11958 ,40.23561 ,34.18083 ,25.89148 ,16.97726 ,18.08586 ,22.66527 ,19.37606 ,25.83428 ,19.15313 ,17.83539 ,17.11529 ,18.89427 ,18.83681 
0n,11/7/2021,10:23:01 AM,0,="",750E,YR2,1980.0,0,8,1,12,-8.94928 ,-16.37661 ,4.51112 ,0.31412 ,-4.51517 ,-33.2092 ,3.37219 ,15.17689 ,-1.40846 ,21.91722 ,26.70192 ,43.82634 ,31.56566 ,33.38551 ,34.16371 ,35.50124 ,40.99118 ,31.21912 ,41.42689 ,21.73078 ,54.84676 ,134.2797 ,58.44592 ,3.93828 ,7.10815 ,25.86698 ,32.84471 ,14.82765 ,3.32018 ,29.16723 ,12.47202 ,6.47196 ,9.79759 ,6.8994 ,7.95814 ,-2.37946 ,3.07297 ,-5.9443 ,-3.03814 ,-5.61349 ,-6.16994 ,-5.7285 ,-6.35428 ,-5.45104 ,-4.65614 ,1.94384 ,-1.70425 ,0.03153 ,-0.80927 ,-0.26238 ,0.88427 ,-1.11939 ,-1.45522 ,-3.12901 ,-52.64997 ,-13.64887 ,25.98047 ,-17.90464 ,30.09438 ,30.40126 ,23.93815 ,49.57298 ,29.33189 ,37.67757 ,24.36646 ,34.09601 ,15.68887 ,21.58939 ,11.49687 ,4.21683 ,-0.22875 ,2.78427 ,-2.21608 ,-5.33299 ,-3.42115 ,-4.44545 ,-1.39231 ,-2.12443 ,-0.98128 ,1.7315 ,1.44147 ,1.52835 ,2.16554 ,0.36634 ,2.67143 ,1.39888 
0n,11/7/2021,10:23:01 AM,0,="",750E,ZR2,1980.0,0,8,1,12,-1792.596 ,-1793.702 ,-1798.708 ,-1802.056 ,-1802.384 ,-1798.777 ,-1794.44 ,-1746.378 ,-1656.585 ,-1596.279 ,-1498.157 ,-1392.294 ,-1278.365 ,-1170.398 ,-1061.355 ,-965.9749 ,-862.3368 ,-737.1786 ,-626.5812 ,-514.6545 ,-411.5371 ,-401.5624 ,-401.9373 ,-362.7268 ,-350.7465 ,-286.3121 ,-274.3091 ,-226.5309 ,-187.8737 ,-153.9234 ,-112.4672 ,-84.46548 ,-63.58845 ,-42.19252 ,-28.79084 ,-22.91198 ,-11.38273 ,-2.09239 ,-1.78906 ,2.68962 ,0.63906 ,0.78104 ,1.99003 ,1.39665 ,0.26019 ,0.77956 ,1.5034 ,1.29766 ,-0.35056 ,0.22056 ,1.89789 ,1.70717 ,2.86155 ,3.39651 ,-13.45634 ,-21.03567 ,26.93295 ,6.38366 ,37.42241 ,81.64422 ,155.3514 ,269.0644 ,445.1144 ,667.3165 ,913.7662 ,1156.564 ,1382.551 ,1559.384 ,1682.507 ,1752.344 ,1787.922 ,1797.434 ,1803.007 ,1807.455 ,1808.016 ,1806.137 ,1807.294 ,1806.631 ,1806.404 ,1805.712 ,1806.171 ,1804.174 ,1804.502 ,1803.602 ,1802.784 ,1802.833 
0n,11/7/2021,10:23:19 AM,0,="",750E,XR3,1980.0,0,8,1,13,12.57479 ,13.36109 ,17.87221 ,-8.33118 ,-26.38578 ,-14.72699 ,17.84789 ,34.61563 ,105.3101 ,73.09388 ,130.4576 ,152.0222 ,175.9275 ,211.295 ,217.3787 ,197.1901 ,206.8589 ,252.1747 ,288.5048 ,263.6511 ,297.9607 ,173.9192 ,265.9553 ,270.8697 ,236.1142 ,220.7813 ,197.0017 ,201.8789 ,194.9667 ,179.876 ,151.4997 ,145.1783 ,118.4906 ,78.89017 ,96.20194 ,72.70264 ,58.81775 ,51.93021 ,46.05258 ,45.51528 ,35.63882 ,26.75839 ,22.36249 ,20.35492 ,19.14735 ,15.26091 ,13.47347 ,11.46639 ,10.21688 ,5.19627 ,9.38686 ,5.71804 ,-0.09055 ,14.956 ,30.9658 ,51.64682 ,-22.83931 ,-26.72523 ,29.29592 ,32.5552 ,58.87375 ,125.7935 ,188.9892 ,202.4772 ,186.3492 ,201.8178 ,186.2742 ,160.4897 ,128.5024 ,89.23727 ,71.61034 ,74.53509 ,46.35833 ,39.54035 ,37.41697 ,30.71181 ,26.09679 ,23.41184 ,19.82857 ,19.84434 ,17.80057 ,16.58419 ,15.48122 ,13.58983 ,10.94063 ,10.18341 
0n,11/7/2021,10:23:19 AM,0,="",750E,YR3,1980.0,0,8,1,13,-16.86096 ,-1.4348 ,-23.00548 ,4.43816 ,8.6534 ,-8.82363 ,8.15284 ,-0.81873 ,8.67772 ,19.66774 ,25.67446 ,17.6878 ,3.02565 ,24.35517 ,46.61083 ,-6.86598 ,26.68166 ,27.21464 ,38.7721 ,28.39613 ,52.90937 ,79.33973 ,48.93124 ,30.89825 ,26.67457 ,2.09951 ,7.17401 ,17.90801 ,7.77185 ,17.32074 ,0.35224 ,3.83381 ,-3.38764 ,2.23707 ,-1.24649 ,-6.51527 ,-8.8906 ,-6.78261 ,-13.68046 ,-9.2342 ,-15.01732 ,-15.22798 ,-12.29915 ,-11.49881 ,-10.28976 ,-12.1847 ,-10.62966 ,-8.65533 ,-10.38657 ,-10.79583 ,-8.63496 ,-7.41243 ,-7.98928 ,-22.94063 ,-10.61916 ,-29.74987 ,-44.21273 ,29.16723 ,-14.21833 ,15.26866 ,23.55536 ,38.11617 ,25.63595 ,40.97217 ,28.54551 ,16.26395 ,27.11079 ,16.82542 ,9.00327 ,0.52232 ,-2.60817 ,-7.88221 ,-8.0332 ,-9.31605 ,-11.03664 ,-9.12563 ,-8.3711 ,-6.93228 ,-4.64218 ,-1.94638 ,-0.93903 ,0.03356 ,0.03074 ,1.45485 ,2.84222 ,7.30407 
0n,11/7/2021,10:23:19 AM,0,="",750E,ZR3,1980.0,0,8,1,13,-1807.337 ,-1795.344 ,-1797.461 ,-1805.553 ,-1802.202 ,-1805.389 ,-1786.696 ,-1744.941 ,-1660.415 ,-1586.377 ,-1488.948 ,-1386.133 ,-1274.545 ,-1168.436 ,-1052.924 ,-949.4848 ,-850.6962 ,-740.4718 ,-639.5046 ,-518.4847 ,-448.0152 ,-390.6595 ,-381.2259 ,-371.7788 ,-330.2529 ,-311.4698 ,-275.166 ,-233.9233 ,-187.2455 ,-146.8279 ,-110.486 ,-85.53666 ,-71.18969 ,-45.62939 ,-27.04582 ,-22.35573 ,-9.04356 ,-7.57628 ,-3.41939 ,-0.35405 ,-2.05364 ,1.46721 ,1.09721 ,1.39401 ,2.1973 ,0.04318 ,-1.48206 ,-0.70756 ,-0.12053 ,-1.13651 ,0.23635 ,0.98014 ,2.56374 ,-1.61314 ,38.28167 ,-9.08911 ,42.36181 ,29.78533 ,41.02158 ,90.85058 ,162.5524 ,267.0091 ,449.9984 ,657.2696 ,892.7493 ,1150.157 ,1384.502 ,1555.815 ,1678.202 ,1748.928 ,1783.413 ,1795.18 ,1800.866 ,1802.847 ,1807.025 ,1805.963 ,1806.902 ,1806.604 ,1807.645 ,1806.412 ,1805.579 ,1806.834 ,1807.468 ,1804.897 ,1803.515 ,1803.841 
0n,11/7/2021,10:23:42 AM,0,="",750E,XR4,1980.0,0,8,1,14,-11.31427 ,-19.06788 ,-4.71175 ,-69.54943 ,-31.84127 ,-25.98047 ,16.89338 ,15.89024 ,101.9196 ,21.09241 ,32.25875 ,128.2081 ,126.2525 ,147.2781 ,170.9361 ,188.6219 ,196.0816 ,250.7115 ,192.981 ,230.8837 ,189.8114 ,191.7326 ,219.6991 ,262.0744 ,239.6455 ,235.3847 ,253.5542 ,236.0512 ,187.1746 ,199.3525 ,148.4675 ,115.3198 ,93.23754 ,102.3561 ,69.8383 ,61.10724 ,49.36836 ,36.00359 ,30.81556 ,30.36391 ,14.64392 ,10.18338 ,5.98118 ,0.49044 ,2.8584 ,2.36877 ,0.02125 ,0.69398 ,-0.13321 ,0.9073 ,-0.70453 ,-2.11774 ,-2.73808 ,37.57643 ,25.55489 ,14.74321 ,23.75126 ,22.07428 ,-13.81707 ,41.39099 ,101.7242 ,154.2751 ,170.4576 ,180.6406 ,207.7953 ,186.4658 ,163.4597 ,156.044 ,121.3193 ,109.3203 ,82.09863 ,56.39071 ,45.45321 ,41.03389 ,33.14178 ,23.95443 ,26.08228 ,23.58926 ,21.49663 ,20.90409 ,17.71435 ,19.17009 ,20.60182 ,23.01351 ,21.33586 ,21.74425 
0n,11/7/2021,10:23:42 AM,0,="",750E,YR4,1980.0,0,8,1,14,4.94075 ,12.42685 ,-14.41085 ,-22.07529 ,-6.91462 ,9.11748 ,-15.26403 ,29.5614 ,12.05802 ,4.6854 ,11.85739 ,25.55895 ,28.17928 ,45.74549 ,35.69781 ,23.42295 ,32.69851 ,52.23655 ,27.4558 ,31.73387 ,38.40732 ,109.8394 ,70.43301 ,-13.00375 ,53.12114 ,55.00078 ,27.70015 ,25.02123 ,7.87993 ,-5.76049 ,8.28669 ,7.04663 ,6.80102 ,4.69003 ,2.80725 ,-7.15235 ,-0.31984 ,-6.36895 ,-1.71439 ,-5.68997 ,-4.646 ,-5.8939 ,-5.34633 ,-4.99143 ,-3.60303 ,-3.7848 ,-3.10285 ,-4.25316 ,-2.27176 ,-4.23588 ,-1.91196 ,-1.90232 ,-3.58211 ,13.53741 ,-1.31726 ,-18.03636 ,-1.99278 ,20.93434 ,6.51741 ,14.26407 ,34.96713 ,20.45641 ,35.47109 ,33.61191 ,41.64938 ,25.69566 ,19.58068 ,20.09005 ,12.65387 ,7.66056 ,-0.83129 ,2.88171 ,1.64579 ,-3.69189 ,-2.56813 ,-3.32297 ,-2.35337 ,-0.76192 ,-0.10424 ,-1.64017 ,1.47677 ,0.3344 ,-0.26043 ,2.2622 ,3.40152 ,8.81175 
0n,11/7/2021,10:23:42 AM,0,="",750E,ZR4,1980.0,0,8,1,14,-1828.531 ,-1748.994 ,-1802.177 ,-1773.899 ,-1806.007 ,-1793.054 ,-1772.942 ,-1747.971 ,-1651.642 ,-1588.712 ,-1475.762 ,-1371.017 ,-1282.969 ,-1162.853 ,-1086.346 ,-949.8172 ,-858.7295 ,-732.7485 ,-641.3244 ,-471.3327 ,-402.2758 ,-468.3983 ,-352.388 ,-324.0804 ,-312.3027 ,-286.4053 ,-267.3377 ,-224.9321 ,-171.4214 ,-147.3016 ,-106.1424 ,-104.5096 ,-50.16114 ,-46.32256 ,-31.5984 ,-21.6476 ,-10.55044 ,-10.1104 ,8.34023 ,2.78502 ,2.79164 ,5.33214 ,6.23465 ,2.52643 ,3.42448 ,0.91192 ,2.92 ,3.09813 ,3.21082 ,5.12405 ,4.81206 ,1.68979 ,5.88325 ,0.28777 ,-125.1805 ,-15.78688 ,72.54401 ,37.64331 ,41.09454 ,77.41161 ,175.6057 ,260.5697 ,434.5484 ,673.4628 ,901.5243 ,1157.195 ,1374.056 ,1565.553 ,1672.269 ,1755.164 ,1779.398 ,1799.262 ,1802.41 ,1812.231 ,1808.183 ,1805.171 ,1805.93 ,1803.344 ,1801.446 ,1804.963 ,1799.597 ,1798.015 ,1798.317 ,1801.669 ,1802.717 ,1805.567 
0n,11/7/2021,10:26:41 AM,0,="",800E,XR1,1980.0,0,8,1,15,-27.1964 ,-2.05493 ,-19.60289 ,-33.98132 ,-27.48823 ,-5.72503 ,-10.836 ,47.96254 ,65.14775 ,83.89341 ,109.1646 ,138.8212 ,135.8361 ,168.7677 ,165.9345 ,181.3729 ,189.5379 ,212.4177 ,213.7633 ,226.1598 ,241.2131 ,277.8005 ,244.3218 ,271.7209 ,203.968 ,235.3725 ,239.3133 ,195.1237 ,174.3464 ,167.9332 ,140.2523 ,132.8249 ,97.53384 ,89.48824 ,77.4594 ,68.58127 ,53.20419 ,33.89385 ,33.27518 ,26.06829 ,26.30588 ,14.0592 ,8.52389 ,6.75399 ,7.45927 ,5.7325 ,1.9153 ,2.68826 ,3.28865 ,1.08174 ,1.29176 ,0.03509 ,1.90388 ,13.03887 ,-11.40952 ,59.94558 ,2.31028 ,20.82288 ,29.81066 ,55.21501 ,87.40318 ,158.1222 ,167.989 ,209.0114 ,197.1443 ,195.3514 ,175.8022 ,158.9473 ,125.6606 ,94.03439 ,74.3854 ,58.83227 ,49.1504 ,40.84725 ,33.40209 ,24.85345 ,21.05075 ,23.46249 ,22.49243 ,22.61226 ,17.48844 ,17.32301 ,17.40675 ,17.9754 ,17.41276 ,20.97455 
0n,11/7/2021,10:26:41 AM,0,="",800E,YR1,1980.0,0,8,1,15,-4.05312 ,3.13306 ,-19.85013 ,8.6838 ,0.17428 ,-14.23859 ,31.15832 ,35.80725 ,8.14879 ,14.25075 ,4.49085 ,48.61104 ,31.17454 ,43.26295 ,48.72047 ,28.98991 ,46.55003 ,24.21736 ,33.15043 ,42.81914 ,57.01517 ,-0.14186 ,-24.68347 ,32.9113 ,22.55052 ,27.15182 ,45.46148 ,0.88718 ,7.19259 ,26.38578 ,24.76357 ,7.89344 ,4.36532 ,9.38214 ,11.99161 ,6.85093 ,7.66338 ,-5.90483 ,-1.07537 ,-0.81175 ,-4.63901 ,-4.11362 ,-5.20438 ,-5.99641 ,-4.8947 ,-3.54869 ,-2.87238 ,-2.16307 ,-2.34709 ,-3.63927 ,-4.48409 ,-3.24786 ,-3.17201 ,12.53629 ,4.55976 ,9.22084 ,0.61472 ,-18.58353 ,9.45592 ,-6.61526 ,10.81731 ,25.60218 ,26.54157 ,41.82043 ,32.79984 ,42.39449 ,32.45346 ,21.28478 ,8.32962 ,6.64182 ,-3.10368 ,1.45263 ,-3.94481 ,-2.38156 ,-6.47494 ,-2.89246 ,-2.1775 ,-3.15285 ,-0.25464 ,1.3736 ,0.38768 ,0.04074 ,0.60469 ,-0.03161 ,0.67675 ,5.05892 
0n,11/7/2021,10:26:41 AM,0,="",800E,ZR1,1980.0,0,8,1,15,-1805.718 ,-1800.967 ,-1813.224 ,-1816.854 ,-1808.642 ,-1812.898 ,-1791.603 ,-1756.446 ,-1668.54 ,-1578.883 ,-1496.925 ,-1397.194 ,-1276.926 ,-1188.438 ,-1073.741 ,-960.7788 ,-846.3108 ,-729.579 ,-628.1012 ,-508.4127 ,-464.3735 ,-400.1033 ,-417.8154 ,-370.0629 ,-361.9128 ,-282.1495 ,-271.7903 ,-216.7966 ,-190.2465 ,-156.0956 ,-104.5376 ,-85.34269 ,-49.05803 ,-34.88409 ,-28.22714 ,-16.55092 ,-10.31077 ,-3.94967 ,1.74584 ,2.0174 ,5.8631 ,6.21658 ,2.19325 ,2.33758 ,1.08674 ,3.3507 ,1.85441 ,0.3016 ,3.93255 ,1.44729 ,1.63779 ,0.2427 ,0.15105 ,12.65788 ,89.00641 ,29.33442 ,10.7948 ,16.44045 ,34.87706 ,112.0773 ,157.5063 ,278.3578 ,454.5759 ,659.1746 ,918.9549 ,1152.194 ,1386.053 ,1566.807 ,1692.471 ,1757.365 ,1792.24 ,1800.934 ,1811.973 ,1818.439 ,1815.116 ,1813.923 ,1815.856 ,1812.956 ,1812.429 ,1812.651 ,1810.929 ,1810.014 ,1811.569 ,1809.752 ,1810.157 ,1809.267 
0n,11/7/2021,10:26:57 AM,0,="",800E,XR2,1980.0,0,8,1,16,-14.15551 ,-34.92164 ,-12.38429 ,-11.59799 ,-5.85878 ,-29.48236 ,-13.55362 ,12.38227 ,48.94339 ,90.37637 ,118.9914 ,127.7197 ,133.8116 ,164.1269 ,167.3937 ,194.505 ,214.1301 ,222.6984 ,236.2075 ,242.7168 ,250.0934 ,225.333 ,231.058 ,284.4611 ,200.8623 ,206.0928 ,226.8905 ,212.4148 ,148.594 ,166.3867 ,147.6753 ,126.5687 ,117.3749 ,78.37154 ,68.83344 ,49.0378 ,59.50432 ,43.46119 ,29.87076 ,21.35069 ,20.35235 ,13.79512 ,6.93948 ,6.26321 ,8.67009 ,5.89801 ,5.26758 ,4.24465 ,5.70851 ,6.75782 ,4.6549 ,6.07235 ,5.66116 ,22.7704 ,35.07971 ,-11.25753 ,5.76893 ,11.51591 ,37.50753 ,49.55513 ,112.501 ,156.3979 ,166.3158 ,197.8461 ,201.3262 ,204.1746 ,184.6359 ,159.8171 ,131.5243 ,102.5727 ,73.97532 ,63.25076 ,52.31814 ,46.39769 ,32.51294 ,27.84073 ,26.88335 ,28.11709 ,25.88214 ,24.92358 ,24.00034 ,21.59063 ,18.75706 ,19.72264 ,20.59354 ,19.51889 
0n,11/7/2021,10:26:57 AM,0,="",800E,YR2,1980.0,0,8,1,16,-24.15454 ,8.97157 ,-10.50365 ,-12.73894 ,-15.9328 ,-2.64871 ,0.9079 ,-6.37555 ,19.35768 ,24.82331 ,24.42813 ,36.18621 ,27.9746 ,42.15443 ,40.91215 ,36.99076 ,52.19399 ,47.27351 ,55.78911 ,45.93396 ,34.56497 ,36.5591 ,4.80294 ,47.67139 ,4.85867 ,2.33865 ,37.0918 ,25.14508 ,12.66767 ,18.86345 ,17.76519 ,22.82049 ,7.39201 ,1.80488 ,1.29107 ,4.56884 ,-1.47128 ,-0.43975 ,-1.45683 ,-0.26038 ,-2.03151 ,-4.62838 ,-5.50733 ,-4.61337 ,-5.2019 ,-3.95396 ,-2.80135 ,-3.87069 ,-1.38909 ,-0.67427 ,-1.56449 ,1.54854 ,-0.0044 ,11.3852 ,-43.26701 ,1.47939 ,13.62522 ,1.21087 ,11.74998 ,36.0322 ,39.25217 ,18.56833 ,24.1325 ,33.28573 ,43.61876 ,20.05416 ,20.4186 ,19.14099 ,14.5006 ,14.48196 ,2.15835 ,6.66757 ,2.79582 ,-0.60442 ,0.32218 ,-1.03319 ,-0.86118 ,-1.73039 ,0.95301 ,0.18812 ,2.22409 ,2.4484 ,2.30228 ,3.34601 ,5.02867 ,6.26862 
0n,11/7/2021,10:26:57 AM,0,="",800E,ZR2,1980.0,0,8,1,16,-1805.521 ,-1810.324 ,-1811.266 ,-1833.556 ,-1818.388 ,-1800.536 ,-1802.102 ,-1746.465 ,-1656.37 ,-1599.248 ,-1498.83 ,-1398.258 ,-1302.041 ,-1168.785 ,-1067.724 ,-960.7322 ,-854.2022 ,-752.24 ,-602.7469 ,-512.7069 ,-412.7693 ,-444.0593 ,-396.3339 ,-310.9077 ,-349.794 ,-296.1125 ,-278.0611 ,-216.4904 ,-165.5951 ,-150.2503 ,-117.6899 ,-90.74998 ,-74.62114 ,-50.54731 ,-36.21583 ,-19.55791 ,-8.38995 ,-5.91954 ,-4.60588 ,6.57596 ,3.50886 ,6.33754 ,5.74992 ,4.24399 ,4.06059 ,3.79106 ,2.71447 ,0.97172 ,3.17128 ,3.91877 ,1.4349 ,3.83815 ,1.08441 ,17.8945 ,-2.5332 ,27.1964 ,0.65525 ,23.72592 ,18.62407 ,87.64573 ,168.7425 ,279.6903 ,455.2713 ,664.956 ,912.2369 ,1156.407 ,1382.545 ,1573.281 ,1687.113 ,1763.25 ,1791.224 ,1806.77 ,1810.144 ,1815.621 ,1817.393 ,1812.594 ,1813.531 ,1814.731 ,1813.817 ,1812.644 ,1813.545 ,1811.528 ,1809.536 ,1808.162 ,1808.938 ,1808.996 
0n,11/7/2021,10:27:20 AM,0,="",800E,XR3,1980.0,0,8,1,17,-29.36279 ,-9.31001 ,-41.73088 ,-18.42344 ,-36.97049 ,-9.32014 ,11.79862 ,44.83556 ,47.85311 ,106.0153 ,122.5865 ,107.7642 ,144.6253 ,165.1969 ,169.3452 ,193.1735 ,182.0051 ,236.252 ,216.7748 ,244.1759 ,227.3555 ,305.7468 ,277.0608 ,263.7227 ,242.4523 ,283.8761 ,232.6922 ,193.3314 ,186.7456 ,161.4938 ,125.1834 ,111.562 ,104.5381 ,88.38397 ,76.93748 ,60.02478 ,51.68251 ,32.91858 ,28.25151 ,26.4116 ,11.35332 ,11.43559 ,8.9763 ,5.05071 ,4.55711 ,3.26527 ,4.80693 ,3.59835 ,0.92935 ,3.31636 ,4.60835 ,1.66565 ,0.57114 ,21.63553 ,-17.44866 ,-57.12866 ,32.73566 ,12.59506 ,62.01267 ,14.64622 ,90.05347 ,135.3876 ,172.4385 ,192.5268 ,232.8812 ,208.191 ,186.9177 ,156.3502 ,126.61 ,96.68689 ,76.71965 ,55.02563 ,50.44793 ,46.86409 ,35.21494 ,31.45593 ,23.96878 ,23.12018 ,21.42876 ,22.64137 ,18.82614 ,17.82348 ,23.06929 ,21.74414 ,20.10866 ,22.89227 
0n,11/7/2021,10:27:20 AM,0,="",800E,YR3,1980.0,0,8,1,17,-15.27822 ,-2.11775 ,-11.9425 ,12.25865 ,-17.20345 ,-6.27422 ,29.89173 ,-8.12852 ,24.80912 ,-9.63426 ,2.84934 ,11.54125 ,38.03849 ,17.14265 ,31.41367 ,43.9074 ,32.99236 ,37.03737 ,15.75446 ,14.82224 ,27.08292 ,18.86725 ,38.07902 ,69.17317 ,-1.8999 ,72.55887 ,41.06385 ,19.31985 ,18.52105 ,23.07363 ,23.01687 ,-1.55394 ,7.06064 ,0.20142 ,10.73982 ,1.61915 ,-6.67989 ,-3.25587 ,-1.91565 ,-5.08066 ,-6.2577 ,-6.89392 ,-3.31023 ,-4.19257 ,-1.0462 ,-2.58712 ,-2.27401 ,-3.18013 ,-2.12802 ,-3.05568 ,-3.4759 ,-2.31164 ,-0.12308 ,16.88528 ,-39.59894 ,4.74215 ,7.0254 ,-6.59138 ,34.73925 ,-12.16224 ,39.84438 ,37.06236 ,21.84123 ,39.15309 ,42.798 ,30.04071 ,18.95328 ,24.22017 ,18.83254 ,9.66668 ,2.58565 ,-1.14256 ,2.43307 ,-2.17348 ,-0.51616 ,-1.43303 ,-2.7803 ,0.28553 ,0.42411 ,0.51876 ,1.26452 ,2.75533 ,4.24232 ,4.87067 ,4.10753 ,5.06985 
0n,11/7/2021,10:27:20 AM,0,="",800E,ZR3,1980.0,0,8,1,17,-1810.322 ,-1817.129 ,-1810.079 ,-1808.881 ,-1819.756 ,-1795.279 ,-1793.71 ,-1742.923 ,-1668.325 ,-1585.346 ,-1496.895 ,-1390.038 ,-1286.019 ,-1179.084 ,-1061.006 ,-959.415 ,-846.4668 ,-728.0287 ,-622.8625 ,-516.7844 ,-449.0933 ,-448.8217 ,-398.3908 ,-370.7182 ,-331.9653 ,-284.2126 ,-276.0229 ,-221.7685 ,-188.9123 ,-151.7347 ,-118.2651 ,-94.89791 ,-58.53849 ,-44.2228 ,-30.87352 ,-17.28607 ,-10.54409 ,-3.73549 ,3.89628 ,2.68954 ,4.86182 ,6.05826 ,6.61786 ,4.85759 ,5.80599 ,5.90272 ,4.24182 ,4.40451 ,3.9947 ,2.6027 ,1.49054 ,2.77478 ,2.49934 ,-5.44333 ,21.70443 ,18.34035 ,-3.05335 ,33.16968 ,39.68811 ,90.40474 ,177.9025 ,283.4107 ,450.1276 ,673.0796 ,906.839 ,1164.132 ,1387.408 ,1569.839 ,1694.591 ,1757.693 ,1789.073 ,1808.068 ,1811.31 ,1814.83 ,1815.307 ,1812.952 ,1811.453 ,1810.401 ,1810.353 ,1810.699 ,1810.508 ,1809.765 ,1809.122 ,1808.67 ,1807.043 ,1807.441 
