800n,10/16/21,2:07:48 PM,0,="",50E,XR1,1980.0,0,32,1,1,471.546 ,459.603 ,458.5553 ,460.4319 ,453.9124 ,461.8054 ,650.5225 ,622.0124 ,541.8904 ,481.9615 ,410.0334 ,365.7222 ,305.577 ,259.903 ,207.7769 ,149.6329 ,105.4408 ,60.32252 ,26.45823 ,-19.72094 ,-107.062 ,-151.8702 ,-197.0574 ,-205.6399 ,-247.197 ,-239.5128 ,-224.054 ,-219.8686 ,-196.6331 ,-174.1766 ,-158.5053 ,-145.9496 ,-133.1902 ,-118.8209 ,-101.7912 ,-85.68367 ,-71.26584 ,-56.82229 ,-45.85079 ,-35.36302 ,-27.24665 ,-19.57223 ,-14.14322 ,-5.8437 ,-3.61261 ,-3.89678 ,0.45961 ,1.63356 ,-11.4693 ,4.40067 ,23.43207 ,50.53475 ,174.3515 ,303.3998 ,334.2158 ,271.4292 ,134.3157 ,-21.64448 ,-167.2217 ,-296.7361 ,-411.3947 ,-496.3071 ,-550.1966 ,-569.9739 ,-570.0053 ,-556.0391 ,-534.378 ,-516.822 ,-502.338 ,-491.7526 ,-478.4538 ,-463.9203 ,-458.6913 ,-461.403 ,-456.8125 ,-451.1596 ,-454.0822 ,-456.6267 
800n,10/16/21,2:07:48 PM,0,="",50E,YR1,1980.0,0,32,1,1,-1590.621 ,-1577.898 ,-1580.1 ,-1571.414 ,-1587.694 ,-1570.914 ,-1328.168 ,-1171.804 ,-1081.645 ,-970.3229 ,-861.9745 ,-754.5508 ,-648.1144 ,-543.581 ,-434.3455 ,-344.1034 ,-253.4717 ,-142.0627 ,-41.72024 ,56.67015 ,58.72356 ,43.9307 ,12.05295 ,-37.62811 ,-28.66819 ,-34.97839 ,-44.46268 ,-35.79858 ,-20.86088 ,-22.30607 ,-15.19629 ,-7.64483 ,-3.40571 ,-3.15244 ,7.57644 ,8.03093 ,13.77729 ,14.93384 ,18.58388 ,18.01219 ,17.78944 ,19.10295 ,15.99361 ,8.49334 ,3.39323 ,2.46123 ,-2.0115 ,-3.89611 ,-2.45366 ,6.38872 ,47.35559 ,101.908 ,206.0351 ,395.9286 ,541.7475 ,645.0642 ,745.8346 ,841.6889 ,960.6422 ,1093.978 ,1218.454 ,1340.836 ,1442.087 ,1515.149 ,1557.402 ,1579.897 ,1592.932 ,1599.193 ,1602.49 ,1602.543 ,1600.092 ,1590.329 ,1580.071 ,1586.622 ,1583.976 ,1576.563 ,1578.309 ,1579.016 
800n,10/16/21,2:07:48 PM,0,="",50E,ZR1,1980.0,0,32,1,1,29490.17 ,29493.08 ,29510.34 ,29481.94 ,29506.4 ,29485 ,28697.92 ,26709.92 ,24728.31 ,22703.82 ,20690.55 ,18654.92 ,16638.44 ,14627.48 ,12644.34 ,10691.29 ,8772.824 ,6857.991 ,4981.997 ,3130.987 ,1873.354 ,1577.645 ,1462.007 ,1334.044 ,1183.871 ,1058.832 ,987.2897 ,882.0407 ,831.8673 ,731.4705 ,663.0793 ,586.2328 ,509.4974 ,451.923 ,395.06 ,327.1929 ,283.4843 ,232.4778 ,197.7618 ,162.4896 ,138.4291 ,102.7596 ,70.76392 ,46.16262 ,29.55104 ,23.64978 ,13.7404 ,9.31228 ,14.36019 ,31.20696 ,-28.77712 ,-68.40392 ,-365.9929 ,-1193.437 ,-2489.557 ,-4411.357 ,-6873.212 ,-9794.979 ,-13117.52 ,-16652.13 ,-20129.53 ,-23239.63 ,-25706.95 ,-27402.78 ,-28409.32 ,-28909.95 ,-29148.83 ,-29264.79 ,-29316.58 ,-29360.54 ,-29408.86 ,-29453.37 ,-29477.81 ,-29478.61 ,-29488.04 ,-29503.93 ,-29502.94 ,-29500.09 
800n,10/16/21,2:08:28 PM,0,="",50E,XR2,1980.0,0,32,1,2,461.8383 ,450.3457 ,451.4841 ,451.2612 ,449.302 ,461.8895 ,655.3133 ,627.786 ,543.2092 ,482.6587 ,416.6876 ,355.8387 ,303.5378 ,258.3993 ,201.3735 ,152.1813 ,119.5659 ,73.58431 ,20.26304 ,-16.24995 ,-100.8395 ,-161.7548 ,-186.7676 ,-211.983 ,-243.7835 ,-240.5504 ,-220.5459 ,-219.7655 ,-190.4301 ,-174.7498 ,-164.7818 ,-145.8141 ,-126.4939 ,-115.0909 ,-101.5326 ,-82.44468 ,-66.69331 ,-56.37721 ,-41.56769 ,-32.89572 ,-26.60605 ,-17.11097 ,-10.13783 ,-4.51815 ,-1.04483 ,-3.47929 ,-1.81555 ,0.38396 ,7.34577 ,4.34595 ,20.97487 ,61.75935 ,185.3118 ,287.2101 ,326.5757 ,273.2589 ,140.2209 ,-7.08831 ,-166.7939 ,-295.9664 ,-405.2209 ,-489.0657 ,-546.2521 ,-564.4724 ,-564.4732 ,-545.0093 ,-529.3557 ,-511.4501 ,-496.2072 ,-486.7099 ,-471.3716 ,-462.3829 ,-457.8326 ,-456.4447 ,-454.0713 ,-452.4514 ,-452.4977 ,-453.3526 
800n,10/16/21,2:08:28 PM,0,="",50E,YR2,1980.0,0,32,1,2,-1593.349 ,-1594.033 ,-1586.398 ,-1579.854 ,-1594.518 ,-1572.487 ,-1324.852 ,-1170.165 ,-1085.394 ,-971.356 ,-871.1726 ,-762.5004 ,-656.167 ,-553.5877 ,-449.6476 ,-339.5239 ,-248.3628 ,-140.8594 ,-38.97425 ,41.23792 ,43.69461 ,25.76768 ,-4.44323 ,-17.10077 ,-20.49736 ,-48.38812 ,-41.17531 ,-38.57609 ,-31.89295 ,-25.45388 ,-12.7304 ,-6.91255 ,-5.7457 ,3.51949 ,3.26759 ,4.954 ,9.42517 ,13.08428 ,13.28389 ,14.83632 ,16.44038 ,13.42562 ,10.50822 ,6.55302 ,6.7108 ,6.97013 ,4.11581 ,3.10262 ,6.91968 ,6.63698 ,76.07191 ,102.1056 ,228.1972 ,386.5443 ,539.1819 ,643.1925 ,753.8446 ,848.3496 ,963.6738 ,1098.576 ,1222.914 ,1347.465 ,1446.654 ,1514.794 ,1559.584 ,1581.402 ,1595.434 ,1601.569 ,1602.937 ,1604.03 ,1600.205 ,1596.178 ,1592.491 ,1590.03 ,1587.699 ,1586.261 ,1585.841 ,1582.715 
800n,10/16/21,2:08:28 PM,0,="",50E,ZR2,1980.0,0,32,1,2,29488.18 ,29492.51 ,29487.79 ,29490.86 ,29490.5 ,29489.72 ,28715.68 ,26725.87 ,24725.45 ,22698.75 ,20699.47 ,18668.22 ,16642.21 ,14638.79 ,12652 ,10684.93 ,8766.537 ,6864.807 ,4992.454 ,3131.266 ,1894.75 ,1590.245 ,1445.946 ,1323.621 ,1170.823 ,1080.758 ,982.2197 ,897.9401 ,804.9643 ,741.0732 ,653.1082 ,584.0081 ,519.7387 ,447.3677 ,392.6661 ,332.2044 ,280.4101 ,229.2743 ,191.2247 ,165.1578 ,136.8818 ,97.29625 ,63.76135 ,44.6849 ,33.24942 ,28.78666 ,23.31409 ,17.44879 ,24.46359 ,33.93268 ,21.0914 ,-72.61156 ,-362.004 ,-1146.783 ,-2493.298 ,-4414.359 ,-6882.713 ,-9798.846 ,-13106.23 ,-16643.06 ,-20124.37 ,-23237.67 ,-25695.88 ,-27402.21 ,-28399.19 ,-28905.99 ,-29142.11 ,-29259.97 ,-29315.17 ,-29356.77 ,-29406.61 ,-29443.89 ,-29462.25 ,-29474.58 ,-29483.23 ,-29490.09 ,-29496.79 ,-29498.89 
800n,10/16/21,2:08:51 PM,0,="",50E,XR3,1980.0,0,32,3,3,446.2657 ,450.2545 ,451.9163 ,447.8307 ,458.3384 ,461.9027 ,640.3679 ,616.986 ,534.8005 ,464.8538 ,418.9173 ,351.0935 ,308.7162 ,248.6019 ,210.1186 ,153.1738 ,113.4624 ,61.2066 ,24.49855 ,-28.62259 ,-90.13723 ,-169.3797 ,-206.0807 ,-234.135 ,-241.8811 ,-247.9017 ,-238.6424 ,-221.3834 ,-195.2643 ,-187.0639 ,-164.3661 ,-150.067 ,-134.2585 ,-118.3213 ,-102.6733 ,-87.52039 ,-72.69694 ,-59.27284 ,-48.92143 ,-37.00922 ,-26.97309 ,-14.54952 ,-6.77917 ,-6.15486 ,-5.82237 ,-1.54811 ,0.08302 ,-3.26136 ,-0.07701 ,6.21849 ,9.58562 ,59.49973 ,174.4647 ,296.6007 ,330.3877 ,266.4315 ,136.5675 ,-20.67553 ,-173.1133 ,-297.0174 ,-408.161 ,-494.4923 ,-546.1566 ,-567.3906 ,-565.9805 ,-547.6665 ,-525.2667 ,-511.1963 ,-494.894 ,-483.2339 ,-468.8685 ,-461.096 ,-459.4871 ,-455.2134 ,-452.82 ,-454.0763 ,-453.4892 ,-451.1667 
800n,10/16/21,2:08:51 PM,0,="",50E,YR3,1980.0,0,32,3,3,-1586.416 ,-1585.398 ,-1587.378 ,-1587.035 ,-1571.574 ,-1574.327 ,-1325.194 ,-1182.318 ,-1079.413 ,-972.507 ,-863.497 ,-759.259 ,-652.1635 ,-542.0059 ,-440.8736 ,-350.1932 ,-244.4003 ,-134.7063 ,-48.01574 ,47.80346 ,58.34764 ,33.09875 ,9.22844 ,-29.98461 ,-37.31146 ,-42.30743 ,-40.41752 ,-43.87047 ,-33.56317 ,-22.23292 ,-8.52312 ,-7.6973 ,-2.39531 ,0.3075 ,2.9615 ,7.81523 ,13.60952 ,13.49972 ,14.14323 ,13.97863 ,13.14472 ,7.42216 ,6.88161 ,9.39851 ,5.4682 ,1.24756 ,2.27709 ,2.2873 ,1.97893 ,2.75612 ,32.13614 ,77.91608 ,218.8497 ,393.7589 ,531.4242 ,645.6374 ,748.7382 ,841.7079 ,958.2983 ,1090.337 ,1218.771 ,1341.027 ,1444.4 ,1517.372 ,1561.058 ,1585.349 ,1599.336 ,1601.233 ,1601.669 ,1600.385 ,1600.312 ,1600.617 ,1596.456 ,1591.949 ,1590.596 ,1592.031 ,1584.944 ,1583.807 
800n,10/16/21,2:08:51 PM,0,="",50E,ZR3,1980.0,0,32,3,3,29499.92 ,29499.46 ,29492.32 ,29503.41 ,29474.88 ,29481.82 ,28708.95 ,26711.77 ,24730.48 ,22716.15 ,20697.69 ,18675.5 ,16643.37 ,14640.12 ,12672.14 ,10694.17 ,8770.944 ,6862.998 ,5003.567 ,3155.371 ,1924.416 ,1602.024 ,1448.122 ,1354.713 ,1202.91 ,1073.83 ,973.3788 ,865.8738 ,814.4018 ,749.364 ,664.7898 ,588.3414 ,515.3527 ,453.8406 ,388.2707 ,326.9733 ,275.7178 ,232.5817 ,191.6084 ,160.9407 ,133.2558 ,91.57572 ,59.59532 ,47.5273 ,34.41399 ,22.38117 ,21.56728 ,21.16887 ,18.01964 ,20.49863 ,41.51403 ,-3.89859 ,-353.9147 ,-1150.213 ,-2490.312 ,-4409.349 ,-6869.814 ,-9795.985 ,-13103.41 ,-16652.39 ,-20126.15 ,-23233.82 ,-25702.59 ,-27402.29 ,-28409.33 ,-28915.97 ,-29147.69 ,-29262.81 ,-29326.08 ,-29363.4 ,-29410.22 ,-29442.25 ,-29461.62 ,-29476.84 ,-29482.79 ,-29486.08 ,-29498.42 ,-29501.33 
800n,10/16/21,2:09:04 PM,0,="",50E,XR4,1980.0,0,32,3,4,449.3415 ,450.7383 ,460.2951 ,459.2002 ,459.3391 ,457.5 ,646.8732 ,625.4915 ,548.1053 ,475.5713 ,421.0158 ,359.2702 ,311.758 ,263.526 ,208.9498 ,162.458 ,119.2969 ,72.42765 ,28.15294 ,-12.79417 ,-88.6163 ,-148.8557 ,-189.1969 ,-216.6779 ,-230.2765 ,-244.6126 ,-225.5428 ,-207.6411 ,-201.9925 ,-177.6411 ,-158.8739 ,-143.8069 ,-135.8398 ,-118.6368 ,-99.47842 ,-82.61653 ,-70.01127 ,-55.9261 ,-42.23938 ,-33.65761 ,-25.66102 ,-17.17076 ,-7.7707 ,-5.43327 ,-2.06029 ,0.18944 ,-0.84076 ,-0.2123 ,5.69108 ,12.26169 ,23.52833 ,74.438 ,176.1805 ,293.7521 ,338.1879 ,263.3678 ,138.6576 ,-17.18605 ,-163.5733 ,-302.6259 ,-403.9843 ,-493.6099 ,-542.625 ,-565.4403 ,-562.953 ,-546.4812 ,-528.0864 ,-513.611 ,-497.2424 ,-486.6414 ,-474.1141 ,-467.4566 ,-462.7726 ,-459.8626 ,-458.1708 ,-457.2334 ,-457.238 ,-457.6034 
800n,10/16/21,2:09:04 PM,0,="",50E,YR4,1980.0,0,32,3,4,-1579.129 ,-1584.013 ,-1586.568 ,-1580.471 ,-1580.516 ,-1575.779 ,-1330.969 ,-1172.652 ,-1078.817 ,-978.2741 ,-866.0373 ,-759.189 ,-654.8806 ,-552.7401 ,-442.7036 ,-341.286 ,-245.2839 ,-145.7024 ,-43.99809 ,52.49595 ,63.80516 ,23.12809 ,2.87011 ,-18.83179 ,-13.37401 ,-43.49702 ,-35.86645 ,-34.12554 ,-32.56172 ,-30.81666 ,-15.40763 ,-9.77633 ,-5.60234 ,-0.13276 ,5.79518 ,5.88022 ,10.56352 ,14.95487 ,17.15334 ,18.10277 ,17.14992 ,15.41659 ,10.8212 ,0.38354 ,0.03821 ,0.96659 ,-2.01271 ,-1.33903 ,-3.33977 ,8.59058 ,54.5904 ,87.06598 ,203.8937 ,384.6584 ,532.8692 ,647.7052 ,742.6067 ,846.2647 ,960.3357 ,1090.338 ,1221.056 ,1340.486 ,1441.977 ,1516.202 ,1560.984 ,1581.247 ,1591.267 ,1597.914 ,1599.386 ,1600.794 ,1597.527 ,1591.312 ,1588.8 ,1589.186 ,1584.533 ,1583.546 ,1586.879 ,1586.355 
800n,10/16/21,2:09:04 PM,0,="",50E,ZR4,1980.0,0,32,3,4,29487.53 ,29492.28 ,29514.22 ,29484.32 ,29483.25 ,29492.97 ,28718.88 ,26696.18 ,24739.57 ,22709.65 ,20700.86 ,18647.94 ,16624.86 ,14643.13 ,12652.24 ,10685.29 ,8765.003 ,6861.805 ,5013.154 ,3165.588 ,1898.329 ,1608.93 ,1450.162 ,1317.843 ,1195.936 ,1079.678 ,991.6569 ,904.4094 ,802.999 ,742.0482 ,679.4305 ,581.9262 ,527.3374 ,452.1813 ,392.7301 ,331.3612 ,280.5154 ,237.2782 ,197.2406 ,165.788 ,138.7756 ,100.8663 ,63.34362 ,37.96878 ,27.18248 ,22.13249 ,15.08277 ,13.61733 ,9.27961 ,27.05049 ,-2.23428 ,-90.66059 ,-375.9552 ,-1170.364 ,-2485.304 ,-4394.001 ,-6880.277 ,-9786.405 ,-13118.11 ,-16654.59 ,-20124.84 ,-23245.23 ,-25704.56 ,-27402.24 ,-28410.73 ,-28916.93 ,-29151.34 ,-29269.44 ,-29323.04 ,-29367.6 ,-29411.97 ,-29449.36 ,-29470.02 ,-29480.44 ,-29489.78 ,-29493.86 ,-29498.24 ,-29504.37 
800n,10/16/21,2:09:17 PM,0,="",50E,XR5,1980.0,0,32,3,5,453.9986 ,453.8476 ,450.9106 ,452.1732 ,443.3982 ,455.0676 ,641.6847 ,623.8418 ,536.5347 ,468.3729 ,411.0624 ,350.3366 ,301.1627 ,257.6743 ,210.4479 ,156.5465 ,111.2727 ,59.93696 ,27.11129 ,-22.06719 ,-104.8906 ,-189.8783 ,-192.8903 ,-230.3943 ,-247.411 ,-249.5442 ,-234.079 ,-216.0699 ,-194.4643 ,-185.1501 ,-170.0386 ,-150.8984 ,-136.9229 ,-119.778 ,-104.2118 ,-90.70278 ,-74.50335 ,-59.24042 ,-46.04097 ,-34.8147 ,-26.43278 ,-15.19672 ,-5.8005 ,-4.51216 ,-3.44581 ,1.16279 ,0.44115 ,-0.66881 ,9.81969 ,1.94448 ,23.17369 ,67.92008 ,175.0828 ,293.7115 ,338.6196 ,271.6535 ,136.4678 ,-14.88042 ,-156.834 ,-297.2449 ,-404.0558 ,-491.4142 ,-543.7948 ,-563.0589 ,-563.0547 ,-546.4692 ,-529.1565 ,-510.7668 ,-495.4244 ,-483.2688 ,-470.7414 ,-465.0059 ,-462.1901 ,-457.6522 ,-456.489 ,-457.9166 ,-453.8545 ,-452.051 
800n,10/16/21,2:09:17 PM,0,="",50E,YR5,1980.0,0,32,3,5,-1582.525 ,-1585.879 ,-1586.015 ,-1587.224 ,-1587.868 ,-1572.206 ,-1338.02 ,-1181.226 ,-1086.906 ,-968.1727 ,-866.8808 ,-764.9511 ,-655.7804 ,-547.9554 ,-448.1976 ,-351.1082 ,-240.0442 ,-145.8463 ,-38.91852 ,55.46891 ,58.45504 ,8.09103 ,-5.84409 ,-18.91454 ,-29.58268 ,-39.65264 ,-44.20212 ,-29.58831 ,-27.11956 ,-24.17747 ,-10.2995 ,-8.4189 ,-7.30191 ,2.15311 ,-0.84406 ,7.11322 ,10.16019 ,13.14988 ,14.2034 ,15.87114 ,14.02553 ,12.31367 ,9.65045 ,10.83738 ,3.37689 ,2.18696 ,3.31957 ,3.09386 ,-1.16679 ,13.15945 ,5.6085 ,86.41495 ,209.6153 ,393.84 ,531.2763 ,644.6147 ,747.6208 ,844.592 ,961.7159 ,1085.056 ,1223.298 ,1338.722 ,1447.258 ,1516.018 ,1559.274 ,1583.433 ,1595.054 ,1600.802 ,1602.641 ,1603.208 ,1603.262 ,1600.851 ,1594.805 ,1590.167 ,1591.15 ,1587.264 ,1584.8 ,1585.547 
800n,10/16/21,2:09:17 PM,0,="",50E,ZR5,1980.0,0,32,3,5,29494.29 ,29507.16 ,29512.27 ,29489.64 ,29493.87 ,29503.54 ,28709.76 ,26701.16 ,24752.65 ,22704.78 ,20709.64 ,18683.88 ,16632.39 ,14658.73 ,12656.49 ,10713.63 ,8760.13 ,6883.798 ,5000.067 ,3144.471 ,1903.074 ,1565.364 ,1469.432 ,1327.853 ,1180.314 ,1082.1 ,978.6385 ,894.7725 ,805.3405 ,740.8699 ,675.8534 ,563.6532 ,519.2756 ,454.7307 ,385.7927 ,331.7782 ,281.0093 ,232.5282 ,190.6993 ,159.9242 ,134.6271 ,95.02408 ,62.11957 ,46.23054 ,29.29927 ,25.58954 ,21.80123 ,19.14616 ,20.79046 ,15.63692 ,-4.53442 ,-60.38889 ,-312.6776 ,-1156.279 ,-2474.203 ,-4388.412 ,-6886.364 ,-9775.256 ,-13087.32 ,-16645.68 ,-20111.97 ,-23233.93 ,-25710.31 ,-27405.3 ,-28408.94 ,-28909.3 ,-29149.78 ,-29257.36 ,-29325.54 ,-29363.06 ,-29407.61 ,-29443.4 ,-29465.06 ,-29479.72 ,-29481.2 ,-29491.07 ,-29499.44 ,-29497.4 
800n,10/16/21,2:09:38 PM,0,="",50E,XR6,1980.0,0,32,3,6,379.7744 ,394.3985 ,407.1446 ,403.6487 ,405.5897 ,401.0608 ,585.9918 ,567.7447 ,485.6119 ,419.692 ,360.7992 ,300.4706 ,246.9052 ,198.2465 ,156.2831 ,102.4369 ,64.08533 ,17.1006 ,-29.24373 ,-69.90813 ,-154.4885 ,-223.5698 ,-241.2693 ,-288.9213 ,-285.9359 ,-293.1071 ,-291.5493 ,-266.1112 ,-259.2643 ,-235.5788 ,-222.0072 ,-210.2554 ,-190.0858 ,-167.3118 ,-160.9639 ,-135.3076 ,-120.5147 ,-105.2446 ,-90.0032 ,-77.50465 ,-62.07337 ,-27.21692 ,37.79193 ,88.74046 ,79.00567 ,51.25643 ,55.9854 ,75.60429 ,75.88192 ,71.42501 ,95.58259 ,151.318 ,252.9499 ,368.7081 ,401.1267 ,344.3838 ,211.1544 ,58.41046 ,-83.41881 ,-217.9787 ,-331.9521 ,-418.4072 ,-472.7471 ,-488.6958 ,-490.3005 ,-475.1103 ,-454.7691 ,-440.0184 ,-426.4082 ,-420.8356 ,-415.4164 ,-405.1769 ,-393.5315 ,-391.0547 ,-392.7233 ,-391.3799 ,-391.8571 ,-395.8731 
800n,10/16/21,2:09:38 PM,0,="",50E,YR6,1980.0,0,32,3,6,-1580.864 ,-1582.257 ,-1579.769 ,-1577.658 ,-1578.191 ,-1568.859 ,-1336.247 ,-1165.135 ,-1080.86 ,-975.0428 ,-869.0178 ,-752.354 ,-653.7695 ,-551.9071 ,-452.5405 ,-347.5668 ,-247.2355 ,-140.4607 ,-36.47804 ,55.9943 ,47.45793 ,20.19971 ,-1.50472 ,-18.54131 ,-36.55403 ,-59.21906 ,-44.16593 ,-33.26651 ,-24.8342 ,-24.35321 ,-10.78346 ,-10.5267 ,2.04518 ,1.88304 ,2.86064 ,8.82642 ,13.74808 ,13.00527 ,11.72785 ,11.21503 ,9.71663 ,-4.84988 ,-14.24071 ,-6.20375 ,-1.59085 ,-5.8253 ,-7.1585 ,-1.89972 ,3.43603 ,-0.94843 ,38.65152 ,85.33834 ,234.3342 ,375.6807 ,531.8224 ,650.1443 ,732.8292 ,840.1044 ,957.0302 ,1081.822 ,1216.27 ,1343.293 ,1437.423 ,1509.131 ,1554.273 ,1577.297 ,1587.147 ,1591.862 ,1593.744 ,1592.325 ,1587.76 ,1589.403 ,1589.718 ,1583.19 ,1578.145 ,1585.413 ,1585.189 ,1580.793 
800n,10/16/21,2:09:38 PM,0,="",50E,ZR6,1980.0,0,32,3,6,29529.64 ,29529.42 ,29536.77 ,29502.79 ,29524.73 ,29517.92 ,28728.47 ,26719.84 ,24745.03 ,22748.28 ,20723.33 ,18679.46 ,16680.88 ,14667.39 ,12678.26 ,10741.98 ,8791.012 ,6893.834 ,5020.772 ,3161.309 ,1929.505 ,1517.73 ,1500.524 ,1360.904 ,1197.751 ,1135.912 ,998.8107 ,904.8907 ,806.3065 ,747.5126 ,671.6997 ,608.8809 ,521.89 ,464.1207 ,399.079 ,340.3781 ,288.3279 ,244.0784 ,203.3374 ,163.5372 ,138.0538 ,80.99528 ,29.68077 ,15.00765 ,11.42389 ,6.11777 ,-1.89676 ,-0.55078 ,-12.72222 ,6.21545 ,-41.10366 ,-81.42456 ,-406.1103 ,-1208.452 ,-2517.876 ,-4379.638 ,-6898.912 ,-9791.347 ,-13114.81 ,-16661.51 ,-20149.07 ,-23260.36 ,-25722.77 ,-27432.42 ,-28432.86 ,-28932.09 ,-29170.63 ,-29290.64 ,-29350.84 ,-29389.08 ,-29435.73 ,-29468.43 ,-29483.03 ,-29501.64 ,-29514.2 ,-29510.45 ,-29515.95 ,-29522.29 
800n,10/16/21,2:09:52 PM,0,="",50E,XR7,1980.0,0,32,3,7,453.7088 ,462.0227 ,462.5476 ,466.0824 ,463.4084 ,470.4953 ,652.5019 ,628.5445 ,539.7741 ,477.5375 ,417.286 ,364.0554 ,311.6314 ,260.8266 ,207.1142 ,154.4708 ,118.4629 ,78.67654 ,31.28701 ,-13.31144 ,-87.49663 ,-154.5149 ,-186.0127 ,-220.2682 ,-226.0587 ,-238.9818 ,-231.7658 ,-219.4233 ,-201.2156 ,-177.3137 ,-164.4771 ,-152.6383 ,-131.0033 ,-115.6916 ,-106.3237 ,-85.72275 ,-72.80193 ,-55.4941 ,-42.33526 ,-33.50474 ,-25.97619 ,-17.30546 ,-10.06179 ,-5.03225 ,-1.59994 ,-3.6709 ,-1.49411 ,1.86521 ,-2.09141 ,3.60018 ,-4.14431 ,62.31412 ,183.7142 ,303.7443 ,335.1785 ,271.1122 ,137.9861 ,-13.90007 ,-163.2899 ,-299.6541 ,-414.7984 ,-499.2407 ,-547.0751 ,-568.0629 ,-567.1133 ,-553.0479 ,-534.4999 ,-516.8831 ,-502.2519 ,-492.1932 ,-479.7201 ,-468.6478 ,-462.7706 ,-461.7776 ,-461.9491 ,-458.9675 ,-459.7004 ,-457.9364 
800n,10/16/21,2:09:52 PM,0,="",50E,YR7,1980.0,0,32,3,7,-1590.394 ,-1585.743 ,-1588.375 ,-1585.459 ,-1586.06 ,-1581.773 ,-1340.802 ,-1182.168 ,-1089.181 ,-979.0077 ,-871.9796 ,-766.5966 ,-661.4598 ,-557.7446 ,-444.8623 ,-349.4824 ,-247.7269 ,-140.3543 ,-37.55718 ,43.36276 ,47.42753 ,-5.19812 ,1.72764 ,-19.35363 ,-42.27653 ,-35.12328 ,-55.89825 ,-39.12101 ,-23.81205 ,-30.64852 ,-20.14833 ,-15.66511 ,-7.69695 ,-6.9055 ,1.11001 ,6.52488 ,11.15422 ,12.96033 ,14.30201 ,14.97812 ,15.84141 ,11.99686 ,10.22338 ,4.89412 ,4.45778 ,3.89982 ,1.2114 ,1.42079 ,4.45387 ,3.84843 ,48.87551 ,88.73283 ,233.3277 ,384.4545 ,533.4984 ,641.2875 ,754.7441 ,839.5585 ,959.3198 ,1085.714 ,1222.228 ,1341.839 ,1444.923 ,1516.126 ,1563.505 ,1586.048 ,1598.662 ,1606.136 ,1605.81 ,1608.73 ,1603.649 ,1598.246 ,1594.379 ,1594.079 ,1592.756 ,1587.957 ,1588.001 ,1592.186 
800n,10/16/21,2:09:52 PM,0,="",50E,ZR7,1980.0,0,32,3,7,29481.53 ,29482.42 ,29490.51 ,29516.61 ,29506.23 ,29473.21 ,28720.22 ,26724.84 ,24744.93 ,22713.28 ,20685.7 ,18683.69 ,16639.45 ,14646.14 ,12650.65 ,10690.75 ,8775.775 ,6866.54 ,5024.389 ,3153.069 ,1899.262 ,1553.326 ,1444.257 ,1259.428 ,1190.101 ,1067.412 ,955.1868 ,885.3096 ,834.5571 ,721.1141 ,657.6563 ,595.09 ,524.8148 ,450.6186 ,381.8871 ,321.9762 ,271.7998 ,230.8555 ,191.0021 ,163.0595 ,137.3524 ,97.08546 ,62.24574 ,40.46769 ,31.78609 ,27.74134 ,22.69907 ,15.16668 ,14.44581 ,45.11117 ,-25.81835 ,-59.80878 ,-357.8648 ,-1130.594 ,-2473.272 ,-4386.176 ,-6861.613 ,-9777.387 ,-13091.94 ,-16642.79 ,-20121.08 ,-23227.21 ,-25694.18 ,-27400.66 ,-28400.83 ,-28907.95 ,-29145.16 ,-29254.37 ,-29320.86 ,-29356.45 ,-29407.89 ,-29447.47 ,-29467.25 ,-29478.6 ,-29487.42 ,-29494.53 ,-29497.65 ,-29500.02 
800n,10/16/21,2:10:05 PM,0,="",50E,XR8,1980.0,0,32,3,8,454.9359 ,463.9621 ,459.0979 ,459.3279 ,461.2962 ,457.1468 ,654.5802 ,625.4423 ,550.5418 ,477.609 ,420.6571 ,351.6655 ,307.5423 ,256.1979 ,200.648 ,155.742 ,118.3829 ,71.55066 ,25.18505 ,-19.12057 ,-102.3057 ,-178.2763 ,-191.725 ,-216.6019 ,-236.7817 ,-240.6669 ,-232.0698 ,-216.0462 ,-195.8989 ,-183.6482 ,-161.492 ,-142.6083 ,-133.1629 ,-115.8538 ,-99.88303 ,-86.29857 ,-70.0766 ,-55.22635 ,-42.21172 ,-31.98296 ,-23.82715 ,-15.1714 ,-8.24996 ,-5.80143 ,-3.03089 ,-0.94962 ,-2.73228 ,-3.7897 ,2.19172 ,-0.28676 ,11.12074 ,69.29307 ,162.9859 ,289.8991 ,343.5542 ,270.9421 ,136.4543 ,-15.64418 ,-170.8356 ,-298.1021 ,-416.1037 ,-500.5057 ,-549.9608 ,-573.596 ,-570.1911 ,-554.0307 ,-537.0497 ,-515.7079 ,-501.5323 ,-491.372 ,-478.8858 ,-471.3144 ,-465.187 ,-461.7981 ,-462.5222 ,-463.5159 ,-460.6604 ,-462.0824 
800n,10/16/21,2:10:05 PM,0,="",50E,YR8,1980.0,0,32,3,8,-1603.084 ,-1594 ,-1590.155 ,-1593.827 ,-1583.906 ,-1586.422 ,-1343.437 ,-1184.928 ,-1080.43 ,-973.9986 ,-870.0139 ,-766.1118 ,-660.6563 ,-551.9482 ,-450.7368 ,-347.2491 ,-246.9447 ,-145.8205 ,-45.80324 ,51.6757 ,45.26519 ,24.01978 ,-15.53103 ,-28.49002 ,-47.83309 ,-37.38391 ,-44.91865 ,-43.45728 ,-32.56678 ,-29.45253 ,-21.337 ,-13.85605 ,-12.22343 ,-4.2627 ,0.49121 ,4.13709 ,7.10225 ,7.5783 ,10.91948 ,13.3072 ,12.03467 ,12.8019 ,9.50168 ,3.43605 ,4.65534 ,4.3605 ,0.95109 ,0.56514 ,4.65095 ,16.45869 ,44.66027 ,85.33581 ,219.0675 ,387.8844 ,538.0105 ,646.87 ,753.969 ,843.0315 ,960.4398 ,1092.49 ,1221.331 ,1340.847 ,1444.851 ,1519.171 ,1561.721 ,1585.638 ,1598.019 ,1600.877 ,1603.568 ,1604.638 ,1603.381 ,1598.155 ,1595.408 ,1594.095 ,1592.312 ,1587.381 ,1589.834 ,1590.918 
800n,10/16/21,2:10:05 PM,0,="",50E,ZR8,1980.0,0,32,3,8,29496.38 ,29485.41 ,29515.1 ,29504.26 ,29499.4 ,29470.68 ,28725.95 ,26723.34 ,24737.12 ,22707.27 ,20689.08 ,18648.3 ,16633.19 ,14636.31 ,12657.56 ,10686.52 ,8752.428 ,6859.489 ,4985.441 ,3156.382 ,1902.579 ,1564.533 ,1455.773 ,1374.587 ,1168.096 ,1062.183 ,981.1319 ,878.3208 ,782.7545 ,721.8301 ,647.3788 ,577.4709 ,519.0187 ,444.3949 ,384.1693 ,322.9065 ,273.1178 ,229.0535 ,191.465 ,160.3198 ,135.7258 ,97.09036 ,64.00072 ,41.32567 ,33.62488 ,26.84321 ,19.0028 ,16.74252 ,1.87153 ,30.82698 ,67.61103 ,-41.95481 ,-385.632 ,-1150.554 ,-2487.674 ,-4377.847 ,-6867.79 ,-9763.352 ,-13092.99 ,-16640.99 ,-20123.03 ,-23232.3 ,-25701.42 ,-27416.13 ,-28409.45 ,-28908.45 ,-29139.55 ,-29263.96 ,-29323.31 ,-29363.71 ,-29409.61 ,-29444.35 ,-29465.58 ,-29476.91 ,-29484.04 ,-29493.52 ,-29495.96 ,-29490.82 
800n,10/16/21,2:10:47 PM,0,="",50E,XR9,1980.0,0,32,3,9,466.3996 ,446.0818 ,449.5999 ,451.7694 ,454.2266 ,458.154 ,645.8112 ,627.8757 ,539.9054 ,475.0231 ,426.1795 ,363.4348 ,309.1301 ,252.4437 ,208.9883 ,161.0733 ,118.1098 ,71.48176 ,16.18865 ,-23.97012 ,-104.7659 ,-150.5175 ,-176.1661 ,-220.3881 ,-245.6961 ,-239.0132 ,-227.4666 ,-217.5346 ,-207.1674 ,-178.1591 ,-170.1013 ,-150.8649 ,-133.7947 ,-119.5016 ,-106.5191 ,-88.582 ,-70.87291 ,-59.22605 ,-48.18628 ,-36.57293 ,-28.0939 ,-17.05048 ,-7.85891 ,-4.32751 ,-3.31566 ,-0.90905 ,0.35303 ,-0.58854 ,3.05048 ,-3.43502 ,8.0657 ,59.49973 ,175.9778 ,307.8974 ,338.7736 ,265.7722 ,132.3573 ,-19.18432 ,-165.514 ,-292.9797 ,-408.6769 ,-495.4876 ,-550.1398 ,-574.2973 ,-567.4093 ,-550.5658 ,-533.1249 ,-516.0276 ,-501.0144 ,-489.6921 ,-475.8555 ,-467.9444 ,-463.5984 ,-461.4663 ,-458.8855 ,-460.5918 ,-458.6753 ,-457.8583 
800n,10/16/21,2:10:47 PM,0,="",50E,YR9,1980.0,0,32,3,9,-1601.942 ,-1591.582 ,-1592.741 ,-1597.043 ,-1582.498 ,-1591.684 ,-1338.305 ,-1186.616 ,-1088.864 ,-981.6417 ,-875.4228 ,-760.9856 ,-652.6656 ,-557.5278 ,-451.0114 ,-346.3529 ,-243.3004 ,-159.2905 ,-43.70728 ,53.35673 ,31.17555 ,37.54705 ,8.32915 ,-35.43098 ,-43.28221 ,-39.52395 ,-51.71703 ,-42.23965 ,-41.57103 ,-17.50819 ,-27.35419 ,-9.96831 ,-3.25591 ,-3.71026 ,-2.56274 ,5.32682 ,8.19725 ,11.22971 ,11.29501 ,11.65552 ,11.17869 ,11.0594 ,8.62758 ,6.58408 ,4.8311 ,7.3805 ,5.8904 ,3.06513 ,3.55509 ,20.89888 ,36.16392 ,97.42169 ,212.6332 ,368.4865 ,532.1751 ,654.0136 ,738.0093 ,842.1939 ,963.4721 ,1093.624 ,1221.648 ,1343.56 ,1448.987 ,1517.84 ,1559.85 ,1587.429 ,1597.043 ,1602.479 ,1607.634 ,1607.928 ,1604.888 ,1599.301 ,1595.871 ,1592.511 ,1593.946 ,1589.676 ,1589.021 ,1588.018 
800n,10/16/21,2:10:47 PM,0,="",50E,ZR9,1980.0,0,32,3,9,29498.15 ,29501 ,29501.32 ,29479.89 ,29511.54 ,29491.43 ,28703.59 ,26721.41 ,24735.53 ,22725.99 ,20681.75 ,18673.87 ,16648.91 ,14636.28 ,12660.61 ,10701.72 ,8779.196 ,6872.893 ,4980.831 ,3151.295 ,1925.831 ,1568.236 ,1502.449 ,1327.858 ,1221.965 ,1072.382 ,994.1785 ,883.8865 ,798.3996 ,730.9341 ,668.8598 ,577.2633 ,511.5169 ,443.6684 ,377.4202 ,333.211 ,275.1542 ,234.9831 ,192.6238 ,159.8228 ,130.6603 ,94.8223 ,60.82595 ,41.9905 ,33.72007 ,27.16895 ,21.0122 ,17.6227 ,21.60108 ,15.07556 ,-40.30317 ,-96.6668 ,-354.5294 ,-1160.521 ,-2483.746 ,-4408.679 ,-6847.519 ,-9779.961 ,-13107 ,-16645.42 ,-20130.74 ,-23233.43 ,-25699.99 ,-27407.31 ,-28402.27 ,-28907.13 ,-29149.49 ,-29256.98 ,-29320.85 ,-29358.75 ,-29407.19 ,-29444.77 ,-29464.97 ,-29477.88 ,-29482.98 ,-29490.67 ,-29494.46 ,-29500.54 
800n,10/16/21,2:11:01 PM,0,="",50E,XR10,1980.0,0,32,3,10,460.8646 ,458.0633 ,466.3236 ,458.7757 ,462.8643 ,466.9209 ,643.5228 ,621.9936 ,549.341 ,486.3186 ,418.3448 ,364.8275 ,309.467 ,251.0272 ,198.7465 ,169.9674 ,110.9905 ,73.16532 ,28.45743 ,-17.23841 ,-116.217 ,-146.1756 ,-183.8746 ,-218.8885 ,-239.7709 ,-239.1196 ,-242.4248 ,-214.957 ,-196.3291 ,-181.2753 ,-167.8943 ,-150.7667 ,-134.7687 ,-118.1804 ,-105.1184 ,-86.84883 ,-69.97475 ,-59.61434 ,-44.90847 ,-34.54767 ,-28.3509 ,-16.87535 ,-7.96956 ,-5.6838 ,-4.26992 ,-2.58834 ,-1.22514 ,-1.60087 ,-3.99181 ,-0.74679 ,30.11971 ,53.07301 ,172.1527 ,309.3502 ,332.4619 ,257.3678 ,137.4777 ,-18.62702 ,-162.8748 ,-303.1446 ,-414.2734 ,-500.7431 ,-547.6563 ,-569.3347 ,-568.047 ,-551.537 ,-532.2425 ,-515.4319 ,-501.0589 ,-489.7093 ,-476.258 ,-467.3123 ,-463.4618 ,-461.3996 ,-459.1128 ,-459.2727 ,-460.774 ,-462.2736 
800n,10/16/21,2:11:01 PM,0,="",50E,YR10,1980.0,0,32,3,10,-3345.039 ,-2445.324 ,-2425.753 ,-2392.844 ,-2397.346 ,-2335.825 ,-2205.445 ,-2008.977 ,-1908.41 ,-1790.203 ,-1733.128 ,-1651.77 ,-1503.645 ,-1392.216 ,-1267.934 ,-1153.521 ,-1039.543 ,-912.4728 ,-937.4511 ,-796.2958 ,-746.9567 ,-757.8515 ,-811.5654 ,-792.5766 ,-856.5955 ,-828.6777 ,-875.8384 ,-823.405 ,-907.9899 ,-849.6558 ,-839.0969 ,-819.7316 ,-842.2003 ,-869.7703 ,-821.8477 ,-823.6587 ,-814.359 ,-808.5431 ,-807.9193 ,-812.6331 ,-668.8998 ,-550.5216 ,-469.968 ,-447.4316 ,-411.0428 ,-16.26807 ,-78.87007 ,90.66508 ,77.44288 ,182.225 ,122.9006 ,120.0837 ,174.0948 ,471.8054 ,660.7044 ,710.8108 ,835.7276 ,902.5562 ,1066.272 ,1169.564 ,1298.858 ,1394.807 ,1540.117 ,1609.374 ,1643.393 ,1670.736 ,1678.332 ,1697.548 ,1709.063 ,1730.108 ,1741.568 ,1748.962 ,1588.178 ,1533.524 ,1368.526 ,1935.152 ,2318.136 ,2405.89 
800n,10/16/21,2:11:01 PM,0,="",50E,ZR10,1980.0,0,32,3,10,29495.9 ,29492.81 ,29508.58 ,29505.11 ,29498.32 ,29493.38 ,28715.62 ,26720.43 ,24758.16 ,22696.95 ,20713.35 ,18680.06 ,16663.12 ,14646.51 ,12665.3 ,10704.48 ,8760.61 ,6872.719 ,5008.988 ,3147.979 ,1902.671 ,1581.536 ,1509.099 ,1306.01 ,1165.406 ,1070.16 ,994.4434 ,912.2032 ,816.4828 ,731.8017 ,648.6471 ,591.9354 ,514.9245 ,454.3229 ,382.6865 ,328.5793 ,282.884 ,235.492 ,199.199 ,164.6593 ,133.82 ,96.51964 ,63.54348 ,47.817 ,33.40656 ,24.90889 ,23.5429 ,19.2377 ,23.48476 ,35.0331 ,-7.79211 ,-66.28617 ,-411.0839 ,-1145.166 ,-2494.738 ,-4376.182 ,-6860.246 ,-9776.812 ,-13100.1 ,-16628.62 ,-20115.97 ,-23250.7 ,-25697.29 ,-27398 ,-28402.02 ,-28905.67 ,-29143.95 ,-29253.66 ,-29318.58 ,-29361.28 ,-29406.47 ,-29442.61 ,-29463.11 ,-29474.26 ,-29479.63 ,-29487.84 ,-29495.99 ,-29495.04 
800n,10/16/21,2:11:14 PM,0,="",50E,XR11,1980.0,0,32,3,11,467.6723 ,458.7205 ,459.6365 ,452.9204 ,448.922 ,460.9345 ,645.1719 ,619.5253 ,543.4797 ,468.6678 ,419.2036 ,356.697 ,304.1047 ,258.1693 ,206.0188 ,155.9406 ,112.8316 ,60.94264 ,21.33864 ,-22.33672 ,-103.2288 ,-179.4466 ,-188.6219 ,-211.7466 ,-238.4042 ,-258.9454 ,-245.304 ,-220.0054 ,-191.6942 ,-181.5713 ,-169.3341 ,-152.8958 ,-135.369 ,-123.0864 ,-106.7746 ,-87.2687 ,-73.77172 ,-60.4098 ,-48.39729 ,-36.58074 ,-26.82753 ,-17.04745 ,-9.01313 ,-1.32782 ,1.38076 ,1.42226 ,4.51569 ,5.89762 ,6.11767 ,13.64481 ,24.93679 ,52.6221 ,175.331 ,299.7849 ,343.8542 ,277.8165 ,151.3 ,-5.85549 ,-153.3981 ,-293.7524 ,-394.069 ,-481.4953 ,-539.4957 ,-559.5842 ,-558.9717 ,-544.5175 ,-526.5365 ,-506.9508 ,-491.6737 ,-481.5229 ,-469.6907 ,-460.6643 ,-456.7054 ,-453.8251 ,-453.6987 ,-455.1609 ,-454.6879 ,-454.7908 
800n,10/16/21,2:11:14 PM,0,="",50E,YR11,1980.0,0,32,3,11,-24156 ,-14150.37 ,-14020.98 ,-14040.97 ,-14100.62 ,-14175.83 ,-14200.73 ,-14193.58 ,-14113 ,-14138.73 ,-14147.61 ,-14145.13 ,-14192.53 ,-14223.84 ,-14229.43 ,-14231.43 ,-14266.09 ,-14357.44 ,-14358.85 ,-14374.61 ,-14484.7 ,-14541.09 ,-14535.93 ,-14530.11 ,-14587.57 ,-14572.97 ,-14528.43 ,-14537.71 ,-14513.31 ,-14548.18 ,-14508.08 ,-14536.07 ,-14548.74 ,-14361.65 ,-14448.9 ,-14632.56 ,-14806.11 ,-14776.89 ,-14872.38 ,-13919.71 ,-13791.92 ,-13198.11 ,-11863.15 ,-10495.33 ,-8635.263 ,-6339.647 ,-5482.011 ,-4812.361 ,-4212.142 ,-4247.633 ,-4276.776 ,-4245.74 ,-4256.472 ,-4263.443 ,-4333.44 ,-4389.079 ,-4342.333 ,-4291.289 ,-4293.049 ,-4269.919 ,-4258.472 ,-4256.371 ,-4197.347 ,-4065.869 ,-4034.008 ,-3752.737 ,-3516.86 ,-3653.894 ,-3405.084 ,-3223.926 ,-2432.208 ,198.4988 ,2672.976 ,4880.402 ,7244.084 ,9909.736 ,12592.45 ,14214.42 
800n,10/16/21,2:11:14 PM,0,="",50E,ZR11,1980.0,0,32,3,11,29524.62 ,29493.11 ,29497.06 ,29482.36 ,29476.11 ,29490.41 ,28722.47 ,26720.36 ,24726.27 ,22698.89 ,20708.73 ,18670.95 ,16642.67 ,14634.98 ,12662.04 ,10705.04 ,8778.161 ,6889.651 ,4982.66 ,3157.214 ,1901.435 ,1590.468 ,1476.583 ,1335.366 ,1183.573 ,1088.549 ,973.9513 ,888.1158 ,810.5762 ,724.9899 ,661.7828 ,589.4967 ,523.3105 ,460.4486 ,382.9068 ,323.9585 ,284.3061 ,238.8153 ,204.1809 ,169.1444 ,143.9489 ,106.7569 ,76.22145 ,63.92117 ,53.20123 ,49.81828 ,47.01905 ,45.23589 ,56.73146 ,65.61487 ,50.44102 ,-7.29054 ,-333.6981 ,-1106.595 ,-2437.769 ,-4354.693 ,-6795.31 ,-9749.282 ,-13052.33 ,-16602.05 ,-20082.32 ,-23192.55 ,-25666.03 ,-27355.12 ,-28361.49 ,-28877.86 ,-29107.72 ,-29218.15 ,-29284.65 ,-29324.88 ,-29369.59 ,-29410.87 ,-29432.19 ,-29446.39 ,-29459.12 ,-29471.44 ,-29483.39 ,-29493.48 
800n,10/16/21,2:16:23 PM,0,="",100E,XR1,1980.0,0,32,3,12,1113.256 ,1109.431 ,1117.704 ,1110.667 ,1115.691 ,1127.805 ,1417.233 ,1379.54 ,1243.805 ,1141.716 ,1032.347 ,937.9983 ,833.587 ,737.3113 ,649.4312 ,555.5757 ,461.4816 ,375.1214 ,283.4916 ,199.2942 ,49.24535 ,-44.38668 ,-98.80989 ,-138.4882 ,-180.5055 ,-196.6014 ,-204.7337 ,-183.0415 ,-169.3451 ,-152.0406 ,-137.0998 ,-124.329 ,-109.0488 ,-96.63909 ,-83.0905 ,-70.01873 ,-56.98953 ,-42.97488 ,-32.65037 ,-26.86037 ,-17.10867 ,-9.65785 ,-5.41024 ,-1.81154 ,-0.22881 ,-0.14338 ,1.28228 ,1.54332 ,-1.58477 ,9.79739 ,43.9915 ,83.15726 ,290.7857 ,473.8067 ,521.4272 ,419.1109 ,217.1215 ,-22.89461 ,-284.8732 ,-536.1051 ,-754.5696 ,-947.6107 ,-1079.35 ,-1155.161 ,-1180.278 ,-1182.207 ,-1168.802 ,-1155.933 ,-1141.657 ,-1133.354 ,-1123.356 ,-1119.152 ,-1114.874 ,-1113.188 ,-1113.87 ,-1113.542 ,-1113.904 ,-1113.585 
800n,10/16/21,2:16:23 PM,0,="",100E,YR1,1980.0,0,32,3,12,-1494.542 ,-1482.773 ,-1478.454 ,-1491.025 ,-1492.998 ,-1476.733 ,-1236.907 ,-1090.919 ,-991.085 ,-904.7552 ,-800.7482 ,-710.7528 ,-610.7498 ,-502.3158 ,-403.1006 ,-305.578 ,-225.6618 ,-122.934 ,-31.50892 ,57.3222 ,53.7666 ,20.81275 ,27.40413 ,-20.8195 ,-33.69785 ,-34.47884 ,-45.8154 ,-32.41986 ,-24.24185 ,-16.32741 ,-6.57497 ,-11.5246 ,2.18499 ,9.87502 ,6.75779 ,9.31675 ,11.88951 ,15.64562 ,15.72541 ,15.8413 ,16.32778 ,13.60714 ,8.03831 ,4.8575 ,3.7593 ,2.81025 ,2.72933 ,1.38309 ,2.95928 ,0.18847 ,36.96948 ,62.39011 ,212.9152 ,383.0447 ,516.3466 ,618.5561 ,721.4804 ,799.3318 ,907.6246 ,1025.751 ,1144.033 ,1264.339 ,1352.79 ,1420.952 ,1464.775 ,1490.979 ,1501.157 ,1505.922 ,1509.583 ,1508.561 ,1504.708 ,1497.58 ,1494.651 ,1492.49 ,1490.087 ,1490.72 ,1489.11 ,1487.942 
800n,10/16/21,2:16:23 PM,0,="",100E,ZR1,1980.0,0,32,3,12,30467.61 ,30455.64 ,30468.32 ,30467.29 ,30470.14 ,30463.26 ,29555.28 ,27456.13 ,25419.09 ,23370.02 ,21284.39 ,19173.42 ,17109.55 ,14994.26 ,12967.96 ,10975.78 ,8965.848 ,7004.671 ,5081.354 ,3184.951 ,1919.395 ,1651.908 ,1554.008 ,1380.999 ,1271.346 ,1181.817 ,1024.229 ,934.0731 ,867.3034 ,789.3816 ,700.5214 ,637.8078 ,559.6998 ,477.6857 ,414.8975 ,352.478 ,297.8184 ,244.4762 ,206.682 ,172.8992 ,138.7247 ,99.58949 ,66.64762 ,43.53523 ,33.72495 ,25.15376 ,21.27676 ,17.20473 ,9.97573 ,15.48087 ,-23.58913 ,-105.1581 ,-488.6081 ,-1339.23 ,-2795.28 ,-4726.97 ,-7253.947 ,-10236.76 ,-13623.23 ,-17259.53 ,-20810.25 ,-24009.41 ,-26534.45 ,-28292.15 ,-29328.79 ,-29851.02 ,-30096.09 ,-30216.82 ,-30281.5 ,-30322.9 ,-30375.21 ,-30412.43 ,-30431.85 ,-30444.77 ,-30453.96 ,-30459.59 ,-30465.38 ,-30469.33 
800n,10/16/21,2:16:36 PM,0,="",100E,XR2,1980.0,0,32,3,13,1119.264 ,1116.32 ,1118.354 ,1114.685 ,1116.44 ,1125.909 ,1410.465 ,1376.487 ,1249.824 ,1139.109 ,1044.85 ,936.1288 ,837.1234 ,739.9656 ,644.7964 ,548.5284 ,463.3299 ,369.522 ,285.7391 ,199.9027 ,47.45894 ,-52.94889 ,-101.6673 ,-122.3433 ,-177.6784 ,-194.2729 ,-207.6288 ,-184.0655 ,-173.7718 ,-153.0456 ,-137.292 ,-131.2766 ,-113.1937 ,-102.5139 ,-87.3027 ,-71.61995 ,-56.58493 ,-46.11412 ,-32.61914 ,-25.61135 ,-21.81237 ,-11.10359 ,-1.53652 ,-1.11032 ,-0.49167 ,2.05708 ,1.77506 ,1.63144 ,1.7322 ,0.77617 ,21.95775 ,124.7777 ,302.8454 ,473.8611 ,523.9939 ,437.5968 ,219.6169 ,-18.06254 ,-275.9332 ,-528.9275 ,-747.7625 ,-935.8155 ,-1073.621 ,-1152.38 ,-1181.732 ,-1182.5 ,-1167.844 ,-1155.299 ,-1144.214 ,-1134.344 ,-1126.229 ,-1118.697 ,-1116.063 ,-1114.43 ,-1112.92 ,-1112.793 ,-1114.426 ,-1112.156 
800n,10/16/21,2:16:36 PM,0,="",100E,YR2,1980.0,0,32,3,13,-1484.26 ,-1488.399 ,-1497.467 ,-1496.172 ,-1496.441 ,-1482.465 ,-1243.66 ,-1094.329 ,-1006.678 ,-906.1368 ,-805.4037 ,-703.1674 ,-605.6586 ,-510.0101 ,-403.9249 ,-318.0556 ,-216.3492 ,-127.474 ,-33.1555 ,57.45848 ,54.46272 ,13.52221 ,11.93136 ,-19.43975 ,-33.17222 ,-40.26162 ,-41.24045 ,-27.53923 ,-28.26161 ,-13.5621 ,-11.94004 ,-13.02733 ,-2.41201 ,-0.89334 ,8.53804 ,8.49099 ,11.47336 ,15.77304 ,20.36905 ,16.501 ,15.02522 ,10.65844 ,8.0761 ,6.84788 ,5.54438 ,3.71208 ,4.83696 ,4.07896 ,10.00664 ,13.32664 ,53.12114 ,96.49961 ,229.7711 ,383.5362 ,532.9604 ,632.7774 ,711.6404 ,813.714 ,917.0082 ,1034.655 ,1148.367 ,1271.359 ,1358.73 ,1428.168 ,1470.376 ,1491.792 ,1505.521 ,1506.261 ,1510.042 ,1509.496 ,1505.253 ,1497.982 ,1496.934 ,1496.179 ,1492.992 ,1491.945 ,1489.772 ,1486.567 
800n,10/16/21,2:16:36 PM,0,="",100E,ZR2,1980.0,0,32,3,13,30469.24 ,30460.59 ,30492.47 ,30473.6 ,30458.19 ,30438.73 ,29550.47 ,27454.52 ,25426.73 ,23355.61 ,21258.04 ,19185.2 ,17088.39 ,15032.74 ,12990 ,10955.21 ,8962.182 ,7002.487 ,5067.718 ,3158.56 ,1933.174 ,1601.649 ,1518.981 ,1388.93 ,1252.896 ,1115.183 ,1041.482 ,936.8821 ,877.8833 ,785.1154 ,703.6032 ,628.4402 ,556.2119 ,472.0325 ,407.4179 ,348.9203 ,301.9389 ,253.4214 ,207.1527 ,169.904 ,143.0479 ,100.7201 ,64.52681 ,44.8476 ,34.16877 ,26.57177 ,23.99803 ,17.96603 ,4.10175 ,22.79877 ,-39.36588 ,-76.36069 ,-479.3907 ,-1355.447 ,-2752.456 ,-4729.837 ,-7273.338 ,-10232.7 ,-13618.65 ,-17242.51 ,-20795.96 ,-24002.59 ,-26532.65 ,-28284.43 ,-29319.03 ,-29840.42 ,-30090.44 ,-30211.13 ,-30278.76 ,-30315.36 ,-30370.11 ,-30408.99 ,-30428.21 ,-30441.79 ,-30448.36 ,-30454.36 ,-30459.7 ,-30460.15 
800n,10/16/21,2:16:49 PM,0,="",100E,XR3,1980.0,0,32,3,14,1109.489 ,1111.725 ,1107.509 ,1117.402 ,1109.084 ,1115.762 ,1405.047 ,1374.803 ,1249.89 ,1139.831 ,1040.065 ,936.8695 ,841.1202 ,741.2778 ,650.0321 ,553.4402 ,468.5021 ,380.5136 ,296.5634 ,197.5377 ,58.38817 ,-66.9676 ,-90.28821 ,-125.8813 ,-181.8646 ,-187.9916 ,-190.5312 ,-181.3324 ,-168.3221 ,-150.1347 ,-147.9206 ,-127.7128 ,-112.2295 ,-101.4419 ,-89.25638 ,-71.50383 ,-58.16406 ,-44.97736 ,-32.91749 ,-25.73053 ,-19.13235 ,-10.18887 ,-5.02631 ,-1.66902 ,-0.29708 ,-0.41639 ,1.12933 ,0.85511 ,9.07797 ,-0.48131 ,11.92123 ,100.1601 ,282.1255 ,458.0527 ,516.7438 ,416.4446 ,222.2695 ,-14.92686 ,-281.7314 ,-527.7545 ,-756.7288 ,-940.9416 ,-1076.292 ,-1151.698 ,-1179.169 ,-1178.335 ,-1167.623 ,-1152.629 ,-1139.231 ,-1130.282 ,-1120.916 ,-1114.999 ,-1111.487 ,-1109.544 ,-1108.818 ,-1108.815 ,-1110.842 ,-1110.067 
800n,10/16/21,2:16:49 PM,0,="",100E,YR3,1980.0,0,32,3,14,-1488.406 ,-1488.485 ,-1482.706 ,-1484.868 ,-1484.732 ,-1481.888 ,-1229.404 ,-1096.223 ,-995.1938 ,-909.2536 ,-798.1856 ,-710.9858 ,-605.6494 ,-509.7178 ,-409.7705 ,-317.3194 ,-218.6722 ,-131.6214 ,-29.18496 ,55.09298 ,53.05528 ,16.7799 ,-7.3564 ,-27.64562 ,-12.43673 ,-30.64865 ,-41.14998 ,-31.42459 ,-26.68808 ,-21.57302 ,-13.7432 ,-7.11503 ,-0.28139 ,4.76386 ,7.47971 ,10.07677 ,11.0784 ,14.45472 ,15.75364 ,16.56872 ,14.52874 ,11.76342 ,10.04051 ,6.4719 ,5.6221 ,4.21188 ,4.50668 ,4.48346 ,13.07535 ,6.9977 ,16.09087 ,83.52204 ,199.4471 ,380.7015 ,525.6911 ,633.68 ,716.1799 ,811.2779 ,914.601 ,1028.628 ,1153.926 ,1266.506 ,1362.811 ,1425.691 ,1472.213 ,1488.672 ,1502.534 ,1505.334 ,1509.101 ,1508.229 ,1504.439 ,1498.119 ,1493.423 ,1492.316 ,1491.811 ,1490.865 ,1487.824 ,1487.27 
800n,10/16/21,2:16:49 PM,0,="",100E,ZR3,1980.0,0,32,3,14,30459.25 ,30484.66 ,30454.32 ,30460.43 ,30457.48 ,30442.99 ,29548.33 ,27452.32 ,25417.76 ,23354.98 ,21253.84 ,19179.97 ,17074.79 ,15043.27 ,12985.12 ,10953.72 ,8974.233 ,6991.636 ,5072.705 ,3160.592 ,1909.501 ,1625.244 ,1519.429 ,1402.569 ,1282.981 ,1134.786 ,1069.614 ,944.7806 ,857.7731 ,784.0932 ,708.7017 ,613.1368 ,557.7604 ,478.8222 ,410.6945 ,356.228 ,299.5509 ,244.0738 ,210.7576 ,172.3244 ,142.0775 ,100.3559 ,66.6229 ,45.98027 ,35.03344 ,28.42903 ,23.60627 ,19.30249 ,33.47164 ,21.19273 ,13.42088 ,-78.83816 ,-423.9677 ,-1361.987 ,-2745.016 ,-4733.318 ,-7250.845 ,-10219.43 ,-13620.84 ,-17247.7 ,-20816.54 ,-23994.81 ,-26538.87 ,-28285.17 ,-29319.38 ,-29840.9 ,-30087.88 ,-30211.91 ,-30276.23 ,-30316.11 ,-30367.67 ,-30409.38 ,-30429.48 ,-30441.83 ,-30448.47 ,-30454.76 ,-30461.16 ,-30463.81 
800n,10/16/21,2:17:10 PM,0,="",100E,XR4,1980.0,0,32,3,15,1120.195 ,1113.72 ,1108.48 ,1110.976 ,1112.719 ,1118.975 ,1407.467 ,1376.08 ,1252.245 ,1139.402 ,1037.385 ,930.8927 ,831.7302 ,744.1449 ,649.4545 ,557.2248 ,461.6514 ,377.8654 ,288.1912 ,200.2442 ,53.26604 ,-47.37079 ,-80.44167 ,-136.7065 ,-175.4948 ,-210.1895 ,-200.9469 ,-184.6977 ,-169.8112 ,-153.5345 ,-137.3717 ,-125.0538 ,-115.1854 ,-98.40571 ,-84.31291 ,-71.23752 ,-56.32006 ,-44.65182 ,-33.7311 ,-24.14923 ,-17.26605 ,-8.64812 ,-2.55938 ,-3.09756 ,-0.55861 ,1.6668 ,0.60804 ,1.94253 ,-3.20247 ,7.66343 ,43.76351 ,89.38386 ,287.6158 ,489.0388 ,515.1277 ,426.3971 ,229.0247 ,-26.97897 ,-276.1204 ,-529.7359 ,-754.5844 ,-945.0978 ,-1077.585 ,-1154.621 ,-1183.433 ,-1182.598 ,-1173.188 ,-1158.168 ,-1145.631 ,-1138.703 ,-1129.135 ,-1121.014 ,-1117.405 ,-1119.286 ,-1115.277 ,-1116.895 ,-1117.131 ,-1114.843 
800n,10/16/21,2:17:10 PM,0,="",100E,YR4,1980.0,0,32,3,15,-1486.5 ,-1495.08 ,-1492.029 ,-1484.267 ,-1491.663 ,-1486.044 ,-1244.203 ,-1090.401 ,-1005.007 ,-903.2606 ,-805.1169 ,-704.2486 ,-607.3847 ,-510.3799 ,-409.0602 ,-319.4118 ,-223.0161 ,-123.7933 ,-28.37991 ,55.62496 ,55.64522 ,1.52499 ,9.16764 ,-14.67734 ,-37.00621 ,-37.55211 ,-31.8336 ,-40.22154 ,-31.77051 ,-21.93749 ,-11.38925 ,-6.25935 ,-2.02765 ,2.69698 ,8.81537 ,8.59196 ,12.5725 ,15.66195 ,15.37571 ,17.42344 ,16.46239 ,13.39179 ,5.60619 ,5.81936 ,3.97288 ,2.03758 ,4.0857 ,2.51189 ,-4.26033 ,4.28414 ,23.62966 ,88.46178 ,227.932 ,381.2284 ,522.4233 ,633.942 ,713.9636 ,799.1743 ,917.4091 ,1029.725 ,1151.422 ,1265.294 ,1355.887 ,1421.34 ,1467.161 ,1486.489 ,1499.397 ,1505.549 ,1507.478 ,1503.575 ,1501.196 ,1495.697 ,1491.869 ,1492.635 ,1490.057 ,1487.862 ,1488.376 ,1486.99 
800n,10/16/21,2:17:10 PM,0,="",100E,ZR4,1980.0,0,32,3,15,30461.67 ,30479.5 ,30461.34 ,30464.76 ,30475.55 ,30452.93 ,29542.2 ,27486.54 ,25447.59 ,23344.05 ,21276.46 ,19162.26 ,17092.36 ,15051.59 ,12986.47 ,10966.42 ,8966.217 ,7003.682 ,5077.748 ,3197.198 ,1941.981 ,1621.646 ,1487.022 ,1354.011 ,1242.87 ,1161.574 ,1052.682 ,968.1609 ,874.9916 ,776.9566 ,690.5322 ,616.3922 ,556.3182 ,473.3999 ,413.1252 ,347.7593 ,294.34 ,246.4024 ,204.7417 ,172.9562 ,143.6336 ,100.0527 ,61.1183 ,44.97069 ,33.45827 ,25.23515 ,21.87553 ,17.53259 ,26.47748 ,9.87136 ,10.31011 ,-113.1604 ,-465.985 ,-1339.598 ,-2761.846 ,-4745.995 ,-7262.897 ,-10239.39 ,-13615.75 ,-17249.3 ,-20811.68 ,-24016.08 ,-26536 ,-28281.81 ,-29328.32 ,-29839.04 ,-30094.35 ,-30220.8 ,-30281.38 ,-30324.19 ,-30376.42 ,-30413.04 ,-30432.06 ,-30441.7 ,-30452.69 ,-30460.92 ,-30463.26 ,-30472.33 
800n,10/16/21,2:17:23 PM,0,="",100E,XR5,1980.0,0,32,3,16,1121.474 ,1117.605 ,1117.015 ,1116.72 ,1118.319 ,1132.507 ,1408.986 ,1378.965 ,1251.577 ,1141 ,1039.091 ,935.8066 ,834.8759 ,741.6537 ,651.4096 ,554.411 ,472.3632 ,378.9161 ,289.3777 ,202.2363 ,46.44262 ,-36.08286 ,-86.42002 ,-138.4375 ,-170.3132 ,-188.0473 ,-190.5008 ,-176.5239 ,-172.3123 ,-153.311 ,-138.3232 ,-122.8013 ,-109.1664 ,-100.4441 ,-82.1632 ,-73.35434 ,-60.80475 ,-44.87388 ,-36.31956 ,-27.185 ,-19.29433 ,-10.72745 ,-3.34767 ,-1.58475 ,0.11122 ,0.91016 ,0.11782 ,-0.05489 ,1.78894 ,4.03082 ,27.99183 ,97.65982 ,291.5794 ,472.844 ,519.8394 ,416.1384 ,220.0082 ,-26.04296 ,-286.7003 ,-526.2189 ,-755.1294 ,-949.6314 ,-1084.037 ,-1157.095 ,-1181.527 ,-1186.011 ,-1172.377 ,-1157.013 ,-1142.799 ,-1135.288 ,-1127.49 ,-1120.077 ,-1116.032 ,-1116.054 ,-1115.408 ,-1116.433 ,-1115.907 ,-1115.145 
800n,10/16/21,2:17:23 PM,0,="",100E,YR5,1980.0,0,32,3,16,-1487.793 ,-1495.08 ,-1486.96 ,-1478.967 ,-1493.018 ,-1476.32 ,-1229.525 ,-1077.943 ,-1000.416 ,-902.3527 ,-814.3732 ,-708.8382 ,-600.8723 ,-505.1053 ,-407.2682 ,-308.7405 ,-219.1742 ,-118.1199 ,-25.61772 ,53.44134 ,58.94648 ,15.92368 ,11.59951 ,-13.55767 ,-35.01765 ,-30.42876 ,-31.56219 ,-25.87464 ,-23.82514 ,-22.37573 ,-12.44596 ,-2.42554 ,-1.58784 ,5.00219 ,7.22421 ,12.75479 ,11.22202 ,14.34151 ,14.49615 ,15.14953 ,16.41528 ,13.17197 ,9.9673 ,6.28382 ,5.57801 ,5.15698 ,4.82438 ,5.02347 ,10.31163 ,11.60306 ,56.75375 ,85.13062 ,203.2485 ,381.331 ,521.3279 ,623.4328 ,724.4679 ,806.6954 ,912.8062 ,1028.276 ,1154.086 ,1267.272 ,1366.01 ,1427.788 ,1467.669 ,1492.942 ,1502.465 ,1507.269 ,1510.009 ,1511.346 ,1506.462 ,1497.638 ,1494.807 ,1492.857 ,1490.93 ,1488.938 ,1487.61 ,1486.794 
800n,10/16/21,2:17:23 PM,0,="",100E,ZR5,1980.0,0,32,3,16,30458.13 ,30466.22 ,30454.14 ,30454.9 ,30469.69 ,30456.48 ,29568.41 ,27471.9 ,25426.1 ,23368.4 ,21264.43 ,19182.09 ,17082.55 ,15030.74 ,12967.79 ,10952.23 ,8980.591 ,7027.384 ,5079.397 ,3171.577 ,1934.197 ,1585.173 ,1539.024 ,1360.116 ,1253.162 ,1118.966 ,1024.242 ,949.8572 ,843.7087 ,785.4254 ,698.4693 ,639.3885 ,537.0867 ,475.6504 ,415.1386 ,347.3117 ,293.499 ,248.4032 ,202.0448 ,169.4258 ,141.3054 ,100.4756 ,64.09548 ,42.82131 ,34.83849 ,27.12602 ,22.42189 ,21.51558 ,25.81784 ,8.55106 ,-10.68503 ,-92.44903 ,-496.407 ,-1360.324 ,-2766.784 ,-4729.163 ,-7241.898 ,-10219.68 ,-13614.41 ,-17230.3 ,-20805.01 ,-24002.51 ,-26522.73 ,-28274.91 ,-29304.45 ,-29836.09 ,-30093.69 ,-30212.03 ,-30277.55 ,-30324.17 ,-30371.27 ,-30410.48 ,-30429.3 ,-30442.72 ,-30450.7 ,-30456.06 ,-30463.8 ,-30460.25 
800n,10/16/21,2:17:36 PM,0,="",100E,XR6,1980.0,0,32,3,17,1120.025 ,1110.622 ,1119.468 ,1118.975 ,1119.471 ,1121.107 ,1403.197 ,1376.904 ,1255.227 ,1144.06 ,1037.951 ,937.0489 ,838.5597 ,750.8746 ,658.042 ,559.5544 ,465.4993 ,375.8342 ,291.3516 ,204.8789 ,48.15709 ,-62.28625 ,-116.8083 ,-136.0563 ,-188.0785 ,-198.3676 ,-191.9932 ,-188.9275 ,-174.354 ,-150.1803 ,-138.2479 ,-125.8503 ,-111.4892 ,-98.19437 ,-86.30112 ,-70.20829 ,-56.19552 ,-43.64993 ,-35.80795 ,-25.90605 ,-19.27845 ,-11.05364 ,-3.95862 ,-2.56473 ,1.23468 ,1.23931 ,0.44026 ,1.34898 ,3.21817 ,-10.5685 ,21.46125 ,108.7628 ,285.8629 ,466.4857 ,519.5962 ,414.2349 ,219.0168 ,-18.40114 ,-278.3373 ,-525.2418 ,-751.6968 ,-945.564 ,-1078.089 ,-1156.172 ,-1183.79 ,-1183.818 ,-1171.497 ,-1157.8 ,-1146.951 ,-1135.486 ,-1126.329 ,-1118.313 ,-1117.051 ,-1116.775 ,-1114.207 ,-1115.83 ,-1115.589 ,-1112.392 
800n,10/16/21,2:17:36 PM,0,="",100E,YR6,1980.0,0,32,3,17,-1487.751 ,-1491.321 ,-1487.578 ,-1485.177 ,-1479.333 ,-1474.395 ,-1233.652 ,-1097.883 ,-997.4524 ,-911.7027 ,-803.8873 ,-699.7445 ,-610.3865 ,-507.6851 ,-406.987 ,-314.5476 ,-224.4605 ,-132.6691 ,-34.96977 ,48.30706 ,65.73647 ,-1.53512 ,16.18966 ,-11.8047 ,-33.83465 ,-41.2516 ,-37.24958 ,-36.6244 ,-21.01118 ,-18.79316 ,-10.65173 ,-7.04699 ,0.73134 ,4.40549 ,6.92264 ,10.87138 ,14.52504 ,16.81268 ,17.85844 ,17.7415 ,17.69192 ,12.37373 ,9.87989 ,6.18668 ,3.92315 ,4.17564 ,2.85904 ,1.75342 ,-1.71143 ,-8.08394 ,39.99918 ,75.46141 ,217.149 ,381.8465 ,507.6709 ,618.9809 ,708.4339 ,794.3097 ,913.165 ,1027.479 ,1150.858 ,1261.433 ,1357.996 ,1426.269 ,1463.615 ,1487.394 ,1497.402 ,1500.937 ,1506.935 ,1505.711 ,1501.946 ,1497.347 ,1491.797 ,1491.262 ,1488.317 ,1486.759 ,1486.057 ,1489.19 
800n,10/16/21,2:17:36 PM,0,="",100E,ZR6,1980.0,0,32,3,17,30458.88 ,30475.34 ,30450.48 ,30463 ,30454.58 ,30447.77 ,29546.05 ,27475.88 ,25428.07 ,23352.31 ,21279.45 ,19180.39 ,17111.57 ,15015.7 ,13003.33 ,10979.71 ,8964.765 ,7009.71 ,5097.648 ,3165.458 ,1945.694 ,1668.723 ,1557.929 ,1411.21 ,1281.13 ,1133.84 ,1019.93 ,942.7895 ,849.2117 ,783.5954 ,695.4273 ,616.1767 ,553.7819 ,480.8732 ,412.6109 ,352.1124 ,293.4713 ,245.67 ,204.0813 ,171.5719 ,140.4443 ,98.74555 ,62.57386 ,43.76614 ,31.16167 ,27.68042 ,22.79391 ,17.45963 ,18.24966 ,24.36226 ,1.94043 ,-116.5347 ,-456.5902 ,-1317.219 ,-2752.178 ,-4731.007 ,-7221.843 ,-10218.81 ,-13615.37 ,-17231.91 ,-20809.64 ,-23999.43 ,-26533.42 ,-28280.11 ,-29315.55 ,-29848.39 ,-30090.71 ,-30211.38 ,-30276.35 ,-30319.12 ,-30371.99 ,-30408.66 ,-30428.38 ,-30441.87 ,-30449.8 ,-30454.91 ,-30458.63 ,-30464.55 
800n,10/16/21,2:17:58 PM,0,="",100E,XR7,1980.0,0,32,3,18,1116.562 ,1112.811 ,1114.698 ,1116.322 ,1110.29 ,1120.88 ,1411.521 ,1383.14 ,1245.897 ,1138.574 ,1038.744 ,937.5094 ,847.2612 ,751.8793 ,647.968 ,550.3067 ,465.209 ,373.0954 ,293.1279 ,205.0669 ,44.81124 ,-58.79551 ,-104.7857 ,-134.859 ,-180.3915 ,-189.9057 ,-199.9778 ,-182.7409 ,-170.6281 ,-151.6324 ,-138.453 ,-120.4258 ,-107.5164 ,-100.2667 ,-86.76676 ,-69.42923 ,-54.99152 ,-44.28883 ,-33.01911 ,-26.87321 ,-19.07026 ,-11.8235 ,-4.78918 ,-1.34614 ,0.88895 ,1.26096 ,2.37148 ,2.29043 ,-1.17642 ,7.45064 ,13.44621 ,89.12294 ,275.7047 ,476.3259 ,524.7913 ,422.1037 ,221.559 ,-11.49396 ,-273.1318 ,-526.5282 ,-752.7858 ,-938.3436 ,-1074.993 ,-1153.567 ,-1183.299 ,-1183.75 ,-1171.418 ,-1157.371 ,-1142.812 ,-1134.359 ,-1124.758 ,-1117.969 ,-1115.615 ,-1113.996 ,-1114.974 ,-1113.15 ,-1113.734 ,-1116.235 
800n,10/16/21,2:17:58 PM,0,="",100E,YR7,1980.0,0,32,3,18,-1480.512 ,-1473.476 ,-1488.539 ,-1479.969 ,-1478.288 ,-1484.081 ,-1239.671 ,-1087.799 ,-996.4594 ,-900.9761 ,-795.0642 ,-705.43 ,-598.3168 ,-501.5877 ,-412.4911 ,-317.6305 ,-216.9313 ,-114.0248 ,-18.98327 ,55.24244 ,65.7618 ,-3.7542 ,-18.58353 ,2.02318 ,-30.56176 ,-26.55399 ,-30.62563 ,-31.70268 ,-36.56754 ,-13.41708 ,-5.68884 ,-5.32713 ,3.05723 ,3.97836 ,9.79357 ,7.49215 ,13.54622 ,15.17465 ,17.05164 ,17.84615 ,13.60071 ,11.18582 ,10.47954 ,5.7683 ,3.6638 ,3.59473 ,1.84161 ,4.39286 ,5.9444 ,-5.45144 ,42.7097 ,78.97495 ,214.7999 ,378.675 ,518.7339 ,635.2976 ,714.7979 ,807.6225 ,914.2578 ,1034.576 ,1147.831 ,1272.68 ,1357.025 ,1426.013 ,1465.163 ,1483.771 ,1498.74 ,1501.636 ,1503.458 ,1501.987 ,1500.129 ,1497.619 ,1493.406 ,1491.675 ,1488.07 ,1486.957 ,1486.297 ,1484.805 
800n,10/16/21,2:17:58 PM,0,="",100E,ZR7,1980.0,0,32,3,18,30491.02 ,30474.11 ,30458.6 ,30470.44 ,30474.66 ,30471.23 ,29555.5 ,27475.28 ,25443.5 ,23364.71 ,21263.94 ,19196.11 ,17105.48 ,15051.77 ,12995.56 ,10979.81 ,9002.531 ,7015.029 ,5080.355 ,3192.96 ,1924.6 ,1631.683 ,1527.533 ,1416.577 ,1252.396 ,1145.018 ,1045.956 ,936.2601 ,858.9434 ,771.4355 ,706.1825 ,602.4572 ,546.6708 ,477.6348 ,415.7679 ,351.2459 ,292.2474 ,246.4668 ,209.6823 ,168.1121 ,143.611 ,101.0264 ,66.41673 ,45.43097 ,33.61971 ,28.18666 ,22.86613 ,19.86965 ,19.4129 ,41.60827 ,9.91493 ,-45.97753 ,-449.2524 ,-1372.432 ,-2719.583 ,-4715.069 ,-7249.845 ,-10201.41 ,-13607.29 ,-17223.92 ,-20803.92 ,-23987.81 ,-26519.3 ,-28276.89 ,-29312.45 ,-29837.28 ,-30096.78 ,-30210.92 ,-30278.64 ,-30323.94 ,-30372.13 ,-30409.91 ,-30432.75 ,-30443.82 ,-30452.4 ,-30458.12 ,-30463.47 ,-30468.7 
800n,10/16/21,2:18:11 PM,0,="",100E,XR8,1980.0,0,32,3,19,1115.281 ,1110.593 ,1110.014 ,1118.385 ,1115.746 ,1126.387 ,1414.992 ,1377.681 ,1247.37 ,1137.611 ,1039.406 ,941.9536 ,843.0044 ,744.0881 ,641.3467 ,561.9908 ,468.2757 ,383.0493 ,291.876 ,198.0813 ,56.7345 ,-36.81242 ,-75.08396 ,-134.2949 ,-169.2632 ,-190.1489 ,-193.8793 ,-181.9398 ,-170.1954 ,-156.0823 ,-139.3396 ,-127.6004 ,-115.7136 ,-99.00065 ,-84.98276 ,-71.8597 ,-59.03737 ,-46.72514 ,-36.52054 ,-27.79867 ,-21.15279 ,-10.21563 ,-3.2276 ,-2.15086 ,-1.13238 ,0.63135 ,-0.26807 ,0.9738 ,-0.96667 ,-2.23124 ,-1.92523 ,88.73283 ,291.218 ,468.9556 ,514.3322 ,413.839 ,222.8341 ,-25.16309 ,-278.3293 ,-530.0722 ,-759.0812 ,-945.4857 ,-1072.819 ,-1150.312 ,-1184.618 ,-1180.59 ,-1167.527 ,-1154.075 ,-1141.986 ,-1131.755 ,-1123.076 ,-1116.596 ,-1112.99 ,-1113.503 ,-1111.816 ,-1112.846 ,-1111.679 ,-1113.108 
800n,10/16/21,2:18:11 PM,0,="",100E,YR8,1980.0,0,32,3,19,-1480.824 ,-1493.047 ,-1486 ,-1483.06 ,-1488.467 ,-1477.083 ,-1237.632 ,-1092.026 ,-997.532 ,-903.3781 ,-808.5489 ,-704.3945 ,-591.9656 ,-497.4343 ,-406.7575 ,-308.891 ,-217.1568 ,-125.0406 ,-25.50018 ,58.16271 ,56.56123 ,35.865 ,21.79056 ,-26.48542 ,-12.50133 ,-26.39895 ,-46.38573 ,-32.65685 ,-22.11692 ,-11.40762 ,-14.42185 ,-5.92841 ,-3.24961 ,1.88966 ,10.14152 ,15.17432 ,16.33767 ,16.74784 ,19.15259 ,16.03775 ,14.00546 ,11.6339 ,8.04622 ,7.31678 ,6.67159 ,3.72443 ,4.71252 ,2.18462 ,22.66654 ,0.77415 ,30.16024 ,87.93994 ,213.4219 ,374.9778 ,515.6039 ,633.1169 ,710.2375 ,814.8603 ,907.2408 ,1031.741 ,1144.087 ,1260.95 ,1356.133 ,1424.999 ,1464.051 ,1486.227 ,1501.79 ,1506.552 ,1508.05 ,1510.214 ,1504.642 ,1495.912 ,1495.027 ,1491.951 ,1488.851 ,1488.834 ,1487.488 ,1485.822 
800n,10/16/21,2:18:11 PM,0,="",100E,ZR8,1980.0,0,32,3,19,30463.85 ,30462.57 ,30475.36 ,30481.14 ,30475.29 ,30446.89 ,29559.71 ,27500.68 ,25440.95 ,23365.72 ,21281.42 ,19212.03 ,17092.48 ,15057.25 ,13014.71 ,10967.62 ,9005.821 ,7019.681 ,5093.743 ,3185.426 ,1952.2 ,1593.042 ,1554.917 ,1385.085 ,1255.794 ,1121.743 ,1037.101 ,951.2307 ,839.3728 ,797.5524 ,699.7221 ,635.7623 ,556.4788 ,481.2715 ,411.9548 ,345.37 ,297.6067 ,246.7586 ,206.9446 ,168.6687 ,146.0621 ,101.2614 ,64.18681 ,46.52954 ,35.17023 ,28.45365 ,24.46392 ,17.54549 ,40.94761 ,26.555 ,-33.94484 ,-77.02946 ,-456.2018 ,-1305.659 ,-2738.157 ,-4697.31 ,-7224.111 ,-10217.2 ,-13612.06 ,-17214.2 ,-20800.41 ,-23984.83 ,-26534.29 ,-28272.02 ,-29315.66 ,-29843.84 ,-30081.35 ,-30211.54 ,-30277.74 ,-30314.38 ,-30367.54 ,-30410 ,-30428.37 ,-30441.78 ,-30450.99 ,-30457.38 ,-30463.1 ,-30463.34 
800n,10/16/21,2:18:25 PM,0,="",100E,XR9,1980.0,0,32,3,20,1103.913 ,1103.365 ,1107.49 ,1113.45 ,1113.053 ,1113.728 ,1406.979 ,1363.013 ,1248.31 ,1142.694 ,1035.871 ,934.4321 ,838.3454 ,752.9792 ,647.4436 ,552.3292 ,466.0657 ,370.0195 ,288.6071 ,208.0353 ,57.13271 ,-63.43632 ,-114.8096 ,-135.2981 ,-169.7926 ,-193.0448 ,-184.0252 ,-178.94 ,-166.8081 ,-155.9363 ,-139.0947 ,-132.1594 ,-116.0444 ,-103.2887 ,-87.64285 ,-72.9099 ,-59.20932 ,-44.02183 ,-34.06743 ,-25.23989 ,-17.06976 ,-9.95217 ,-3.68381 ,-0.3869 ,-0.7857 ,-0.79902 ,2.93221 ,1.1446 ,3.02464 ,13.98223 ,37.10121 ,105.9358 ,292.9085 ,468.6605 ,522.1071 ,421.3952 ,218.0796 ,-20.00424 ,-270.4378 ,-530.9574 ,-758.6835 ,-944.2466 ,-1074.484 ,-1149.121 ,-1181.266 ,-1180.628 ,-1168.946 ,-1153.9 ,-1141.726 ,-1132.828 ,-1122.203 ,-1115.994 ,-1112.299 ,-1109.698 ,-1113.803 ,-1111.958 ,-1110.059 ,-1109.832 
800n,10/16/21,2:18:25 PM,0,="",100E,YR9,1980.0,0,32,3,20,-1484.699 ,-1487.433 ,-1480.384 ,-1480.131 ,-1488.274 ,-1480.769 ,-1235.287 ,-1102.118 ,-997.3623 ,-901.8536 ,-796.9838 ,-695.8733 ,-592.9368 ,-513.7364 ,-412.3579 ,-323.1828 ,-219.5269 ,-119.6166 ,-26.97298 ,55.39291 ,52.84958 ,14.43416 ,-7.59706 ,-15.85275 ,-40.75408 ,-50.61936 ,-53.68351 ,-35.19343 ,-21.09309 ,-9.92633 ,-2.46782 ,-11.21121 ,2.98589 ,4.24347 ,7.98355 ,11.92128 ,12.14661 ,13.10236 ,16.84102 ,16.05572 ,18.60441 ,11.56845 ,7.68253 ,2.93949 ,3.85884 ,3.2877 ,4.30438 ,3.37462 ,4.42296 ,2.45416 ,5.10693 ,109.4518 ,222.6697 ,382.737 ,551.4223 ,623.5733 ,719.902 ,807.1585 ,916.0231 ,1024.228 ,1152.871 ,1271.37 ,1357.435 ,1426.808 ,1458.305 ,1486.715 ,1497.953 ,1507.353 ,1507.644 ,1505.052 ,1501.507 ,1496.131 ,1491.173 ,1489.462 ,1489.06 ,1488.475 ,1485.724 ,1487.557 
800n,10/16/21,2:18:25 PM,0,="",100E,ZR9,1980.0,0,32,3,20,30473.55 ,30454.68 ,30451.93 ,30478.31 ,30493.2 ,30453.12 ,29565.1 ,27465.07 ,25421.43 ,23387.89 ,21295.51 ,19200.22 ,17132.31 ,15039.74 ,12991.49 ,11002.62 ,8991.848 ,7015.544 ,5070.801 ,3181.954 ,1952.516 ,1627.468 ,1516.633 ,1378.287 ,1279.861 ,1142.195 ,1055.991 ,933.8614 ,852.6978 ,776.9119 ,702.1815 ,634.4944 ,552.9077 ,483.9679 ,410.7325 ,347.4116 ,295.6596 ,249.7636 ,205.7596 ,171.1623 ,138.8704 ,102.6338 ,65.89043 ,42.0717 ,35.41718 ,28.40476 ,22.51351 ,19.92053 ,12.38632 ,-18.34035 ,54.69679 ,-90.72645 ,-448.869 ,-1267.892 ,-2726.081 ,-4703.978 ,-7208.016 ,-10200.8 ,-13615.4 ,-17231.25 ,-20795.12 ,-23998.94 ,-26532.36 ,-28277.43 ,-29326.88 ,-29853.89 ,-30096.99 ,-30214.12 ,-30280.82 ,-30320.68 ,-30370.91 ,-30411.63 ,-30431.37 ,-30443.63 ,-30452.07 ,-30459.43 ,-30466.05 ,-30470.05 
800n,10/16/21,2:18:42 PM,0,="",100E,XR10,1980.0,0,32,3,21,1111.521 ,1112.075 ,1110.66 ,1110.47 ,1105.537 ,1123.919 ,1416.037 ,1373.803 ,1249.87 ,1140.78 ,1037.384 ,946.0361 ,842.6447 ,736.6608 ,645.7449 ,557.2188 ,468.4717 ,373.9891 ,291.2589 ,203.2293 ,58.52395 ,-49.23522 ,-84.06668 ,-132.4828 ,-167.6521 ,-199.4903 ,-183.4498 ,-181.4906 ,-169.4928 ,-149.1502 ,-139.5336 ,-128.9415 ,-117.9027 ,-102.4017 ,-88.34428 ,-73.59788 ,-59.73653 ,-44.40363 ,-35.29417 ,-25.6914 ,-17.69179 ,-10.98039 ,-3.08755 ,-1.67985 ,-0.46338 ,3.02434 ,1.74398 ,2.32447 ,2.73231 ,-6.17695 ,20.86341 ,114.5638 ,284.6385 ,463.7448 ,514.7821 ,426.7988 ,230.0244 ,-18.7161 ,-279.1681 ,-528.3682 ,-761.0875 ,-942.1033 ,-1078.832 ,-1150.019 ,-1178.397 ,-1179.704 ,-1167.199 ,-1153.647 ,-1141.134 ,-1133.46 ,-1121.995 ,-1114.923 ,-1113.288 ,-1110.901 ,-1110.171 ,-1110.425 ,-1112.623 ,-1112.04 
800n,10/16/21,2:18:42 PM,0,="",100E,YR10,1980.0,0,32,3,21,-1493.903 ,-1497.963 ,-1488.799 ,-1480.627 ,-1486.083 ,-1479.357 ,-1246.226 ,-1097.48 ,-1000.628 ,-897.9713 ,-800.7674 ,-712.7008 ,-601.1692 ,-499.5774 ,-404.5602 ,-307.0514 ,-217.7936 ,-125.0827 ,-23.68489 ,68.23318 ,64.20135 ,40.73381 ,13.74006 ,-19.29452 ,-37.00748 ,-41.93758 ,-43.74904 ,-40.52778 ,-25.87999 ,-13.19352 ,-14.11111 ,-4.75716 ,-5.8343 ,-0.49951 ,6.90534 ,8.08189 ,13.33277 ,15.65413 ,18.33571 ,17.37903 ,19.13239 ,13.95261 ,10.28391 ,8.54656 ,4.6687 ,5.65836 ,4.26217 ,3.98298 ,-1.79705 ,-13.10271 ,6.45965 ,105.267 ,208.2254 ,375.9391 ,534.5137 ,633.6409 ,709.4466 ,809.3873 ,917.2704 ,1029.944 ,1155.759 ,1263.245 ,1361.5 ,1423.889 ,1466.536 ,1490.808 ,1497.463 ,1503.157 ,1505.843 ,1506.3 ,1503.287 ,1498.078 ,1493.749 ,1492.82 ,1489.762 ,1490.085 ,1486.737 ,1485.2 
800n,10/16/21,2:18:42 PM,0,="",100E,ZR10,1980.0,0,32,3,21,30476.7 ,30473.23 ,30473.64 ,30458.62 ,30501.08 ,30464.68 ,29571.01 ,27453.96 ,25444.24 ,23380.89 ,21281.45 ,19219.53 ,17113.25 ,15055.41 ,13022.85 ,10980.62 ,8994.326 ,7017.615 ,5097.617 ,3207.063 ,1906.366 ,1627.579 ,1554.577 ,1416.3 ,1273.581 ,1130.693 ,1044.913 ,949.9123 ,865.9147 ,772.2945 ,707.6189 ,627.2136 ,554.0551 ,478.7957 ,425.0979 ,353.231 ,296.4557 ,249.0214 ,211.8498 ,174.9776 ,144.8794 ,101.8529 ,66.30734 ,46.78816 ,35.31476 ,29.35078 ,23.18102 ,19.11178 ,26.40149 ,8.82667 ,-55.60874 ,-109.6216 ,-441.4991 ,-1344.798 ,-2727.061 ,-4706.295 ,-7238.485 ,-10210.8 ,-13605.2 ,-17240.24 ,-20798.41 ,-23991.67 ,-26516.36 ,-28273.58 ,-29314.81 ,-29846.76 ,-30086.6 ,-30211.36 ,-30281.14 ,-30319.02 ,-30369.7 ,-30410.42 ,-30432.83 ,-30442.17 ,-30454.16 ,-30458.7 ,-30463.35 ,-30467.11 
800n,10/16/21,2:18:55 PM,0,="",100E,XR11,1980.0,0,32,3,22,1103.593 ,1112.219 ,1107.507 ,1101.018 ,1113.015 ,1116.649 ,1407.723 ,1380.357 ,1240.141 ,1147.259 ,1039.279 ,948.5004 ,834.0805 ,740.6638 ,645.3178 ,552.2765 ,468.0325 ,373.3446 ,287.2519 ,203.9371 ,52.10989 ,-45.45062 ,-90.96964 ,-135.4197 ,-166.8452 ,-199.7314 ,-190.7353 ,-188.3348 ,-169.0183 ,-155.064 ,-137.1992 ,-129.1914 ,-116.7468 ,-98.88836 ,-90.45369 ,-74.07202 ,-57.94431 ,-46.85921 ,-31.93461 ,-26.08878 ,-20.52176 ,-9.548 ,-4.76389 ,-2.3337 ,0.61897 ,0.81679 ,1.51965 ,0.687 ,2.43744 ,-2.57981 ,13.84646 ,93.85495 ,277.6485 ,468.6085 ,516.7337 ,424.3778 ,221.8619 ,-25.50381 ,-278.2286 ,-527.8348 ,-762.378 ,-943.9948 ,-1075.33 ,-1152.998 ,-1181.149 ,-1179.668 ,-1166.188 ,-1154.066 ,-1142.164 ,-1132.855 ,-1122.456 ,-1114.801 ,-1114.416 ,-1110.391 ,-1111.752 ,-1111.461 ,-1111.281 ,-1112.28 
800n,10/16/21,2:18:55 PM,0,="",100E,YR11,1980.0,0,32,3,22,-1477.489 ,-1482.924 ,-1490.026 ,-1487.29 ,-1485.599 ,-1474.945 ,-1238.968 ,-1080.774 ,-994.9142 ,-904.8307 ,-800.4422 ,-708.7095 ,-604.2952 ,-500.121 ,-407.2347 ,-316.9734 ,-209.8024 ,-122.7582 ,-23.55417 ,52.22085 ,69.21302 ,33.91951 ,17.07122 ,-18.2576 ,-36.59203 ,-35.15368 ,-37.92413 ,-21.52655 ,-26.93253 ,-21.24149 ,-9.73472 ,-4.18285 ,0.30973 ,-0.09543 ,10.00192 ,12.27844 ,13.93977 ,14.7788 ,16.69227 ,13.67305 ,13.24077 ,12.03966 ,10.70035 ,7.79525 ,5.25817 ,5.87229 ,4.16689 ,2.37709 ,3.02413 ,13.83835 ,67.07906 ,78.24286 ,201.2085 ,377.6541 ,506.9748 ,622.1597 ,716.4495 ,802.4611 ,913.3588 ,1022.798 ,1152.858 ,1262.733 ,1358.379 ,1423.144 ,1466.36 ,1492.794 ,1501.685 ,1507.289 ,1508.462 ,1506.06 ,1503.917 ,1497.327 ,1492.149 ,1492.706 ,1487.476 ,1488.875 ,1485.88 ,1482.89 
800n,10/16/21,2:18:55 PM,0,="",100E,ZR11,1980.0,0,32,3,22,30449.06 ,30474.46 ,30443.62 ,30503.86 ,30467.13 ,30453.95 ,29561.69 ,27470.97 ,25422.2 ,23358.57 ,21268.86 ,19204.45 ,17127.42 ,15043.93 ,12992.97 ,10959.25 ,8983.467 ,7036.33 ,5073.484 ,3194.907 ,1934.1 ,1567.77 ,1546.547 ,1401.777 ,1261.649 ,1111.852 ,1008.584 ,943.6204 ,867.4152 ,757.6356 ,705.3697 ,615.2168 ,565.0993 ,480.0308 ,413.9432 ,350.8355 ,298.6633 ,249.9494 ,211.2795 ,175.138 ,141.0147 ,101.0697 ,65.65216 ,43.39707 ,33.68452 ,27.34343 ,19.776 ,18.77885 ,13.28003 ,25.24787 ,-33.423 ,-71.66415 ,-457.1965 ,-1331.837 ,-2760.82 ,-4732.069 ,-7201.037 ,-10189.96 ,-13615.26 ,-17221.05 ,-20812.02 ,-24014.61 ,-26521.79 ,-28280.38 ,-29321.82 ,-29843.73 ,-30092.28 ,-30213.95 ,-30280.71 ,-30322.56 ,-30373.64 ,-30413.56 ,-30430.65 ,-30443 ,-30452.77 ,-30457.84 ,-30465.1 ,-30459.02 
800n,10/16/21,2:19:08 PM,0,="",100E,XR12,1980.0,0,32,3,23,1118.033 ,1111.803 ,1112.383 ,1114.939 ,1115.591 ,1120.183 ,1413.112 ,1380.632 ,1245.268 ,1137.192 ,1044.818 ,936.1161 ,835.4307 ,743.5739 ,645.605 ,558.1307 ,475.1133 ,374.1411 ,284.935 ,207.1851 ,60.34987 ,-45.36449 ,-91.48641 ,-127.0044 ,-180.1812 ,-186.3886 ,-192.9218 ,-173.2774 ,-164.2318 ,-156.2945 ,-137.7227 ,-127.0869 ,-113.2361 ,-101.2129 ,-86.74322 ,-72.85289 ,-58.21851 ,-46.37188 ,-34.25871 ,-24.74085 ,-19.50983 ,-10.26987 ,-3.59559 ,-1.03962 ,0.2652 ,0.56227 ,0.47313 ,1.40538 ,-3.66199 ,-0.82278 ,24.52135 ,93.59403 ,280.2645 ,453.9945 ,517.6467 ,410.1832 ,226.4549 ,-24.82913 ,-276.8556 ,-524.8145 ,-758.9035 ,-944.9734 ,-1074.966 ,-1148.93 ,-1179.167 ,-1180.219 ,-1166.935 ,-1152.709 ,-1138.145 ,-1130.966 ,-1121.797 ,-1115.984 ,-1113.482 ,-1111.72 ,-1112.261 ,-1112.342 ,-1111.475 ,-1109.28 
800n,10/16/21,2:19:08 PM,0,="",100E,YR12,1980.0,0,32,3,23,-1489.66 ,-1494.075 ,-1489.941 ,-1493.284 ,-1487.891 ,-1477.132 ,-1239.015 ,-1083.191 ,-1002.35 ,-905.1372 ,-810.3186 ,-697.0289 ,-596.9768 ,-513.6949 ,-402.7186 ,-311.6866 ,-211.0488 ,-123.5744 ,-37.3297 ,44.83911 ,60.17356 ,16.76976 ,5.40331 ,-18.66797 ,-54.90451 ,-35.85893 ,-32.64205 ,-20.70072 ,-25.86732 ,-21.409 ,-10.66404 ,-4.37013 ,-0.89922 ,-0.90833 ,11.28777 ,10.33544 ,12.85529 ,14.18806 ,14.98003 ,16.53958 ,14.46199 ,12.39505 ,9.07228 ,6.03971 ,4.85859 ,5.05993 ,3.18115 ,3.66233 ,0.93222 ,0.10741 ,58.56752 ,126.7181 ,209.7031 ,383.236 ,516.7834 ,634.1504 ,724.9582 ,811.6494 ,909.2835 ,1025.066 ,1154.385 ,1262.394 ,1356.675 ,1427.686 ,1462.984 ,1491.508 ,1502.502 ,1506.631 ,1511.246 ,1511.455 ,1505.137 ,1496.951 ,1495.151 ,1490.867 ,1490.531 ,1489.25 ,1488.008 ,1489.549 
800n,10/16/21,2:19:08 PM,0,="",100E,ZR12,1980.0,0,32,3,23,30458.1 ,30452.39 ,30478.08 ,30463.27 ,30465.74 ,30472.34 ,29562.33 ,27501.49 ,25443.62 ,23386.28 ,21303.6 ,19187.2 ,17104.59 ,15055.85 ,13013.2 ,10979.89 ,9001.611 ,7040.295 ,5087.809 ,3188.679 ,1927.116 ,1577.194 ,1503.863 ,1366.525 ,1286.414 ,1115.111 ,1023.339 ,958.1576 ,880.1239 ,793.7099 ,697.8261 ,634.4275 ,550.1065 ,480.5204 ,403.8129 ,350.4752 ,293.817 ,248.9761 ,202.2234 ,170.2 ,140.6105 ,99.939 ,63.64538 ,45.49521 ,33.57519 ,27.59703 ,21.87701 ,18.95319 ,16.9253 ,10.14393 ,-24.27816 ,-83.6791 ,-443.5594 ,-1330.997 ,-2725.46 ,-4698.074 ,-7210.292 ,-10189.89 ,-13605.31 ,-17235.24 ,-20815.28 ,-23997.04 ,-26533.58 ,-28280.55 ,-29316.87 ,-29841.72 ,-30089.72 ,-30212.45 ,-30283.53 ,-30320.53 ,-30373.36 ,-30412.97 ,-30432.27 ,-30445.18 ,-30451.98 ,-30458.22 ,-30463.53 ,-30470.4 
800n,10/16/21,2:24:27 PM,0,="",150E,XR1,1980.0,0,32,3,24,315.6977 ,319.7634 ,308.3585 ,316.4551 ,308.55 ,334.7088 ,703.4648 ,714.7254 ,648.1398 ,596.3734 ,563.4281 ,520.5446 ,469.8903 ,443.7564 ,403.6665 ,359.6578 ,326.5337 ,284.9132 ,247.7487 ,217.213 ,77.2311 ,-35.74848 ,-79.82357 ,-127.4063 ,-165.0885 ,-174.3032 ,-180.1943 ,-165.7871 ,-155.5666 ,-143.5224 ,-134.6918 ,-118.6027 ,-109.7066 ,-97.72247 ,-81.30518 ,-68.12763 ,-53.53549 ,-40.81722 ,-30.20592 ,-20.51469 ,-16.2597 ,-7.13127 ,-0.56117 ,0.35052 ,1.5709 ,2.05395 ,0.94832 ,0.6264 ,4.50048 ,-13.59516 ,27.91077 ,131.4679 ,366.655 ,607.8444 ,678.9424 ,630.9195 ,504.3871 ,341.4133 ,175.986 ,9.00154 ,-139.7867 ,-262.719 ,-340.3129 ,-385.3005 ,-394.208 ,-386.0957 ,-367.3481 ,-351.0956 ,-339.8966 ,-331.5055 ,-321.7424 ,-316.8351 ,-314.4645 ,-313.6858 ,-313.8036 ,-314.9911 ,-314.8325 ,-313.2608 
800n,10/16/21,2:24:27 PM,0,="",150E,YR1,1980.0,0,32,3,24,-1223.97 ,-1233.432 ,-1222.909 ,-1225.116 ,-1212.244 ,-1215.734 ,-985.0256 ,-850.5468 ,-787.381 ,-696.7766 ,-622.1684 ,-541.553 ,-461.5424 ,-389.7045 ,-312.4709 ,-232.5455 ,-151.1067 ,-74.23534 ,-3.09658 ,62.31006 ,40.27682 ,11.72364 ,-16.14407 ,-25.49578 ,-36.54264 ,-38.88762 ,-56.1371 ,-45.44499 ,-39.93416 ,-29.21441 ,-22.02337 ,-16.9033 ,-13.18604 ,-3.675 ,4.37908 ,7.10646 ,13.04041 ,14.82897 ,18.1182 ,17.30129 ,17.52897 ,14.29787 ,9.92512 ,6.4247 ,5.24454 ,5.45197 ,3.86247 ,2.9503 ,-3.86262 ,12.24649 ,42.0764 ,69.10815 ,207.1497 ,392.6253 ,501.7362 ,599.4384 ,661.8895 ,723.5672 ,793.1149 ,872.0131 ,960.2954 ,1047.648 ,1113.824 ,1166.853 ,1207.416 ,1226.976 ,1240.628 ,1244.766 ,1251.148 ,1249.316 ,1246.312 ,1240.637 ,1237.069 ,1235.258 ,1231.367 ,1231.109 ,1230.597 ,1228.165 
800n,10/16/21,2:24:27 PM,0,="",150E,ZR1,1980.0,0,32,3,24,33212.84 ,33180.7 ,33186.04 ,33179.19 ,33184.3 ,33182.04 ,32019.6 ,29687.59 ,27487.61 ,25266.72 ,22949.51 ,20669.57 ,18435.89 ,16165.88 ,13936.65 ,11765.34 ,9580.69 ,7461.413 ,5379.615 ,3267.782 ,1960.436 ,1742.936 ,1598.564 ,1485.958 ,1335.75 ,1211.942 ,1140.613 ,1046.914 ,948.3032 ,863.844 ,770.317 ,696.054 ,615.1892 ,521.1358 ,455.9811 ,391.3364 ,323.6529 ,272.8823 ,224.918 ,186.4744 ,158.1324 ,111.1835 ,69.03889 ,45.78905 ,37.37836 ,31.05889 ,24.45314 ,18.82461 ,32.98983 ,32.66406 ,-71.70974 ,-187.3274 ,-675.6256 ,-1747.914 ,-3333.718 ,-5489.139 ,-8249.407 ,-11438.15 ,-15093.17 ,-18974.8 ,-22803.66 ,-26236.34 ,-28962.47 ,-30845.73 ,-31957.2 ,-32519.27 ,-32788.72 ,-32923.29 ,-32994.13 ,-33036.33 ,-33095.79 ,-33138.1 ,-33161.52 ,-33175.87 ,-33187.25 ,-33192.03 ,-33197.87 ,-33199.68 
800n,10/16/21,2:24:40 PM,0,="",150E,XR2,1980.0,0,32,3,25,315.3668 ,307.484 ,311.2281 ,311.8604 ,315.7063 ,324.3587 ,692.0198 ,711.3055 ,652.8241 ,591.6155 ,559.9045 ,514.9706 ,472.5527 ,439.7316 ,395.8744 ,353.8127 ,326.7029 ,285.7943 ,254.8401 ,209.8931 ,71.97522 ,-25.71195 ,-76.52788 ,-125.8864 ,-154.7099 ,-175.1371 ,-174.5872 ,-173.6462 ,-154.8636 ,-142.4091 ,-128.8495 ,-124.431 ,-110.0777 ,-96.3106 ,-77.50796 ,-67.09793 ,-52.71966 ,-39.30509 ,-29.20694 ,-22.09426 ,-14.50544 ,-6.88569 ,0.42068 ,1.2786 ,2.45376 ,2.67472 ,2.04758 ,1.19595 ,-0.13983 ,-4.33683 ,-7.74145 ,139.7413 ,366.6229 ,595.5166 ,685.0221 ,642.0736 ,510.996 ,345.1321 ,173.923 ,13.66165 ,-140.1028 ,-259.0165 ,-340.8243 ,-385.3 ,-395.3435 ,-384.2933 ,-366.8999 ,-350.5793 ,-341.7834 ,-330.979 ,-322.1879 ,-315.9917 ,-312.9175 ,-314.2203 ,-314.2581 ,-314.7682 ,-315.3461 ,-314.4244 
800n,10/16/21,2:24:40 PM,0,="",150E,YR2,1980.0,0,32,3,25,-1219.103 ,-1222.464 ,-1229.722 ,-1228.785 ,-1233.887 ,-1211.447 ,-989.1623 ,-854.5345 ,-777.9058 ,-705.9397 ,-625.3521 ,-545.2904 ,-464.826 ,-397.7099 ,-305.1079 ,-226.8063 ,-144.3021 ,-89.78563 ,1.11917 ,70.71369 ,55.71818 ,9.59068 ,-8.89152 ,-29.86302 ,-37.47738 ,-53.3846 ,-64.27807 ,-59.14509 ,-40.53495 ,-35.98153 ,-27.62536 ,-18.53884 ,-3.94083 ,-4.22889 ,-0.98187 ,5.93653 ,10.68177 ,14.6193 ,16.12429 ,18.21881 ,15.87475 ,13.71618 ,10.66176 ,6.52485 ,5.75083 ,5.65388 ,4.56814 ,4.18867 ,12.87827 ,18.80747 ,28.67072 ,100.5705 ,206.2732 ,392.9394 ,516.3902 ,598.6922 ,672.6663 ,723.9894 ,791.0193 ,872.2994 ,960.5688 ,1043.832 ,1115.959 ,1175.422 ,1210.747 ,1227.545 ,1240.375 ,1248.153 ,1248.771 ,1249.137 ,1247.964 ,1241.884 ,1236.265 ,1234.624 ,1232.597 ,1231.83 ,1231.317 ,1226.968 
800n,10/16/21,2:24:40 PM,0,="",150E,ZR2,1980.0,0,32,3,25,33194.1 ,33163.44 ,33209.68 ,33189.14 ,33227.74 ,33164.2 ,32036.27 ,29717.97 ,27487.12 ,25235.68 ,22959.46 ,20701.67 ,18432.41 ,16158.95 ,13935.62 ,11759.75 ,9619.361 ,7459.502 ,5318.226 ,3282.1 ,1963.408 ,1673.704 ,1583.458 ,1456.318 ,1355.811 ,1242.406 ,1126.631 ,1037.333 ,940.8197 ,854.8166 ,758.2385 ,695.3791 ,599.3062 ,532.2906 ,459.5694 ,395.1075 ,324.6167 ,270.0596 ,224.3565 ,185.7619 ,151.2364 ,108.9501 ,69.75534 ,47.52511 ,36.41394 ,29.15296 ,25.24135 ,18.44978 ,7.66191 ,11.29806 ,-49.41761 ,-117.6594 ,-688.4656 ,-1743.42 ,-3377.92 ,-5501.689 ,-8207.221 ,-11430.49 ,-15069.83 ,-18987.18 ,-22802.11 ,-26238.58 ,-28960.47 ,-30839.94 ,-31950.53 ,-32520.34 ,-32785.23 ,-32917.42 ,-32983.89 ,-33035.41 ,-33092 ,-33136.75 ,-33160.88 ,-33171.49 ,-33181.48 ,-33188.91 ,-33195.61 ,-33195.33 
800n,10/16/21,2:24:53 PM,0,="",150E,XR3,1980.0,0,32,3,26,311.87 ,312.3047 ,312.6502 ,309.4376 ,318.7811 ,330.3152 ,697.417 ,713.7825 ,651.2672 ,599.8737 ,556.856 ,512.8209 ,478.8437 ,441.6315 ,407.7135 ,356.5541 ,321.3345 ,283.4176 ,258.6394 ,207.6583 ,62.96819 ,-45.14664 ,-65.92392 ,-118.3898 ,-161.2836 ,-192.3446 ,-175.8907 ,-179.6645 ,-158.0985 ,-142.7431 ,-131.0553 ,-122.3721 ,-108.4143 ,-92.24549 ,-81.22311 ,-62.56019 ,-52.96853 ,-41.3178 ,-30.98407 ,-22.25849 ,-15.6123 ,-7.31151 ,-1.88949 ,-0.74304 ,-0.9149 ,1.57149 ,2.47345 ,0.40241 ,-5.80659 ,9.16105 ,29.65867 ,128.3546 ,364.2113 ,607.4936 ,677.8856 ,640.3799 ,502.5739 ,342.039 ,169.24 ,16.4571 ,-143.6887 ,-259.2939 ,-337.4676 ,-385.7317 ,-394.5375 ,-383.3379 ,-368.4674 ,-354.4562 ,-342.9666 ,-331.0349 ,-323.674 ,-318.4437 ,-316.7224 ,-315.6189 ,-315.293 ,-315.077 ,-315.5943 ,-314.8095 
800n,10/16/21,2:24:53 PM,0,="",150E,YR3,1980.0,0,32,3,26,-1223.08 ,-1233.627 ,-1225.504 ,-1224.02 ,-1228.507 ,-1216.071 ,-987.4798 ,-854.3587 ,-786.8323 ,-699.9903 ,-623.9275 ,-536.8154 ,-458.9307 ,-388.1897 ,-307.8863 ,-232.5541 ,-162.9803 ,-83.29101 ,-2.68722 ,60.45374 ,68.91512 ,13.34995 ,18.40874 ,-28.44274 ,-29.45348 ,-48.90489 ,-41.87013 ,-47.89657 ,-42.05698 ,-32.17825 ,-23.81808 ,-17.08008 ,-9.66257 ,-4.74607 ,0.91593 ,5.38249 ,12.22349 ,14.86328 ,16.37012 ,18.05342 ,17.94395 ,16.47423 ,9.43618 ,6.64116 ,4.78469 ,4.35865 ,4.52886 ,1.13584 ,7.62138 ,16.65222 ,9.63122 ,95.86884 ,240.7601 ,365.1857 ,490.9032 ,588.3365 ,661.2686 ,720.9952 ,792.9885 ,878.0645 ,954.6127 ,1045.865 ,1113.976 ,1167.865 ,1201.158 ,1226.62 ,1242.636 ,1246.058 ,1250.191 ,1253.448 ,1247.851 ,1239.02 ,1236.326 ,1234.146 ,1232.179 ,1229.039 ,1228.28 ,1230.185 
800n,10/16/21,2:24:53 PM,0,="",150E,ZR3,1980.0,0,32,3,26,33173.79 ,33176.61 ,33196.92 ,33193.61 ,33210.07 ,33192.95 ,32033.38 ,29708.31 ,27491.34 ,25252.92 ,22953.51 ,20699.9 ,18418.36 ,16187.21 ,13945.6 ,11744.33 ,9581.764 ,7448.069 ,5379.354 ,3263.208 ,1947.924 ,1711.165 ,1560.371 ,1468.163 ,1336.349 ,1260.69 ,1118.857 ,1016.132 ,955.8048 ,866.2717 ,754.7719 ,671.8229 ,615.9754 ,514.8746 ,466.2284 ,382.3279 ,327.4189 ,277.2792 ,227.6429 ,191.5849 ,156.1195 ,109.7079 ,68.5575 ,49.2003 ,35.01777 ,29.24961 ,24.4889 ,19.56529 ,-0.59429 ,19.81467 ,7.48813 ,-199.5171 ,-659.6192 ,-1762.045 ,-3340.835 ,-5551.976 ,-8214.541 ,-11393.54 ,-15088.86 ,-18980.56 ,-22811.25 ,-26239.7 ,-28955.57 ,-30837.91 ,-31954.11 ,-32517.44 ,-32784.22 ,-32918.05 ,-32988.21 ,-33038.8 ,-33089.36 ,-33135.82 ,-33159.92 ,-33171.68 ,-33180.18 ,-33188.94 ,-33194.67 ,-33188.02 
800n,10/16/21,2:25:11 PM,0,="",150E,XR4,1980.0,0,32,3,27,316.2398 ,316.3624 ,317.0737 ,313.9705 ,309.5136 ,326.5869 ,699.4704 ,716.3927 ,653.4843 ,599.7126 ,557.6018 ,521.2859 ,483.5691 ,445.2286 ,391.4874 ,358.227 ,322.0545 ,282.5807 ,254.8351 ,216.3406 ,69.50282 ,-39.30002 ,-90.21475 ,-114.21 ,-152.4225 ,-169.0301 ,-169.8726 ,-166.2261 ,-155.0266 ,-139.6146 ,-135.955 ,-126.8676 ,-109.8049 ,-93.14204 ,-82.15836 ,-67.61435 ,-51.17521 ,-39.87163 ,-27.79921 ,-20.19078 ,-12.51535 ,-5.92153 ,-1.50006 ,2.13405 ,2.03958 ,1.10827 ,0.86516 ,0.59046 ,5.10085 ,-0.18847 ,24.37949 ,112.3574 ,363.1676 ,608.6905 ,692.0776 ,630.6278 ,508.8979 ,346.8424 ,172.1269 ,4.99354 ,-134.8102 ,-263.9355 ,-343.0065 ,-382.7192 ,-391.3755 ,-382.6028 ,-367.4337 ,-350.6881 ,-339.1268 ,-330.9301 ,-321.6311 ,-315.8677 ,-314.4746 ,-315.1752 ,-313.8215 ,-314.4401 ,-315.0533 ,-316.0371 
800n,10/16/21,2:25:11 PM,0,="",150E,YR4,1980.0,0,32,3,27,-1228.431 ,-1230.934 ,-1235.671 ,-1235.806 ,-1236.258 ,-1225.113 ,-982.9266 ,-854.0831 ,-792.1794 ,-701.2852 ,-619.8617 ,-547.1108 ,-475.7689 ,-398.9076 ,-311.7023 ,-225.7347 ,-154.5291 ,-76.54866 ,-8.57183 ,64.81438 ,42.49185 ,-12.76225 ,-22.83171 ,-28.69099 ,-49.07943 ,-48.77114 ,-57.44061 ,-35.49009 ,-40.77223 ,-31.71246 ,-24.02967 ,-18.26037 ,-17.94832 ,-6.95368 ,1.93965 ,5.78425 ,8.97267 ,12.94364 ,15.06736 ,19.72831 ,16.82057 ,15.50046 ,11.27918 ,8.14823 ,6.11162 ,6.51347 ,5.82018 ,4.21313 ,1.09789 ,9.0121 ,16.64817 ,87.69928 ,231.3924 ,383.5678 ,500.9185 ,600.9735 ,665.1269 ,721.7589 ,795.163 ,874.6555 ,963.5896 ,1041.629 ,1121.178 ,1175.047 ,1209.137 ,1230.926 ,1244.119 ,1249.971 ,1252.132 ,1251.797 ,1249.301 ,1243.211 ,1237.78 ,1236.294 ,1233.039 ,1229.694 ,1231.394 ,1228.615 
800n,10/16/21,2:25:11 PM,0,="",150E,ZR4,1980.0,0,32,3,27,33199.04 ,33195.26 ,33186.69 ,33205.07 ,33205.9 ,33182.17 ,32000.23 ,29678.46 ,27496.66 ,25256.11 ,22966.33 ,20679.51 ,18431.78 ,16178 ,13967.89 ,11758.19 ,9573.231 ,7461.693 ,5339.476 ,3295.442 ,1989.1 ,1659.796 ,1562.544 ,1505.494 ,1361.935 ,1246.031 ,1127.522 ,1030.148 ,943.0958 ,848.4019 ,763.3763 ,695.4236 ,602.0802 ,534.0211 ,454.0789 ,387.8481 ,323.8019 ,275.3243 ,225.9273 ,189.6276 ,156.8922 ,109.4291 ,70.4694 ,48.88524 ,36.40985 ,29.66512 ,23.61836 ,22.30219 ,32.21619 ,2.59602 ,50.1725 ,-78.96229 ,-655.8464 ,-1735.478 ,-3327.021 ,-5514.99 ,-8235.42 ,-11444.73 ,-15062.38 ,-18969.9 ,-22806.08 ,-26237.91 ,-28953.65 ,-30832.15 ,-31944 ,-32515.28 ,-32790.35 ,-32912.06 ,-32985.19 ,-33031.57 ,-33091.32 ,-33135.87 ,-33157.85 ,-33169.6 ,-33182.41 ,-33191.26 ,-33192.84 ,-33201.88 
800n,10/16/21,2:25:25 PM,0,="",150E,XR5,1980.0,0,32,3,28,311.5159 ,317.7592 ,313.6083 ,322.1056 ,319.3151 ,321.9521 ,700.7082 ,711.1049 ,647.0236 ,601.5345 ,555.8174 ,522.0139 ,475.969 ,437.509 ,394.6372 ,353.0253 ,321.2717 ,282.8892 ,242.8961 ,212.7815 ,64.73433 ,-45.40503 ,-68.98909 ,-131.4983 ,-145.821 ,-175.2334 ,-174.263 ,-166.5515 ,-162.8778 ,-148.4257 ,-132.2346 ,-122.6069 ,-112.3944 ,-94.49322 ,-78.07111 ,-63.5228 ,-51.56272 ,-39.11462 ,-28.74725 ,-20.73123 ,-14.0142 ,-4.83517 ,-0.45911 ,0.54506 ,2.25856 ,1.42826 ,2.38687 ,2.23295 ,-2.61629 ,-3.92443 ,32.76437 ,130.143 ,378.6691 ,609.5303 ,674.4566 ,632.8462 ,509.538 ,347.4432 ,170.8002 ,6.6874 ,-137.0123 ,-257.6611 ,-338.8605 ,-380.9212 ,-389.6721 ,-379.2324 ,-362.949 ,-350.042 ,-339.1393 ,-330.2712 ,-320.7949 ,-315.5976 ,-313.5228 ,-312.9753 ,-312.9054 ,-313.702 ,-313.6947 ,-314.9623 
800n,10/16/21,2:25:25 PM,0,="",150E,YR5,1980.0,0,32,3,28,-1227.266 ,-1234.609 ,-1236.916 ,-1226.754 ,-1230.033 ,-1216.261 ,-985.4876 ,-866.1619 ,-788.867 ,-699.5216 ,-634.2847 ,-546.8139 ,-461.7841 ,-390.1909 ,-308.3914 ,-232.622 ,-158.7261 ,-81.81973 ,-9.14738 ,65.1741 ,48.70629 ,33.77258 ,-31.24952 ,-29.27531 ,-42.0916 ,-45.14461 ,-46.71867 ,-55.08465 ,-45.32818 ,-39.313 ,-25.16864 ,-22.02904 ,-18.44756 ,-5.86761 ,2.67241 ,6.5919 ,10.36959 ,15.75579 ,17.83089 ,20.26892 ,18.08403 ,18.36426 ,9.47552 ,7.51053 ,6.63574 ,7.1854 ,4.19396 ,3.19885 ,0.83241 ,-3.00235 ,51.38844 ,110.8071 ,211.4054 ,379.9998 ,499.3803 ,582.5905 ,667.4856 ,722.1301 ,795.0734 ,871.3824 ,958.0988 ,1039.318 ,1116.416 ,1171.529 ,1205.48 ,1227.861 ,1243.456 ,1247.968 ,1249.867 ,1250.645 ,1248.985 ,1241.583 ,1237.38 ,1235.63 ,1232.63 ,1230.828 ,1229.665 ,1227.891 
800n,10/16/21,2:25:25 PM,0,="",150E,ZR5,1980.0,0,32,3,28,33181.69 ,33197.45 ,33164.98 ,33182.06 ,33200.91 ,33191.6 ,32020.23 ,29713.6 ,27507.09 ,25258.03 ,22973.72 ,20704.31 ,18434.06 ,16164.42 ,13964.62 ,11776.47 ,9587.655 ,7464.274 ,5360.762 ,3299.041 ,1978.785 ,1735.853 ,1622.373 ,1458.395 ,1347.523 ,1228.226 ,1141.224 ,1044.858 ,946.1643 ,858.8058 ,771.3865 ,683.4045 ,605.0006 ,543.8916 ,458.072 ,388.6246 ,332.891 ,271.0301 ,229.9386 ,191.5421 ,158.0502 ,113.1925 ,70.62853 ,47.18964 ,38.37745 ,30.32487 ,23.84046 ,22.08866 ,31.01241 ,-5.73212 ,-6.00874 ,-90.78472 ,-652.7694 ,-1719.582 ,-3336.243 ,-5467.413 ,-8231.85 ,-11414.48 ,-15064.65 ,-18954.9 ,-22804.44 ,-26237.53 ,-28942.16 ,-30836.84 ,-31949.66 ,-32507.02 ,-32781.66 ,-32914.78 ,-32989.51 ,-33035.61 ,-33089.07 ,-33133.4 ,-33157.41 ,-33169.98 ,-33181.53 ,-33188.21 ,-33190.88 ,-33194.39 
800n,10/16/21,2:25:38 PM,0,="",150E,XR6,1980.0,0,32,3,29,311.2641 ,322.551 ,317.4116 ,309.8576 ,313.6316 ,330.451 ,700.123 ,709.0105 ,638.5866 ,602.8979 ,565.3914 ,516.3872 ,479.8939 ,433.5121 ,397.1288 ,352.5212 ,320.8674 ,280.3651 ,242.4138 ,198.4496 ,68.63748 ,-46.91988 ,-79.68172 ,-105.4384 ,-157.2444 ,-177.3197 ,-176.2374 ,-162.3031 ,-166.4159 ,-143.6066 ,-133.9499 ,-119.2975 ,-110.053 ,-96.49651 ,-81.9462 ,-66.88846 ,-52.9284 ,-40.95998 ,-29.00486 ,-17.90925 ,-13.22655 ,-5.14965 ,-0.94713 ,0.01709 ,2.32017 ,1.43058 ,1.38586 ,1.28065 ,2.19882 ,4.96203 ,31.99428 ,132.2481 ,389.6074 ,605.5329 ,684.6654 ,633.722 ,502.8717 ,339.0705 ,171.7409 ,7.94025 ,-139.907 ,-261.8348 ,-341.3359 ,-383.3543 ,-390.5978 ,-380.0645 ,-364.3895 ,-349.3986 ,-338.0153 ,-328.3312 ,-319.6942 ,-317.1942 ,-314.207 ,-313.3729 ,-315.7809 ,-313.9853 ,-313.9656 ,-313.3958 
800n,10/16/21,2:25:38 PM,0,="",150E,YR6,1980.0,0,32,3,29,-1230.732 ,-1236.319 ,-1230.022 ,-1224.779 ,-1235.883 ,-1222.159 ,-983.0573 ,-863.5613 ,-778.5401 ,-712.485 ,-629.3014 ,-548.6302 ,-467.0258 ,-387.5103 ,-299.1067 ,-237.314 ,-151.5516 ,-82.83757 ,-6.25801 ,60.10061 ,48.25437 ,27.41933 ,-19.32576 ,-25.85888 ,-39.41148 ,-42.24562 ,-52.94744 ,-57.07969 ,-46.99165 ,-37.90676 ,-28.45938 ,-16.9907 ,-14.85056 ,-4.49979 ,0.17951 ,3.69835 ,6.629 ,9.84437 ,14.36642 ,15.8611 ,15.81757 ,13.47875 ,10.35414 ,8.11175 ,6.42573 ,4.03797 ,5.48565 ,3.41477 ,-9.93165 ,12.72273 ,66.43563 ,109.5861 ,214.8438 ,389.0028 ,502.5123 ,592.682 ,661.2804 ,715.5564 ,787.4469 ,875.7948 ,956.0789 ,1047.466 ,1113.039 ,1170.549 ,1205.043 ,1230.253 ,1241.467 ,1244.978 ,1252.26 ,1253.04 ,1248.253 ,1240.221 ,1237.031 ,1234.58 ,1231.291 ,1231.744 ,1232.558 ,1230.669 
800n,10/16/21,2:25:38 PM,0,="",150E,ZR6,1980.0,0,32,3,29,33337.4 ,33283.71 ,33285.68 ,33291.61 ,33285.16 ,33257.77 ,32098.09 ,29791.04 ,27596.95 ,25333.01 ,23074.44 ,20807.74 ,18532.2 ,16287.75 ,14074.07 ,11877.82 ,9678.314 ,7523.44 ,5446.28 ,3375.215 ,2052.764 ,1751.878 ,1657.093 ,1543.911 ,1479.169 ,1286.127 ,1223.435 ,1131.353 ,1044.945 ,965.3432 ,865.0658 ,782.2574 ,703.4412 ,621.4566 ,542.0082 ,474.5706 ,418.4392 ,361.388 ,320.2117 ,279.5616 ,247.0525 ,196.3781 ,62.48303 ,-41.99419 ,-53.78097 ,-60.94771 ,-64.955 ,-71.0662 ,-81.93778 ,-97.8037 ,-127.511 ,-232.7476 ,-781.8341 ,-1816.619 ,-3423.423 ,-5596.895 ,-8322.026 ,-11515.71 ,-15156.64 ,-19052.88 ,-22880.81 ,-26320.3 ,-29042.75 ,-30932.16 ,-32033.22 ,-32606.38 ,-32870.75 ,-33013.25 ,-33078.02 ,-33126.97 ,-33182.77 ,-33227.77 ,-33249.65 ,-33262.08 ,-33270.81 ,-33274.45 ,-33281.79 ,-33291.04 
800n,10/16/21,2:25:59 PM,0,="",150E,XR7,1980.0,0,32,3,30,312.3807 ,314.3921 ,323.4543 ,319.918 ,318.3388 ,324.4944 ,689.67 ,712.9658 ,651.2257 ,602.5574 ,573.9379 ,513.1254 ,476.2968 ,431.2261 ,395.044 ,358.6526 ,318.7664 ,279.3726 ,245.8898 ,214.8855 ,71.76142 ,-38.49446 ,-66.35457 ,-117.6687 ,-162.4413 ,-179.4638 ,-170.833 ,-158.9789 ,-153.2487 ,-137.0431 ,-129.4746 ,-114.148 ,-104.2726 ,-94.41546 ,-79.91871 ,-65.04714 ,-50.34423 ,-39.81398 ,-30.07841 ,-21.21455 ,-14.84001 ,-5.95627 ,0.71914 ,1.69029 ,2.00245 ,1.84826 ,3.39287 ,2.09502 ,-5.51376 ,-2.86251 ,20.71142 ,127.5414 ,378.8903 ,600.084 ,679.8169 ,635.357 ,509.3409 ,349.0045 ,166.6141 ,6.53758 ,-144.6573 ,-259.6197 ,-340.7124 ,-384.8174 ,-390.0737 ,-384.5399 ,-366.6752 ,-352.6882 ,-340.4084 ,-332.0109 ,-321.35 ,-314.1418 ,-312.9559 ,-313.6638 ,-314.7527 ,-312.9595 ,-313.7033 ,-311.6937 
800n,10/16/21,2:25:59 PM,0,="",150E,YR7,1980.0,0,32,3,30,-1226.949 ,-1235.128 ,-1227.17 ,-1233.339 ,-1231.88 ,-1216.993 ,-981.4031 ,-853.2862 ,-779.5352 ,-707.6598 ,-626.8082 ,-539.4063 ,-452.6504 ,-381.2046 ,-305.7919 ,-230.3826 ,-154.6958 ,-82.83403 ,-5.31262 ,67.13175 ,49.26055 ,-0.48131 ,4.4407 ,-32.53807 ,-47.6659 ,-43.37036 ,-47.95342 ,-50.13816 ,-51.16552 ,-30.52313 ,-19.92758 ,-17.05457 ,-10.83058 ,-0.75169 ,1.85921 ,9.80068 ,14.83075 ,16.75877 ,19.56816 ,19.59888 ,20.39116 ,13.35421 ,9.06532 ,8.52465 ,7.66134 ,1.63117 ,4.83484 ,3.82333 ,4.47008 ,5.01066 ,58.3446 ,89.38133 ,225.0036 ,374.4369 ,502.4728 ,593.9631 ,660.1185 ,728.1971 ,791.1086 ,876.8836 ,957.016 ,1043.486 ,1118.041 ,1171.651 ,1206.158 ,1230.306 ,1241.151 ,1245.481 ,1247.289 ,1246.593 ,1245.13 ,1242.441 ,1240.345 ,1231.171 ,1230.963 ,1232.906 ,1228.817 ,1230.47 
800n,10/16/21,2:25:59 PM,0,="",150E,ZR7,1980.0,0,32,3,30,33212.77 ,33170.99 ,33180.54 ,33221.55 ,33190.19 ,33174.85 ,32053.54 ,29717.74 ,27490.23 ,25267.08 ,22970.2 ,20727.93 ,18432.82 ,16178.19 ,13974.37 ,11773.84 ,9594.601 ,7480.534 ,5388.323 ,3295.592 ,1939.645 ,1722.67 ,1605.599 ,1477.457 ,1330.88 ,1223.622 ,1178.427 ,1031.514 ,948.8259 ,865.2727 ,752.2992 ,699.7559 ,608.6075 ,520.8347 ,456.1495 ,391.913 ,324.4523 ,273.2133 ,229.0187 ,191.6527 ,153.5704 ,110.1267 ,70.05085 ,50.33645 ,37.55771 ,29.08588 ,23.84921 ,20.13962 ,35.27122 ,-4.60941 ,-54.4688 ,-161.9397 ,-620.6113 ,-1765.239 ,-3350.543 ,-5501.551 ,-8218.195 ,-11390.78 ,-15049.33 ,-18949.87 ,-22784.64 ,-26227.66 ,-28941.68 ,-30834.31 ,-31950.79 ,-32518.06 ,-32786.42 ,-32922.37 ,-32997.56 ,-33051.62 ,-33096.94 ,-33136.04 ,-33159.22 ,-33174.72 ,-33184.11 ,-33189.97 ,-33196.64 ,-33208.3 
800n,10/16/21,2:26:12 PM,0,="",150E,XR8,1980.0,0,32,3,31,310.9145 ,314.5111 ,306.1318 ,313.2932 ,321.3969 ,327.5611 ,703.1871 ,710.771 ,643.7026 ,608.2586 ,557.7811 ,516.0548 ,481.6504 ,436.0103 ,403.7171 ,355.1588 ,321.6066 ,278.6709 ,254.9121 ,201.8978 ,66.09719 ,-32.95689 ,-69.16641 ,-124.4306 ,-165.5229 ,-179.0099 ,-179.2288 ,-166.0207 ,-157.1397 ,-139.5662 ,-131.4987 ,-117.2177 ,-105.6208 ,-93.35731 ,-77.3799 ,-65.69768 ,-53.45486 ,-38.97716 ,-30.5373 ,-20.79241 ,-14.81396 ,-4.97026 ,-0.22513 ,0.70347 ,2.23265 ,2.22591 ,2.8193 ,1.88571 ,5.69564 ,4.0288 ,6.49005 ,139.9059 ,385.99 ,595.813 ,697.0416 ,639.6149 ,505.987 ,348.8301 ,171.3648 ,10.48985 ,-140.7643 ,-261.1933 ,-344.028 ,-383.3995 ,-395.4387 ,-381.8534 ,-368.7658 ,-352.8628 ,-338.8451 ,-330.0482 ,-320.8257 ,-316.227 ,-314.2904 ,-313.3113 ,-314.974 ,-313.8169 ,-313.8744 ,-311.7176 
800n,10/16/21,2:26:12 PM,0,="",150E,YR8,1980.0,0,32,3,31,-1229.361 ,-1233.625 ,-1238.466 ,-1232.139 ,-1236.523 ,-1215.05 ,-974.8528 ,-861.5783 ,-789.3468 ,-701.0846 ,-627.1654 ,-542.6544 ,-475.9801 ,-380.1883 ,-307.6401 ,-235.1162 ,-156.9772 ,-82.98652 ,-12.0033 ,59.10962 ,60.22828 ,4.42296 ,-10.5305 ,-24.89288 ,-32.67824 ,-52.36017 ,-44.8774 ,-37.13611 ,-42.98793 ,-31.76059 ,-26.69314 ,-14.35762 ,-11.89083 ,-3.42778 ,1.36247 ,8.60996 ,12.66449 ,12.48244 ,17.20193 ,17.76644 ,18.92138 ,14.40118 ,8.66471 ,7.14274 ,7.99615 ,4.4628 ,4.42595 ,4.25794 ,11.82192 ,20.34157 ,57.5897 ,88.87975 ,214.6513 ,392.5987 ,505.4174 ,607.0271 ,658.8086 ,715.7785 ,796.2684 ,879.1989 ,957.6972 ,1043.583 ,1119.931 ,1173.128 ,1209.308 ,1231.285 ,1243.886 ,1249.587 ,1255.233 ,1255.394 ,1250.072 ,1243.007 ,1240.419 ,1236.274 ,1232.378 ,1232.882 ,1231.944 ,1232.407 
800n,10/16/21,2:26:12 PM,0,="",150E,ZR8,1980.0,0,32,3,31,33205.96 ,33204.5 ,33198.5 ,33188.37 ,33184.84 ,33170.56 ,32015.37 ,29733.89 ,27515.85 ,25245.88 ,22985.93 ,20701.02 ,18417.02 ,16207.86 ,13936.8 ,11758.42 ,9614.655 ,7459.493 ,5350.965 ,3291.876 ,1972.533 ,1665.035 ,1570.521 ,1463.262 ,1359.493 ,1247.423 ,1123.096 ,1008.181 ,941.7705 ,860.2088 ,762.0561 ,683.975 ,609.3829 ,526.071 ,452.5723 ,381.7242 ,324.5927 ,273.7455 ,227.8939 ,190.2482 ,154.1905 ,112.4871 ,69.92194 ,49.02177 ,38.55198 ,28.5198 ,21.08455 ,19.84055 ,25.57668 ,10.28681 ,-2.54333 ,-229.951 ,-654.7386 ,-1749.494 ,-3354 ,-5470.619 ,-8206.847 ,-11404.93 ,-15067.34 ,-18959.84 ,-22788.28 ,-26224.61 ,-28965.55 ,-30822.42 ,-31957.88 ,-32518.93 ,-32786.1 ,-32915.55 ,-32988.54 ,-33040.43 ,-33094.13 ,-33135.15 ,-33157.48 ,-33172.41 ,-33181.75 ,-33185.91 ,-33193.71 ,-33193.79 
800n,10/16/21,2:26:25 PM,0,="",150E,XR9,1980.0,0,32,3,32,321.8782 ,313.7116 ,313.2516 ,317.6705 ,314.6281 ,329.3075 ,708.5418 ,720.4874 ,643.0946 ,603.8113 ,563.5274 ,522.2606 ,481.6489 ,433.4179 ,403.3372 ,359.8817 ,327.8707 ,287.7408 ,262.0856 ,207.5089 ,74.50234 ,-35.69781 ,-87.02545 ,-106.705 ,-164.9631 ,-177.0137 ,-184.018 ,-173.0399 ,-158.5722 ,-145.2453 ,-128.9923 ,-114.8696 ,-105.7591 ,-92.40328 ,-78.12918 ,-63.70059 ,-50.91312 ,-39.89272 ,-28.62725 ,-19.99856 ,-12.02305 ,-5.57282 ,-1.37945 ,0.90934 ,0.96022 ,1.96447 ,3.425 ,2.3005 ,6.08727 ,0.41342 ,34.51734 ,143.7159 ,383.2204 ,600.6438 ,688.4247 ,619.0439 ,515.3001 ,350.4024 ,174.0088 ,9.55305 ,-136.484 ,-257.1435 ,-336.9225 ,-379.861 ,-390.5537 ,-380.41 ,-364.666 ,-348.733 ,-338.7633 ,-330.8496 ,-321.4009 ,-316.0081 ,-315.4559 ,-313.3237 ,-313.9812 ,-313.9653 ,-314.9273 ,-316.8867 
800n,10/16/21,2:26:25 PM,0,="",150E,YR9,1980.0,0,32,3,32,-1231.525 ,-1233.326 ,-1220.036 ,-1231.405 ,-1223.845 ,-1212.293 ,-983.8132 ,-863.7442 ,-784.5697 ,-700.6286 ,-625.9023 ,-544.8522 ,-467.8187 ,-392.3547 ,-301.8244 ,-230.0569 ,-147.844 ,-78.51898 ,-2.47595 ,76.72497 ,52.22541 ,0.53197 ,-26.6087 ,-13.84983 ,-35.3381 ,-45.40807 ,-53.07916 ,-41.36486 ,-45.11117 ,-31.99175 ,-30.45964 ,-14.9531 ,-9.75486 ,-4.41738 ,5.15206 ,11.07805 ,15.27042 ,15.77662 ,17.71661 ,20.32915 ,17.32778 ,14.73874 ,10.9329 ,8.90203 ,6.89511 ,5.4664 ,6.51466 ,3.69323 ,4.13722 ,1.51384 ,54.97544 ,92.74288 ,205.851 ,376.8789 ,504.8875 ,599.5281 ,659.9744 ,711.589 ,794.4502 ,870.758 ,964.0174 ,1044.464 ,1112.301 ,1169.439 ,1210.469 ,1231.631 ,1242.857 ,1248.389 ,1249.814 ,1248.757 ,1247.271 ,1242.424 ,1237.333 ,1235.23 ,1233.784 ,1232.461 ,1228.767 ,1227.63 
800n,10/16/21,2:26:25 PM,0,="",150E,ZR9,1980.0,0,32,3,32,33200.22 ,33188.31 ,33170.88 ,33233.99 ,33189.61 ,33180.92 ,32042.6 ,29713.95 ,27526.16 ,25228.51 ,23008.2 ,20751.24 ,18431.94 ,16160.14 ,13957.47 ,11775.55 ,9602.463 ,7490.469 ,5390.985 ,3300.223 ,1948.722 ,1641.537 ,1586.354 ,1483.493 ,1336.748 ,1262.479 ,1137.347 ,1030.022 ,940.6078 ,856.4565 ,783.5649 ,697.2354 ,599.6599 ,525.3992 ,458.2821 ,388.5547 ,330.2931 ,278.48 ,224.2955 ,192.0408 ,157.0327 ,111.0621 ,69.75891 ,50.82316 ,36.0435 ,28.15633 ,24.00035 ,20.88486 ,41.92239 ,3.30228 ,-44.91358 ,-156.3211 ,-590.1657 ,-1700.683 ,-3308.649 ,-5522.863 ,-8192.584 ,-11397.7 ,-15055.52 ,-18943.38 ,-22805.29 ,-26221.14 ,-28958.13 ,-30843.85 ,-31957.23 ,-32512.52 ,-32784.56 ,-32917.27 ,-32984.9 ,-33039.93 ,-33093.7 ,-33134.5 ,-33158.83 ,-33170.76 ,-33180.41 ,-33187.98 ,-33196.21 ,-33212.75 
800n,10/16/21,2:31:22 PM,0,="",150E,XR10,1980.0,0,32,1,33,9.66972 ,-2.13042 ,-0.01976 ,1.12778 ,1.75652 ,1.88571 ,2.59146 ,2.00021 ,5.69463 ,3.85958 ,2.62895 ,1.39427 ,3.37878 ,-3.77041 ,6.81886 ,-0.65053 ,4.32417 ,3.82715 ,1.73524 ,5.24625 ,8.63618 ,11.49565 ,-0.038 ,-7.85122 ,8.90925 ,-6.21241 ,2.27264 ,2.45045 ,4.01765 ,-1.11682 ,5.00512 ,2.71812 ,-0.61016 ,-3.57812 ,2.10006 ,-0.25373 ,0.58924 ,0.69078 ,-1.79013 ,-1.69739 ,-0.33025 ,1.26978 ,1.06896 ,0.97638 ,0.38111 ,0.31109 ,-0.28145 ,-0.8403 ,-5.30452 ,10.55026 ,-2.50787 ,7.86051 ,15.28362 ,-2.23048 ,0.98288 ,4.27821 ,1.29587 ,-0.49144 ,-1.35463 ,0.10422 ,2.57934 ,-1.50116 ,0.52866 ,-0.45753 ,0.25233 ,-0.44329 ,-0.37382 ,1.13857 ,-2.14447 ,-0.1122 ,0.88549 ,-0.76934 ,0.60749 ,-0.44168 ,0.53877 ,0.44262 ,-0.11847 ,0.1764 
800n,10/16/21,2:31:22 PM,0,="",150E,YR10,1980.0,0,32,1,33,4.44475 ,-4.59725 ,0.71892 ,-3.91531 ,5.60039 ,-6.54933 ,-16.31126 ,8.40718 ,-13.7583 ,9.61652 ,-0.77313 ,-11.56607 ,-1.21543 ,3.17714 ,0.01216 ,-7.27585 ,-6.05941 ,-3.25871 ,-14.74118 ,-15.35877 ,1.80668 ,21.76523 ,-10.35064 ,7.06931 ,-19.25736 ,-15.05023 ,0.42847 ,-7.99308 ,-4.67502 ,2.62439 ,-2.81643 ,0.76159 ,-2.51458 ,0.67724 ,-1.81463 ,-0.10674 ,-3.07455 ,-3.0404 ,-4.0332 ,-2.21696 ,-0.96109 ,-0.86576 ,1.27291 ,-1.01079 ,0.26944 ,-0.28008 ,0.30168 ,-2.1539 ,-1.49104 ,-5.20724 ,-21.09647 ,-20.18958 ,-6.62009 ,-17.07375 ,1.8999 ,-10.1393 ,-1.74678 ,2.79158 ,-4.74088 ,-7.04494 ,-2.88712 ,-5.455 ,2.10442 ,-2.64466 ,-6.58078 ,-1.72346 ,-0.04815 ,-1.81157 ,0.25345 ,0.76719 ,2.8456 ,-0.25868 ,-0.24157 ,-0.13488 ,-0.72086 ,0.89982 ,0.26312 ,2.66129 
800n,10/16/21,2:31:22 PM,0,="",150E,ZR10,1980.0,0,32,1,33,-0.4119 ,-9.89518 ,-3.90264 ,17.98925 ,16.14964 ,20.65062 ,-13.86368 ,-10.86843 ,-13.86216 ,10.82232 ,8.91179 ,-23.25627 ,6.45003 ,-6.55997 ,27.64529 ,-5.69159 ,12.19228 ,-8.90621 ,-24.71184 ,-2.10559 ,-3.60525 ,41.70656 ,39.84466 ,-2.68857 ,12.86357 ,-16.57927 ,24.57201 ,-10.79086 ,-10.78973 ,4.80453 ,-2.61643 ,9.94244 ,-0.25715 ,-0.5815 ,3.35263 ,-5.25368 ,-6.0172 ,3.61353 ,-1.34137 ,-1.75997 ,0.40362 ,-0.61697 ,-1.4184 ,-0.39019 ,0.2235 ,-1.12979 ,2.82233 ,-2.35314 ,5.24727 ,-33.18184 ,55.52261 ,-13.04597 ,-68.42334 ,-21.00527 ,-29.63233 ,-25.88638 ,-17.02871 ,-1.18385 ,-17.89292 ,-14.23271 ,-4.74721 ,-11.37241 ,-9.75198 ,4.01025 ,-3.49342 ,-3.47859 ,1.19077 ,-0.46538 ,-3.04742 ,-1.15463 ,3.65188 ,-0.72139 ,-0.60232 ,0.24236 ,-0.96193 ,-0.15525 ,-1.20615 ,-3.76078 
