l3400eb,2021-08-16,10:45:16,0,="",2300N,ZR1,2000.0,0,64,6,1,2.01722 ,-0.91277 ,0.77528 ,2.01128 ,2.7911 ,-78.77005 ,-3063.474 ,-3492.961 ,-3291.626 ,-3201.298 ,-3122.531 ,-3048.632 ,-2985.219 ,-2922.173 ,-2861.648 ,-2808.314 ,-2750.703 ,-2698.804 ,-2643.531 ,-2575.609 ,-2466.671 ,-2229.123 ,-1902.536 ,-1134.553 ,-176.1802 ,307.6947 ,327.3055 ,219.5027 ,130.6467 ,78.42641 ,47.36606 ,30.32598 ,21.63935 ,18.87635 ,10.51254 ,3.24482 ,1.82974 ,2.56624 ,3.95012 ,-0.59415 ,2.77306 ,0.40442 ,2.90555 ,3.13884 ,-3.50783 ,-122.9579 ,-1103.514 ,-3921.656 ,-6274.037 ,-6247.116 ,-5217.053 ,-4189.897 ,-3255.255 ,-2395.668 ,-1623.128 ,-975.7023 ,-507.1789 ,-220.2849 ,-75.06338 ,-15.65248 ,-3.78088 ,1.69391 ,3.92844 ,2.25252 ,1.58383 ,2.71908 
l3400eb,2021-08-16,10:45:20,0,="",2300N,ZR2,2000.0,0,64,6,2,11.77399 ,13.72097 ,17.25911 ,14.84214 ,15.70617 ,-68.63903 ,-3063.345 ,-3492.29 ,-3293.403 ,-3198.624 ,-3117.546 ,-3047.892 ,-2980.109 ,-2922.573 ,-2863.916 ,-2817.623 ,-2759.407 ,-2701.68 ,-2644.66 ,-2571.586 ,-2459.371 ,-2223.295 ,-1898.421 ,-1132.279 ,-177.7857 ,314.9444 ,333.52 ,218.8454 ,127.7604 ,74.32399 ,44.06041 ,23.25828 ,18.02273 ,19.06392 ,7.29048 ,6.94806 ,4.42989 ,1.17875 ,0.56368 ,2.0832 ,1.24194 ,11.26121 ,6.46737 ,3.62489 ,-1.32504 ,-119.7121 ,-1105.38 ,-3922.583 ,-6273.252 ,-6254.836 ,-5225.894 ,-4193.669 ,-3255.063 ,-2387.524 ,-1617.832 ,-977.3993 ,-510.5628 ,-229.2259 ,-73.71856 ,-17.60973 ,-0.39761 ,-2.45332 ,5.11508 ,0.5153 ,3.32595 ,4.46698 
l3400eb,2021-08-16,10:45:25,0,="",2300N,ZR3,2000.0,0,64,6,3,-11.1985 ,-11.84188 ,-9.26133 ,-6.68261 ,-6.79563 ,-79.78058 ,-3066.491 ,-3497.096 ,-3290.046 ,-3195.695 ,-3114.098 ,-3041.361 ,-2980.928 ,-2924.308 ,-2872.525 ,-2821.117 ,-2774.742 ,-2719.194 ,-2661.687 ,-2586.029 ,-2471.85 ,-2231.137 ,-1901.949 ,-1135.676 ,-178.8061 ,311.3592 ,336.1314 ,226.8659 ,139.5878 ,83.28236 ,52.11957 ,36.07901 ,25.5055 ,11.04102 ,16.75346 ,4.99686 ,1.77599 ,-1.49963 ,4.68778 ,0.18234 ,3.16927 ,-2.71551 ,1.48094 ,6.7051 ,-2.57371 ,-116.508 ,-1097.601 ,-3920.404 ,-6270.643 ,-6246.007 ,-5218.282 ,-4189.62 ,-3253.965 ,-2392.941 ,-1626.349 ,-990.781 ,-516.0706 ,-213.9821 ,-75.31399 ,-11.65467 ,-1.33022 ,-0.08735 ,3.62874 ,0.25947 ,3.21529 ,-0.47009 
l3400eb,2021-08-16,10:45:29,0,="",2300N,ZR4,2000.0,0,64,6,4,6.9492 ,7.02678 ,6.58887 ,6.83833 ,-4.212 ,-79.58789 ,-3069.906 ,-3499.173 ,-3293.013 ,-3200.61 ,-3120.023 ,-3050.896 ,-2987.304 ,-2929.284 ,-2876.238 ,-2816.915 ,-2762.092 ,-2701.539 ,-2638.496 ,-2569.445 ,-2456.701 ,-2217.427 ,-1892.116 ,-1125.693 ,-175.765 ,313.1465 ,338.0146 ,221.9219 ,131.3965 ,77.10446 ,48.89171 ,30.59652 ,26.45875 ,19.35272 ,14.70458 ,1.70384 ,3.19274 ,1.71392 ,3.96437 ,-1.2699 ,2.45723 ,3.56769 ,6.79881 ,0.54962 ,-5.82961 ,-122.5844 ,-1107.493 ,-3931.506 ,-6275.493 ,-6254.193 ,-5223.039 ,-4195.548 ,-3251.648 ,-2393.367 ,-1622.068 ,-976.9593 ,-505.5305 ,-220.5388 ,-71.86952 ,-16.57053 ,-2.62455 ,0.66802 ,2.85419 ,1.56966 ,2.41166 ,2.78457 
l3400eb,2021-08-16,10:45:34,0,="",2300N,ZR5,2000.0,0,64,6,5,8.84596 ,6.27495 ,1.78227 ,-1.14585 ,-2.80375 ,-84.68011 ,-3074.096 ,-3503.121 ,-3294.232 ,-3198.645 ,-3116.899 ,-3044.996 ,-2976.76 ,-2922.931 ,-2866.893 ,-2810.728 ,-2759.178 ,-2700.993 ,-2643.164 ,-2575.623 ,-2464.335 ,-2225.72 ,-1899.411 ,-1133.345 ,-181.1853 ,301.7167 ,322.5931 ,207.684 ,115.0405 ,64.95611 ,46.35375 ,34.14441 ,26.4778 ,16.31486 ,6.19353 ,10.15194 ,4.55747 ,1.27002 ,0.91848 ,3.46913 ,2.43775 ,8.87208 ,-3.59489 ,-8.45371 ,-12.87134 ,-128.6761 ,-1107.818 ,-3924.589 ,-6281.771 ,-6253.17 ,-5221.9 ,-4190.193 ,-3247.266 ,-2388.057 ,-1616.605 ,-982.3834 ,-515.5801 ,-224.4822 ,-68.11826 ,-19.66008 ,-1.17764 ,-2.66417 ,3.01676 ,2.3057 ,4.40166 ,7.85847 
l3400eb,2021-08-16,10:45:38,0,="",2300N,ZR6,2000.0,0,64,6,6,-5.52174 ,-5.55462 ,-1.46499 ,-0.64655 ,0.16997 ,-73.08715 ,-3058.907 ,-3488.661 ,-3279.763 ,-3189.098 ,-3104.425 ,-3030.023 ,-2971.585 ,-2912.672 ,-2863.785 ,-2812.716 ,-2759.23 ,-2708.933 ,-2650.371 ,-2582.215 ,-2471.63 ,-2231.908 ,-1906.431 ,-1140.13 ,-184.8568 ,307.1852 ,321.0211 ,215.5164 ,131.1331 ,79.38227 ,50.75409 ,29.82672 ,17.56282 ,5.18593 ,15.29529 ,5.71195 ,7.75755 ,1.48763 ,-0.60997 ,2.53688 ,0.75481 ,0.1729 ,3.44078 ,5.28838 ,-3.03891 ,-121.8432 ,-1095.737 ,-3913.662 ,-6270.891 ,-6240.741 ,-5208.01 ,-4180.002 ,-3238.005 ,-2380.582 ,-1620.095 ,-985.0111 ,-514.377 ,-214.7189 ,-77.61367 ,-13.31974 ,-0.8964 ,1.7759 ,-0.53123 ,1.54803 ,1.8069 ,4.10685 
l3400eb,2021-08-16,10:46:37,0,="",2300N,XR1,2000.0,0,64,6,7,-2.53907 ,1.017 ,-0.2793 ,-0.06659 ,-1.67287 ,-166.2232 ,-1639.51 ,-377.1367 ,-195.6717 ,-142.0424 ,-108.1977 ,-90.07514 ,-79.52137 ,-79.44307 ,-72.11475 ,-66.53224 ,-62.99643 ,-58.54622 ,-49.46012 ,-44.19554 ,56.61626 ,368.7665 ,674.0195 ,1090.58 ,1133.505 ,712.2768 ,315.8145 ,120.424 ,48.75687 ,23.38341 ,13.75555 ,8.24561 ,4.41342 ,3.66422 ,0.70795 ,0.13595 ,0.01962 ,-0.71501 ,0.51246 ,-0.4615 ,0.20994 ,-0.44948 ,-5.26403 ,17.41135 ,-9.82778 ,-303.1446 ,-1640.789 ,-3113.016 ,-2414.063 ,-832.0421 ,-37.42763 ,192.6691 ,214.8197 ,188.3542 ,138.9099 ,92.01633 ,53.30855 ,24.34192 ,8.47341 ,2.88544 ,0.96199 ,0.32626 ,0.22892 ,0.11088 ,0.10619 ,-0.94116 
l3400eb,2021-08-16,10:46:42,0,="",2300N,XR2,2000.0,0,64,6,8,0.96185 ,0.37467 ,0.21255 ,-1.71494 ,0.1977 ,-169.034 ,-1637.221 ,-374.7574 ,-199.6245 ,-137.2625 ,-105.013 ,-90.09279 ,-75.77683 ,-70.2101 ,-74.3879 ,-63.16667 ,-64.50966 ,-57.48207 ,-49.63889 ,-47.83131 ,18.93993 ,367.6226 ,769.1194 ,1173.981 ,1065.77 ,672.7234 ,348.9743 ,113.9669 ,51.23446 ,23.33346 ,15.51695 ,8.42412 ,5.20994 ,1.47313 ,0.73972 ,0.41758 ,-0.10984 ,0.24838 ,-0.32778 ,-0.01361 ,-0.1195 ,-0.81865 ,0.68947 ,0.89211 ,-43.56541 ,-334.3298 ,-1618.948 ,-3085.006 ,-2425.547 ,-833.2611 ,-33.92614 ,187.9942 ,216.0763 ,188.8102 ,141.0564 ,93.37189 ,51.39907 ,24.97191 ,8.88472 ,2.77531 ,0.3483 ,0.08594 ,-0.29587 ,0.02062 ,0.27632 ,-1.62119 
l3400eb,2021-08-16,10:46:46,0,="",2300N,XR3,2000.0,0,64,6,9,-1.35081 ,3.94664 ,-1.30807 ,-1.67119 ,2.02428 ,-165.245 ,-1641.79 ,-375.6468 ,-197.2389 ,-140.514 ,-105.3357 ,-90.46798 ,-79.87691 ,-74.04871 ,-68.43985 ,-67.01893 ,-62.65012 ,-58.877 ,-50.93345 ,-41.3894 ,58.9943 ,373.9384 ,678.3375 ,1087.656 ,1123.341 ,715.4622 ,315.2759 ,119.4956 ,50.1121 ,23.33698 ,13.37023 ,6.37564 ,3.96467 ,2.77579 ,1.58153 ,-0.30051 ,-0.01324 ,-0.04388 ,-0.19955 ,-0.12543 ,-0.05496 ,-0.18704 ,1.21096 ,-1.22315 ,-44.7731 ,-336.8582 ,-1607.84 ,-3082.528 ,-2422.987 ,-834.7977 ,-30.78624 ,188.4186 ,216.0025 ,188.7607 ,140.788 ,92.37306 ,52.97973 ,23.91665 ,9.14437 ,2.13956 ,0.66091 ,0.26105 ,-0.15298 ,-0.18681 ,-0.33143 ,-0.56603 
l3400eb,2021-08-16,10:46:51,0,="",2300N,XR4,2000.0,0,64,6,10,-1.22772 ,1.93529 ,2.56798 ,-1.75035 ,-1.48944 ,-166.5975 ,-1639.414 ,-375.9769 ,-198.064 ,-136.9515 ,-105.8205 ,-88.33117 ,-79.78647 ,-75.88563 ,-72.47224 ,-67.41046 ,-60.66626 ,-57.36621 ,-52.91109 ,-43.03143 ,56.07689 ,374.7414 ,682.7239 ,1091.557 ,1119.025 ,713.1576 ,319.6956 ,118.3226 ,51.91431 ,22.54076 ,13.2047 ,8.11159 ,2.98441 ,2.7514 ,0.8358 ,0.41979 ,0.26242 ,-0.57698 ,0.02466 ,-0.18871 ,-0.10155 ,-0.02656 ,1.45877 ,-14.07834 ,-30.36158 ,-314.7166 ,-1603.602 ,-3095.934 ,-2423.871 ,-834.2785 ,-33.32285 ,188.7689 ,218.8694 ,189.3689 ,140.6128 ,91.8924 ,52.69875 ,25.00644 ,8.86862 ,2.3416 ,1.04627 ,-0.15562 ,-0.34009 ,-0.39887 ,0.36827 ,0.70218 
l3400eb,2021-08-16,10:46:55,0,="",2300N,XR5,2000.0,0,64,6,11,-1.01551 ,-2.08502 ,0.73549 ,0.25535 ,1.11866 ,-164.6093 ,-1639.318 ,-375.8273 ,-199.2555 ,-138.6316 ,-106.12 ,-89.25914 ,-80.46539 ,-75.32518 ,-73.04223 ,-65.50271 ,-62.36157 ,-57.96419 ,-49.61821 ,-41.30709 ,61.18594 ,370.5416 ,670.1731 ,1085.759 ,1122.595 ,716.2486 ,315.0559 ,120.5628 ,48.61174 ,23.28995 ,13.50767 ,6.94914 ,3.73514 ,1.85854 ,1.48935 ,0.48505 ,-0.14574 ,-0.45431 ,-0.17507 ,0.00681 ,-0.08306 ,-0.0284 ,0.82671 ,-0.77179 ,-28.75901 ,-325.2621 ,-1628.251 ,-3085.682 ,-2406.927 ,-841.233 ,-29.18258 ,192.5747 ,216.805 ,186.3613 ,141.4339 ,93.09937 ,52.38306 ,24.79401 ,8.193 ,2.80181 ,0.70413 ,-0.44993 ,-0.32551 ,-0.02863 ,0.41068 ,-1.55871 
l3400eb,2021-08-16,10:46:59,0,="",2300N,XR6,2000.0,0,64,6,12,-3.82601 ,-0.8465 ,0.70487 ,0.32471 ,0.67577 ,-165.9866 ,-1638.482 ,-375.2694 ,-199.6856 ,-135.8502 ,-105.8861 ,-88.18749 ,-79.47958 ,-74.15724 ,-69.57476 ,-65.3466 ,-61.34042 ,-60.13215 ,-51.00947 ,-42.82827 ,59.08031 ,369.5672 ,674.3195 ,1091.266 ,1122.632 ,715.4968 ,316.1046 ,119.251 ,48.77433 ,24.65723 ,14.74841 ,7.99088 ,4.43489 ,1.75638 ,0.83419 ,0.54039 ,0.68415 ,-0.39158 ,-0.10418 ,0.10244 ,-0.00086 ,-0.41956 ,-0.00077 ,-2.26502 ,-38.55559 ,-330.3471 ,-1614.775 ,-3085.142 ,-2414.511 ,-839.8369 ,-30.86367 ,190.2255 ,218.19 ,188.6556 ,139.708 ,92.45748 ,52.31268 ,24.73661 ,8.34094 ,2.54854 ,0.6815 ,-0.21112 ,-0.1584 ,-0.01568 ,0.07451 ,-0.66841 
l3400eb,2021-08-16,10:47:26,0,="",2300N,YR1,2000.0,0,64,6,13,-2.44523 ,-1.23037 ,-1.50064 ,-0.35483 ,-1.78949 ,-14.25892 ,48.35543 ,-64.78056 ,-60.88309 ,-40.80087 ,-32.94905 ,-16.3188 ,-16.20215 ,-6.47823 ,-3.76802 ,-4.44581 ,-1.85119 ,-5.80128 ,-4.09784 ,-2.05443 ,0.84913 ,10.10252 ,-1.06648 ,-29.47853 ,-38.69302 ,-4.50076 ,36.97075 ,43.42413 ,27.50066 ,17.37772 ,8.04951 ,3.93973 ,4.59914 ,1.98527 ,-0.75733 ,0.86715 ,-1.29798 ,1.14357 ,0.24949 ,0.80697 ,0.15134 ,-0.56397 ,-2.57024 ,-2.20602 ,-10.76655 ,-46.84529 ,-28.43747 ,87.62762 ,67.05569 ,-77.98004 ,-116.4217 ,-71.86436 ,-24.58523 ,0.38612 ,11.41999 ,11.49492 ,5.76178 ,4.47438 ,3.81488 ,-0.23882 ,-0.81799 ,1.76962 ,0.4636 ,0.67462 ,-0.32754 ,0.75258 
l3400eb,2021-08-16,10:47:31,0,="",2300N,YR2,2000.0,0,64,6,14,-3.84052 ,-3.41381 ,-3.94606 ,-1.01079 ,-1.50837 ,-14.20774 ,49.82834 ,-62.36951 ,-52.06503 ,-39.30428 ,-28.96793 ,-23.41582 ,-17.55939 ,-16.14098 ,-13.17426 ,-6.6075 ,-8.13226 ,-6.46594 ,-6.0478 ,-8.10756 ,0.19209 ,10.25153 ,-2.54333 ,-32.49703 ,-42.27151 ,-2.29674 ,32.83019 ,43.24723 ,29.16355 ,19.8815 ,12.92943 ,6.61157 ,1.59068 ,0.41303 ,1.32968 ,1.81004 ,0.2928 ,-1.01025 ,0.66266 ,0.39968 ,0.65996 ,-1.94593 ,0.50169 ,-0.00149 ,-23.26327 ,-54.0344 ,-21.60808 ,89.3164 ,73.22286 ,-79.90894 ,-113.3872 ,-68.27433 ,-24.8665 ,-1.91049 ,8.4716 ,10.06225 ,6.31711 ,6.58509 ,0.91156 ,2.00262 ,0.65948 ,-0.28116 ,0.11836 ,0.01647 ,0.32959 ,-3.87316 
l3400eb,2021-08-16,10:47:35,0,="",2300N,YR3,2000.0,0,64,6,15,4.31561 ,2.80759 ,0.2929 ,-1.63962 ,-3.41032 ,-18.81567 ,46.45663 ,-66.21771 ,-56.55473 ,-36.78848 ,-24.54913 ,-19.42771 ,-18.17879 ,-11.6715 ,-7.85019 ,-8.97117 ,-6.29181 ,-3.86187 ,-2.92263 ,-2.87036 ,-2.57245 ,22.589 ,10.30625 ,-36.95969 ,-50.22186 ,6.67139 ,27.64578 ,43.83065 ,30.95672 ,16.86592 ,7.9877 ,2.71258 ,3.43608 ,3.24339 ,0.00669 ,1.89189 ,0.17992 ,0.14045 ,0.0262 ,0.26797 ,-0.13069 ,2.89183 ,-2.1716 ,-2.04095 ,-21.78573 ,-52.80424 ,-30.96322 ,89.62525 ,64.0227 ,-82.36274 ,-114.261 ,-76.75284 ,-23.55874 ,0.43295 ,13.22852 ,9.82082 ,5.45524 ,2.80286 ,3.79094 ,0.77171 ,-0.072 ,-0.37311 ,1.0627 ,-0.18355 ,-0.16406 ,5.07449 
l3400eb,2021-08-16,10:47:40,0,="",2300N,YR4,2000.0,0,64,6,16,0.20606 ,-1.07456 ,-1.66579 ,-5.20633 ,-1.84956 ,-16.26089 ,48.54773 ,-63.93772 ,-56.75943 ,-39.47862 ,-25.24965 ,-17.58481 ,-15.52154 ,-11.03943 ,-7.75866 ,-8.11541 ,-7.74243 ,-8.88072 ,-5.68416 ,-5.58773 ,6.69984 ,9.7754 ,-2.72738 ,-34.44334 ,-42.46493 ,1.75596 ,33.56227 ,39.4293 ,29.45738 ,15.7834 ,7.98941 ,8.03694 ,6.12016 ,0.09658 ,1.69275 ,2.24004 ,-0.55536 ,-0.87553 ,0.99915 ,0.23703 ,0.38945 ,-1.59198 ,-3.95118 ,-3.5408 ,-16.97871 ,-43.79323 ,-23.563 ,89.86681 ,67.2427 ,-78.89889 ,-114.8669 ,-72.37218 ,-23.6605 ,3.0901 ,11.21119 ,7.45347 ,5.89771 ,6.13908 ,2.69639 ,2.04397 ,0.23992 ,0.62903 ,0.42258 ,0.02858 ,1.01129 ,0.09709 
l3400eb,2021-08-16,10:47:44,0,="",2300N,YR5,2000.0,0,64,6,17,34.09197 ,34.46271 ,-26.32702 ,4.53966 ,-7.19007 ,-15.26291 ,40.65309 ,-66.42598 ,-59.49493 ,-39.58554 ,-31.3581 ,-22.65843 ,-14.58146 ,-10.78099 ,-10.47256 ,-6.27877 ,-5.14067 ,-4.18481 ,-0.49057 ,-3.98152 ,8.92743 ,12.17867 ,-0.09011 ,-28.46719 ,-44.43043 ,-0.16573 ,40.33265 ,41.04965 ,32.07553 ,19.85645 ,7.73089 ,2.51779 ,5.22231 ,3.87113 ,-1.74487 ,1.7984 ,0.82234 ,0.10504 ,-0.35497 ,0.92864 ,-0.02287 ,3.84909 ,-1.55259 ,1.18464 ,-22.38341 ,-56.72965 ,-32.2992 ,90.51018 ,65.70346 ,-77.67556 ,-118.9525 ,-74.67857 ,-26.12328 ,0.59086 ,11.01731 ,8.19571 ,6.04914 ,3.1265 ,4.93991 ,1.85205 ,0.24193 ,0.1522 ,1.54293 ,-0.33177 ,0.71685 ,26.97249 
l3400eb,2021-08-16,10:47:49,0,="",2300N,YR6,2000.0,0,64,6,18,2.85392 ,0.52182 ,1.95347 ,4.00674 ,3.93188 ,-9.3177 ,53.91557 ,-57.56493 ,-54.47802 ,-37.98897 ,-28.97703 ,-21.59898 ,-17.75352 ,-15.79763 ,-11.3802 ,-7.71564 ,-7.78649 ,-5.20838 ,-5.2484 ,-4.95263 ,1.65738 ,13.90278 ,3.72296 ,-25.29511 ,-39.80519 ,-2.66871 ,40.00932 ,45.08416 ,30.48329 ,19.59065 ,6.84245 ,0.77494 ,1.58035 ,2.82684 ,1.70919 ,0.12777 ,2.41048 ,-0.64525 ,0.18653 ,0.11256 ,0.06606 ,-1.46784 ,4.46119 ,6.48196 ,-14.33049 ,-47.23447 ,-24.10767 ,95.85073 ,74.47214 ,-71.84146 ,-110.1986 ,-68.67782 ,-24.92128 ,-2.84128 ,6.82336 ,9.87176 ,9.41074 ,3.46096 ,1.2799 ,2.03736 ,1.86071 ,-0.46205 ,0.33359 ,-0.25642 ,0.87381 ,1.35807 
l3400eb,2021-08-16,10:53:29,0,="",2275N,ZR1,2000.0,0,64,6,19,-5.86764 ,-10.48776 ,-9.14689 ,-9.54925 ,-5.47869 ,-85.90645 ,-3269.224 ,-3829.025 ,-3633.844 ,-3544.258 ,-3459.237 ,-3381.256 ,-3305.577 ,-3235.091 ,-3177.2 ,-3117.04 ,-3057.959 ,-3004.127 ,-2939.747 ,-2871.986 ,-2750.669 ,-2503.675 ,-2164.801 ,-1348.22 ,-308.345 ,250.3438 ,307.0176 ,206.799 ,126.9866 ,72.97707 ,47.26164 ,33.37236 ,29.64425 ,23.71754 ,2.29628 ,8.60178 ,-3.03546 ,5.02929 ,2.91378 ,1.87462 ,1.90175 ,1.00157 ,-5.85661 ,-2.19368 ,-6.71786 ,-126.8809 ,-1144.201 ,-4146.042 ,-6750.389 ,-6835.925 ,-5778.868 ,-4674.964 ,-3644.269 ,-2681.244 ,-1816.041 ,-1103.509 ,-583.6011 ,-250.3655 ,-78.09234 ,-22.55383 ,-7.07678 ,4.6974 ,1.60824 ,3.81664 ,-0.37982 ,3.65034 
l3400eb,2021-08-16,10:53:34,0,="",2275N,ZR2,2000.0,0,64,6,20,2.1026 ,7.09726 ,3.00068 ,-1.12278 ,1.06352 ,-85.61451 ,-3270.487 ,-3834.617 ,-3630.464 ,-3548.667 ,-3465.455 ,-3389.513 ,-3318.844 ,-3251.611 ,-3185.493 ,-3122.583 ,-3059.677 ,-2996.906 ,-2934.463 ,-2862.021 ,-2742.134 ,-2501.577 ,-2163.036 ,-1342.738 ,-303.9828 ,249.8234 ,307.9996 ,210.4356 ,124.6607 ,76.107 ,43.76428 ,28.76486 ,19.68015 ,25.04773 ,6.84202 ,5.35114 ,0.77086 ,3.30482 ,5.51455 ,0.20695 ,2.07985 ,1.64761 ,-7.71965 ,-7.10022 ,-15.49884 ,-133.2242 ,-1140.561 ,-4147.517 ,-6756.842 ,-6837.755 ,-5776.703 ,-4674.649 ,-3642.129 ,-2686.596 ,-1822.972 ,-1100.267 ,-576.5977 ,-249.2166 ,-81.2057 ,-21.05647 ,-4.58819 ,1.43291 ,3.66849 ,1.7246 ,1.24976 ,8.30489 
l3400eb,2021-08-16,10:53:38,0,="",2275N,ZR3,2000.0,0,64,6,21,6.61123 ,3.22221 ,-1.34248 ,-4.40823 ,-8.21725 ,-86.67742 ,-3272.758 ,-3828.626 ,-3629.682 ,-3539.54 ,-3462.333 ,-3385.451 ,-3318.165 ,-3252.226 ,-3190.867 ,-3126.548 ,-3065.564 ,-3000.505 ,-2935.092 ,-2863.473 ,-2749.963 ,-2503.423 ,-2160.718 ,-1345.156 ,-305.3853 ,249.9991 ,309.4701 ,208.8805 ,124.2277 ,73.55433 ,43.67718 ,29.36311 ,23.39754 ,18.80678 ,5.62801 ,3.48374 ,-0.66448 ,3.83973 ,3.4343 ,0.58131 ,3.66132 ,6.7285 ,-5.62539 ,-4.93061 ,-14.66996 ,-133.1687 ,-1147.901 ,-4148.257 ,-6763.533 ,-6839.924 ,-5783.208 ,-4675.153 ,-3641.289 ,-2685.809 ,-1825.792 ,-1104.991 ,-575.7472 ,-252.1695 ,-79.61554 ,-21.5142 ,-4.70639 ,2.46026 ,3.41762 ,-0.12592 ,0.69823 ,6.46053 
l3400eb,2021-08-16,10:53:43,0,="",2275N,ZR4,2000.0,0,64,6,22,-12.18319 ,-13.71019 ,-4.18695 ,-8.01594 ,-0.89235 ,-76.15711 ,-3261.658 ,-3823.191 ,-3622.426 ,-3534.645 ,-3452.903 ,-3375.014 ,-3302.563 ,-3238.378 ,-3178.166 ,-3122.384 ,-3063.756 ,-3006.126 ,-2945.783 ,-2871.964 ,-2755.453 ,-2509.596 ,-2167.531 ,-1349.479 ,-310.7432 ,249.4717 ,304.7451 ,209.1604 ,129.7569 ,73.91136 ,46.13044 ,28.90747 ,30.26208 ,18.32213 ,3.49215 ,7.60494 ,-1.81868 ,3.51677 ,6.03882 ,0.74875 ,2.41103 ,-6.28129 ,-7.2157 ,-5.70756 ,-13.28462 ,-128.6136 ,-1142.235 ,-4145.808 ,-6758.585 ,-6835.672 ,-5781.001 ,-4672.208 ,-3633.991 ,-2673.908 ,-1813.215 ,-1106.532 ,-579.6836 ,-245.4041 ,-81.63933 ,-23.32367 ,-6.0129 ,2.898 ,2.62365 ,3.82964 ,-1.08103 ,4.7336 
l3400eb,2021-08-16,10:53:47,0,="",2275N,ZR5,2000.0,0,64,6,23,-5.16616 ,2.73096 ,1.42888 ,5.47452 ,6.1393 ,-77.25486 ,-3260.552 ,-3825.476 ,-3627.207 ,-3539.692 ,-3454.879 ,-3378.571 ,-3309.823 ,-3247.364 ,-3188.065 ,-3127.03 ,-3070.624 ,-3007.771 ,-2941.568 ,-2869.346 ,-2753.813 ,-2503.156 ,-2163.265 ,-1352.533 ,-314.4647 ,255.1858 ,306.3754 ,212.3082 ,129.3885 ,85.07234 ,55.82877 ,31.3527 ,17.46931 ,11.71081 ,9.1639 ,3.19209 ,7.28091 ,2.86155 ,2.85548 ,0.41193 ,1.23546 ,-9.26963 ,7.77402 ,7.98469 ,-4.64125 ,-118.4993 ,-1127.189 ,-4131.652 ,-6740.931 ,-6825.506 ,-5769.32 ,-4670.817 ,-3635.258 ,-2681.866 ,-1825.055 ,-1105.839 ,-574.0843 ,-241.0389 ,-86.92244 ,-20.24856 ,-3.89607 ,4.491 ,-1.22001 ,3.10883 ,-0.67106 ,-9.72915 
l3400eb,2021-08-16,10:53:52,0,="",2275N,ZR6,2000.0,0,64,6,24,-3.70166 ,-3.49076 ,-3.76399 ,-1.94954 ,-1.81024 ,-77.73058 ,-3259.739 ,-3820.536 ,-3623.218 ,-3534.256 ,-3451.471 ,-3373.639 ,-3307.859 ,-3243.709 ,-3187.727 ,-3133.404 ,-3075.859 ,-3013.777 ,-2949.537 ,-2868.561 ,-2754.372 ,-2504.865 ,-2164.231 ,-1351.412 ,-304.513 ,252.9472 ,310.3483 ,213.4426 ,128.4238 ,83.46449 ,57.25483 ,37.08162 ,17.86045 ,10.02016 ,14.31819 ,-1.79098 ,5.96068 ,4.90296 ,3.50875 ,-0.74509 ,1.84706 ,-6.14544 ,3.63037 ,7.19014 ,5.14835 ,-108.8836 ,-1123.811 ,-4128.483 ,-6739.119 ,-6820.266 ,-5766.063 ,-4666.505 ,-3633.6 ,-2681.274 ,-1823.743 ,-1105.544 ,-572.4941 ,-242.4755 ,-87.95218 ,-20.81752 ,-3.37731 ,4.42087 ,-2.84933 ,3.65822 ,1.51247 ,-13.39649 
l3400eb,2021-08-16,10:54:12,0,="",2275N,XR1,2000.0,0,64,6,25,0.63132 ,-2.12027 ,-0.53488 ,-0.25912 ,-0.45511 ,-169.8822 ,-1476.422 ,-352.1974 ,-212.3294 ,-154.4602 ,-126.011 ,-113.6435 ,-102.5654 ,-97.32628 ,-93.3019 ,-91.93348 ,-84.00506 ,-75.30679 ,-76.49288 ,-61.11583 ,30.00516 ,342.5144 ,628.3387 ,985.4931 ,982.2845 ,599.9412 ,267.2408 ,118.1506 ,41.36302 ,22.1247 ,12.89082 ,7.05798 ,3.82006 ,1.90765 ,-0.00524 ,-0.43013 ,0.13956 ,-0.43677 ,-0.09664 ,-0.27142 ,0.18323 ,-0.68851 ,0.35372 ,0.93319 ,-44.17868 ,-340.987 ,-1568.376 ,-2834.789 ,-2125.227 ,-751.9272 ,-72.66329 ,120.2337 ,158.7971 ,140.995 ,109.2819 ,72.01786 ,41.33298 ,19.30506 ,7.51547 ,2.39047 ,0.6887 ,0.3871 ,0.32398 ,0.53955 ,0.55122 ,-1.44122 
l3400eb,2021-08-16,10:54:17,0,="",2275N,XR2,2000.0,0,64,6,26,-2.5355 ,-1.45312 ,-0.60184 ,-0.10917 ,-3.01544 ,-165.4416 ,-1478.185 ,-347.8603 ,-213.0211 ,-154.6641 ,-125.8956 ,-111.8876 ,-102.5031 ,-96.28127 ,-90.69524 ,-88.92049 ,-82.99493 ,-77.18939 ,-72.1643 ,-63.67636 ,38.70483 ,339.4578 ,620.7018 ,982.372 ,980.8379 ,604.9142 ,268.5694 ,106.8264 ,47.42549 ,21.74829 ,13.49311 ,7.93244 ,3.74397 ,1.936 ,0.68439 ,0.42931 ,0.48502 ,-0.02191 ,-0.08478 ,-0.03002 ,-0.00492 ,-0.15538 ,-0.86356 ,-1.65175 ,-48.77103 ,-342.0835 ,-1560.237 ,-2835.253 ,-2132.422 ,-748.1272 ,-72.35497 ,121.4651 ,157.3416 ,140.2097 ,108.3387 ,71.82484 ,41.52153 ,19.52186 ,7.18251 ,1.89454 ,-0.38399 ,0.39873 ,-0.35 ,-0.06202 ,0.09364 ,-1.56274 
l3400eb,2021-08-16,10:54:21,0,="",2275N,XR3,2000.0,0,64,6,27,5.64405 ,-3.29369 ,1.33198 ,-0.42578 ,-2.25592 ,-168.4799 ,-1474.95 ,-349.1079 ,-212.4249 ,-157.6707 ,-126.2792 ,-113.1023 ,-100.8476 ,-93.84819 ,-89.75971 ,-88.70349 ,-81.78498 ,-79.87814 ,-71.77992 ,-58.05797 ,33.72906 ,328.1222 ,612.8898 ,982.674 ,978.6679 ,603.1451 ,271.5134 ,106.9993 ,45.11596 ,22.43747 ,13.27024 ,7.50767 ,4.0429 ,1.62285 ,0.55062 ,0.4528 ,-0.10197 ,-0.18881 ,-0.10666 ,-0.10129 ,-0.08195 ,0.00226 ,0.53581 ,-8.14111 ,-60.32223 ,-346.6352 ,-1561.359 ,-2823.854 ,-2129.804 ,-749.4944 ,-73.18946 ,118.2175 ,157.6834 ,140.3648 ,107.2825 ,72.55438 ,41.09853 ,19.89747 ,7.39319 ,2.16707 ,0.2126 ,-0.42729 ,-0.0332 ,-0.00809 ,-0.06966 ,1.65185 
l3400eb,2021-08-16,10:54:26,0,="",2275N,XR4,2000.0,0,64,6,28,0.54676 ,2.98542 ,-2.68761 ,-0.48543 ,0.81141 ,-165.9679 ,-1471.692 ,-354.1452 ,-210.6489 ,-155.504 ,-125.7364 ,-115.1819 ,-100.0685 ,-95.04464 ,-91.88936 ,-84.60444 ,-76.67092 ,-142.2142 ,-24.29017 ,-90.3958 ,-5.34207 ,469.7507 ,783.6642 ,1126.671 ,960.6035 ,523.5542 ,284.8642 ,119.8366 ,41.72191 ,25.2162 ,14.14211 ,7.90853 ,3.18091 ,1.98349 ,0.86603 ,0.50079 ,-0.01385 ,-0.38049 ,0.05068 ,-0.11406 ,0.02598 ,0.02373 ,-0.25771 ,0.57574 ,-37.53789 ,-336.3014 ,-1566.797 ,-2836.274 ,-2125.361 ,-741.4986 ,-71.73473 ,120.8787 ,157.5465 ,141.3006 ,108.3032 ,72.0494 ,40.71185 ,19.78492 ,9.4269 ,1.28941 ,-0.538 ,0.16511 ,-0.41483 ,0.01837 ,-0.18534 ,0.94053 
l3400eb,2021-08-16,10:54:30,0,="",2275N,XR5,2000.0,0,64,6,29,0.30182 ,-2.17701 ,1.42772 ,1.57293 ,-1.51298 ,-166.9392 ,-1474.232 ,-349.7874 ,-211.745 ,-156.2532 ,-125.2714 ,-109.1171 ,-101.2406 ,-92.9588 ,-92.23507 ,-85.42214 ,-80.53319 ,-81.99569 ,-71.32404 ,-61.74708 ,39.26759 ,337.16 ,618.7762 ,978.9667 ,978.1277 ,606.184 ,270.1369 ,103.9104 ,49.86289 ,21.8794 ,13.35463 ,7.4333 ,4.24004 ,1.71388 ,0.77121 ,0.68229 ,-0.28802 ,0.14659 ,-0.19946 ,-0.02529 ,-0.03804 ,0.10296 ,-0.26883 ,-2.06726 ,-43.26622 ,-341.4027 ,-1565.35 ,-2832.353 ,-2126.625 ,-744.0661 ,-70.91181 ,118.9772 ,157.8347 ,141.4686 ,108.5694 ,71.76446 ,40.86376 ,18.96862 ,7.30854 ,1.90042 ,0.04915 ,-0.02021 ,-0.3194 ,0.02671 ,-0.41068 ,0.32452 
l3400eb,2021-08-16,10:54:35,0,="",2275N,XR6,2000.0,0,64,6,30,0.96408 ,0.48499 ,-1.75235 ,-0.66082 ,0.65384 ,-167.2824 ,-1473.831 ,-350.5214 ,-209.8611 ,-158.2943 ,-126.3298 ,-109.6595 ,-99.01051 ,-93.49256 ,-92.64743 ,-84.67371 ,-83.9687 ,-79.0525 ,-73.69239 ,-60.43059 ,36.55409 ,335.2619 ,617.8955 ,979.5839 ,981.3005 ,607.531 ,268.5342 ,106.299 ,46.82013 ,22.55745 ,13.25652 ,6.28833 ,4.06902 ,2.33592 ,0.60315 ,0.46935 ,0.09031 ,-0.02776 ,0.03508 ,0.12916 ,-0.06294 ,0.79798 ,0.26922 ,3.58098 ,-50.82902 ,-358.0153 ,-1573.948 ,-2824.431 ,-2129.688 ,-745.3118 ,-69.22283 ,121.7156 ,155.9168 ,143.9787 ,106.8853 ,72.3669 ,41.43515 ,19.55593 ,7.53652 ,1.81097 ,0.59247 ,-0.14961 ,0.38889 ,-0.0442 ,-0.08528 ,-0.50282 
l3400eb,2021-08-16,10:54:55,0,="",2275N,YR1,2000.0,0,64,6,31,-2.5721 ,-2.009 ,-3.54643 ,1.73349 ,3.17262 ,-44.37722 ,-214.0617 ,-109.1402 ,-77.96094 ,-48.6755 ,-31.40732 ,-29.826 ,-1.58518 ,-7.75291 ,1.42814 ,13.02629 ,-14.19764 ,10.13747 ,-0.80762 ,-2.90133 ,37.51055 ,77.91212 ,117.3622 ,160.9679 ,167.35 ,114.8963 ,105.3233 ,64.40652 ,40.5245 ,22.62671 ,11.59572 ,8.36455 ,4.56854 ,-1.16069 ,3.56766 ,3.89116 ,1.24373 ,1.74335 ,-0.99453 ,1.05601 ,-0.23154 ,-1.87503 ,0.39274 ,2.49194 ,-13.09649 ,-100.8657 ,-297.6989 ,-410.529 ,-329.144 ,-204.3217 ,-103.9556 ,-18.25043 ,37.35017 ,55.37513 ,50.54442 ,38.36494 ,19.5656 ,11.82847 ,1.93074 ,2.42198 ,0.85271 ,0.74415 ,-0.14266 ,-0.05409 ,0.73787 ,-0.53832 
l3400eb,2021-08-16,10:55:00,0,="",2275N,YR2,2000.0,0,64,6,32,0.26729 ,-3.08123 ,2.49723 ,-2.49404 ,2.11189 ,-44.0507 ,-217.2337 ,-117.1937 ,-74.34001 ,-46.22394 ,-26.61734 ,-16.9077 ,-6.24468 ,-3.63609 ,1.95233 ,0.96252 ,4.15272 ,-0.11569 ,1.07731 ,5.24211 ,26.08653 ,81.73566 ,120.6447 ,168.2053 ,164.2667 ,122.5982 ,99.07849 ,68.78234 ,45.22885 ,25.04567 ,14.34823 ,7.74865 ,3.84536 ,-0.86472 ,2.01065 ,1.90198 ,1.36686 ,0.12749 ,0.43768 ,0.93599 ,-0.00529 ,-1.87279 ,-0.74602 ,-1.78111 ,-3.5651 ,-82.07746 ,-293.7819 ,-428.8591 ,-316.0152 ,-209.082 ,-101.0857 ,-18.25348 ,36.57053 ,55.4045 ,50.65407 ,33.68274 ,20.36524 ,12.51744 ,3.95229 ,1.49707 ,1.12808 ,1.22347 ,-0.00402 ,0.1272 ,0.36653 ,-1.56605 
l3400eb,2021-08-16,10:55:04,0,="",2275N,YR3,2000.0,0,64,6,33,-1.47265 ,-4.11528 ,-0.24273 ,1.22828 ,1.65743 ,-38.93953 ,-217.2031 ,-112.0913 ,-75.34642 ,-46.32513 ,-29.87992 ,-16.41572 ,-12.85146 ,-4.91152 ,-2.76179 ,-0.53656 ,0.45663 ,2.56137 ,5.56526 ,4.93354 ,27.5115 ,82.66303 ,125.5295 ,167.2661 ,163.5221 ,131.7822 ,102.7979 ,69.44867 ,43.86357 ,23.44887 ,14.89445 ,8.38253 ,1.757 ,1.81869 ,1.3675 ,0.51623 ,1.0903 ,0.85305 ,0.30519 ,0.28916 ,0.42167 ,-0.95657 ,0.96271 ,-2.51308 ,-16.83086 ,-97.31646 ,-290.0816 ,-412.6449 ,-323.4452 ,-207.2184 ,-97.87779 ,-15.298 ,34.07559 ,52.62232 ,49.41563 ,35.99109 ,23.07776 ,11.85999 ,3.90586 ,1.75668 ,0.65301 ,1.01222 ,-0.30267 ,0.72392 ,-0.88909 ,-0.77015 
l3400eb,2021-08-16,10:55:09,0,="",2275N,YR4,2000.0,0,64,6,34,-3.93905 ,1.50653 ,0.73069 ,-1.585 ,2.07739 ,-40.93219 ,-217.4224 ,-112.6944 ,-77.30864 ,-46.36878 ,-29.06017 ,-16.81237 ,-7.56357 ,-3.45395 ,-2.81034 ,0.67474 ,-0.36061 ,4.72507 ,4.08066 ,6.91244 ,30.97323 ,85.76852 ,126.5961 ,171.3687 ,164.5074 ,131.1027 ,98.57524 ,71.84158 ,42.48841 ,22.15737 ,12.89393 ,6.48141 ,3.69676 ,1.08141 ,1.6308 ,1.24123 ,0.33897 ,0.36098 ,0.02602 ,0.35621 ,0.04543 ,0.66205 ,0.25894 ,4.32232 ,-26.25375 ,-110.0079 ,-294.9478 ,-419.4874 ,-321.6919 ,-204.3438 ,-104.688 ,-14.51885 ,36.44131 ,54.46759 ,47.50761 ,37.03786 ,21.96162 ,10.57171 ,3.52819 ,2.98462 ,1.79025 ,-0.02582 ,0.52489 ,-0.22813 ,0.67568 ,-1.34807 
l3400eb,2021-08-16,10:55:13,0,="",2275N,YR5,2000.0,0,64,6,35,-0.79875 ,0.22168 ,0.69852 ,-1.74684 ,-5.29769 ,-43.64608 ,-218.6373 ,-118.7175 ,-71.96527 ,-41.87741 ,-21.002 ,-11.21906 ,-8.17785 ,-0.76613 ,-0.3482 ,4.33328 ,-2.03883 ,1.11552 ,3.07881 ,4.24224 ,30.01192 ,82.70284 ,122.259 ,171.5862 ,163.185 ,126.1013 ,99.0857 ,82.14532 ,40.05907 ,23.62003 ,13.29984 ,10.68675 ,6.57834 ,-0.64859 ,0.41771 ,1.36169 ,0.81671 ,-0.30331 ,0.21759 ,0.12927 ,0.37157 ,0.0606 ,-2.85406 ,-4.59026 ,-26.20951 ,-104.7381 ,-291.188 ,-414.9987 ,-327.0201 ,-208.5688 ,-101.3372 ,-10.83935 ,35.94501 ,60.92166 ,48.70298 ,33.59946 ,21.81795 ,12.64718 ,5.18739 ,2.24165 ,-0.49752 ,0.80374 ,0.2907 ,0.58291 ,-0.09696 ,-4.18128 
l3400eb,2021-08-16,10:55:18,0,="",2275N,YR6,2000.0,0,64,6,36,2.24407 ,-2.8146 ,-1.25805 ,-5.28654 ,10.18299 ,-45.52121 ,-219.9579 ,-113.5024 ,-73.77372 ,-42.13366 ,-25.12003 ,-14.03778 ,-5.53969 ,-3.69835 ,-1.30113 ,-0.05155 ,0.56881 ,0.69914 ,4.49601 ,5.69471 ,26.0951 ,94.10852 ,129.7202 ,167.0443 ,163.1155 ,124.9009 ,102.5016 ,68.72762 ,44.74644 ,25.66623 ,13.70533 ,8.11401 ,4.8635 ,1.08536 ,0.49923 ,2.1937 ,0.42249 ,0.98573 ,-0.11079 ,-0.1217 ,0.3439 ,-3.10245 ,-2.49947 ,3.69861 ,-19.75521 ,-113.1219 ,-287.583 ,-399.7313 ,-328.2318 ,-203.8558 ,-99.60635 ,-12.57119 ,36.26433 ,54.31008 ,49.36862 ,36.51488 ,23.13441 ,13.37341 ,4.32907 ,2.63337 ,0.18896 ,1.11838 ,-0.98693 ,0.98911 ,0.0763 ,1.36611 
l3400eb,2021-08-16,10:56:34,0,="",2250N,ZR1,2000.0,0,64,6,37,-6.17697 ,-4.50567 ,-7.96029 ,-12.47285 ,-7.95873 ,-80.15695 ,-3386.426 ,-4231.734 ,-4054.545 ,-3966.754 ,-3883.162 ,-3797.904 ,-3723.559 ,-3654.671 ,-3595.117 ,-3531.384 ,-3469.295 ,-3404.225 ,-3335.685 ,-3249.988 ,-3136.386 ,-2894.529 ,-2555.761 ,-1718.44 ,-577.7953 ,114.7092 ,252.0361 ,193.7512 ,120.9369 ,76.08376 ,50.24858 ,39.49436 ,30.65765 ,7.81726 ,6.10947 ,8.67084 ,-1.18446 ,3.99495 ,4.09199 ,-0.19199 ,1.56972 ,-1.84569 ,-13.37676 ,-15.17106 ,-24.59134 ,-133.0207 ,-1093.114 ,-4166.011 ,-7136.36 ,-7515.04 ,-6498.727 ,-5309.323 ,-4152.858 ,-3068.026 ,-2098.249 ,-1283.299 ,-673.716 ,-283.8188 ,-93.79272 ,-26.42478 ,-8.41488 ,2.03647 ,-0.00895 ,3.72109 ,1.00398 ,1.66323 
l3400eb,2021-08-16,10:56:38,0,="",2250N,ZR2,2000.0,0,64,6,38,0.01159 ,-5.29713 ,5.99378 ,-4.51435 ,-3.19243 ,-71.68532 ,-3383.785 ,-4224.219 ,-4053.302 ,-3971.333 ,-3886.015 ,-3806.847 ,-3727.901 ,-3659.194 ,-3594.445 ,-3528.672 ,-3466.663 ,-3402.718 ,-3328.726 ,-3245.043 ,-3123.206 ,-2889.412 ,-2553.467 ,-1714.181 ,-573.174 ,122.0603 ,262.9923 ,194.6305 ,123.2999 ,73.2784 ,49.29081 ,32.41417 ,20.52833 ,9.12945 ,3.90054 ,7.64887 ,1.93992 ,2.68289 ,-0.70151 ,4.34446 ,1.69212 ,2.44901 ,-3.11245 ,0.58729 ,-14.30768 ,-120.1435 ,-1078.027 ,-4148.087 ,-7120.425 ,-7500.493 ,-6490.214 ,-5310.007 ,-4158.088 ,-3078.409 ,-2100.266 ,-1278.256 ,-677.1349 ,-292.7514 ,-102.4585 ,-26.8751 ,-3.91708 ,2.17966 ,0.18535 ,2.41811 ,-0.58995 ,2.58468 
l3400eb,2021-08-16,10:56:43,0,="",2250N,ZR3,2000.0,0,64,6,39,9.30063 ,7.16157 ,9.19243 ,3.60799 ,3.57402 ,-73.22971 ,-3387.7 ,-4229.74 ,-4055.407 ,-3976.91 ,-3889.021 ,-3809.396 ,-3734.989 ,-3669.073 ,-3606.266 ,-3537.785 ,-3471.179 ,-3405.031 ,-3331.558 ,-3247.208 ,-3124.068 ,-2888.041 ,-2550.596 ,-1711.027 ,-573.4854 ,115.0546 ,255.577 ,191.1776 ,119.5985 ,70.59918 ,40.74032 ,18.11277 ,13.16795 ,21.9701 ,6.45222 ,3.33659 ,5.11722 ,2.43852 ,0.75222 ,3.53559 ,1.68753 ,7.31836 ,8.97949 ,3.11933 ,-6.94115 ,-114.9118 ,-1074.657 ,-4149.344 ,-7124.278 ,-7507.971 ,-6504.601 ,-5323.805 ,-4173.285 ,-3081.459 ,-2098.928 ,-1279.129 ,-673.7967 ,-298.8968 ,-98.48175 ,-27.19012 ,-2.68361 ,-1.24032 ,4.6751 ,-0.63894 ,2.51795 ,4.38355 
l3400eb,2021-08-16,10:56:47,0,="",2250N,ZR4,2000.0,0,64,6,40,4.6625 ,0.30149 ,3.11474 ,-1.23519 ,-0.91824 ,-68.09074 ,-3381.524 ,-4227.438 ,-4056.82 ,-3970.887 ,-3882.456 ,-3803.536 ,-3722.999 ,-3659.086 ,-3588.939 ,-3525.241 ,-3458.955 ,-3399.498 ,-3330.726 ,-3246.813 ,-3131.593 ,-2891.324 ,-2556.16 ,-1719.669 ,-575.5709 ,114.9904 ,261.5715 ,196.7394 ,125.2748 ,75.01406 ,45.7566 ,26.67279 ,17.81391 ,13.48135 ,1.90183 ,7.47523 ,4.22324 ,3.27009 ,-2.43626 ,4.29833 ,1.07175 ,2.50791 ,3.98288 ,5.00162 ,-5.11971 ,-112.3635 ,-1074.161 ,-4141.743 ,-7123.802 ,-7504.293 ,-6499.393 ,-5316.127 ,-4169.287 ,-3085.777 ,-2097.544 ,-1279.69 ,-668.9417 ,-290.6383 ,-99.35288 ,-28.38096 ,-2.76859 ,0.67865 ,-0.01659 ,3.22114 ,-1.08876 ,6.14927 
l3400eb,2021-08-16,10:56:51,0,="",2250N,ZR5,2000.0,0,64,6,41,-7.70714 ,-6.88608 ,-7.02688 ,-5.79145 ,-7.66676 ,-74.7975 ,-3379.622 ,-4225.538 ,-4054.375 ,-3970.795 ,-3888.2 ,-3808.597 ,-3733.283 ,-3667.827 ,-3597.825 ,-3535.283 ,-3470.246 ,-3404.82 ,-3337.267 ,-3255.889 ,-3136.09 ,-2898.734 ,-2560.23 ,-1722.581 ,-584.9003 ,113.2232 ,256.3473 ,194.5544 ,124.2014 ,84.4819 ,54.70364 ,34.43781 ,19.185 ,13.73261 ,17.09989 ,4.99979 ,5.65616 ,-0.37982 ,4.35467 ,-0.33703 ,3.37117 ,1.34026 ,1.63878 ,-1.48322 ,-12.78636 ,-120.9616 ,-1080.364 ,-4149.838 ,-7124.938 ,-7511.039 ,-6500.392 ,-5318.189 ,-4165.762 ,-3081.856 ,-2105.071 ,-1285.323 ,-674.0644 ,-288.5229 ,-99.46894 ,-19.94484 ,-5.10004 ,-2.10414 ,1.58605 ,0.82921 ,4.33842 ,3.64593 
l3400eb,2021-08-16,10:56:56,0,="",2250N,ZR6,2000.0,0,64,6,42,11.41501 ,6.92622 ,7.31228 ,0.68061 ,5.91199 ,-68.96919 ,-3380.861 ,-4225.464 ,-4053.169 ,-3974.844 ,-3892.987 ,-3811.538 ,-3735.191 ,-3668.984 ,-3599.487 ,-3532.567 ,-3469.848 ,-3405.37 ,-3326.613 ,-3249.194 ,-3129.443 ,-2885.204 ,-2547.962 ,-1712.11 ,-575.0266 ,113.8614 ,262.714 ,199.3515 ,123.6525 ,69.5124 ,41.80116 ,24.55129 ,13.99237 ,16.05414 ,12.66921 ,2.89341 ,9.81688 ,2.56169 ,-0.11176 ,1.32155 ,-0.51826 ,6.00811 ,9.61592 ,10.48893 ,1.24495 ,-105.2249 ,-1063.42 ,-4138.517 ,-7115.649 ,-7496.859 ,-6495.769 ,-5316.4 ,-4172.988 ,-3090.777 ,-2102.206 ,-1276.848 ,-667.6769 ,-295.6646 ,-101.4624 ,-21.71182 ,-0.07168 ,-0.52057 ,0.91313 ,-1.24302 ,0.8127 ,2.2329 
l3400eb,2021-08-16,10:57:19,0,="",2250N,XR1,2000.0,0,64,6,43,-1.3459 ,0.65779 ,0.73214 ,0.5686 ,-1.15116 ,-172.7735 ,-1425.903 ,-315.8613 ,-193.4076 ,-145.1233 ,-117.9422 ,-101.8659 ,-96.19517 ,-89.73011 ,-84.86921 ,-81.81252 ,-77.60432 ,-75.33049 ,-68.05074 ,-56.96176 ,42.1518 ,352.2069 ,638.9858 ,982.3893 ,942.7596 ,559.4392 ,240.2023 ,94.37705 ,40.96273 ,19.49669 ,12.47879 ,5.40536 ,3.14833 ,1.71414 ,1.08856 ,0.80794 ,-0.19277 ,-0.10311 ,-0.37358 ,0.08463 ,-0.06338 ,0.49861 ,-0.24996 ,-1.07973 ,-46.52981 ,-360.3209 ,-1617.515 ,-2807.729 ,-1998.629 ,-654.4083 ,-39.77847 ,125.8212 ,153.702 ,135.8971 ,102.0956 ,68.70742 ,38.97361 ,17.77435 ,6.55513 ,1.87433 ,0.26616 ,-0.20064 ,-0.1291 ,-0.18142 ,-0.14579 ,0.72634 
l3400eb,2021-08-16,10:57:24,0,="",2250N,XR2,2000.0,0,64,6,44,-3.91938 ,5.45906 ,0.01704 ,0.33272 ,0.05586 ,-174.6173 ,-1425.891 ,-311.0468 ,-194.4311 ,-142.4721 ,-116.7193 ,-102.8483 ,-95.15993 ,-89.05334 ,-83.66506 ,-81.23491 ,-80.25975 ,-73.30056 ,-68.22704 ,-57.70368 ,43.00158 ,357.3447 ,640.7233 ,983.0145 ,941.1697 ,564.8786 ,239.7256 ,94.36044 ,41.79217 ,20.69605 ,10.08902 ,5.05385 ,2.37567 ,1.9731 ,0.69382 ,0.05759 ,0.22635 ,-0.29256 ,0.63222 ,-0.27764 ,-0.05739 ,0.20501 ,0.49011 ,-2.33194 ,-52.61903 ,-362.8648 ,-1611.933 ,-2809.577 ,-1998.056 ,-654.3407 ,-36.57371 ,126.9747 ,155.9245 ,136.9011 ,103.0941 ,68.90736 ,38.00624 ,18.13595 ,6.91699 ,1.60637 ,0.0714 ,-0.28932 ,-0.32245 ,-0.05127 ,-0.12748 ,-0.29625 
l3400eb,2021-08-16,10:57:28,0,="",2250N,XR3,2000.0,0,64,6,45,-0.94897 ,-0.71565 ,0.11933 ,-0.27362 ,1.94055 ,-176.8311 ,-1426.649 ,-312.305 ,-190.3604 ,-143.4184 ,-117.9831 ,-102.2604 ,-93.70504 ,-89.21931 ,-83.51533 ,-81.76831 ,-76.99092 ,-71.84725 ,-67.00216 ,-58.02005 ,44.76686 ,362.5308 ,643.9693 ,979.6845 ,943.0044 ,557.6393 ,241.6283 ,95.16841 ,39.7576 ,18.79041 ,11.26336 ,5.82584 ,4.30523 ,2.21984 ,1.06605 ,0.36548 ,-0.07122 ,0.01279 ,-0.29721 ,-0.14928 ,-0.26087 ,-1.12672 ,0.62538 ,0.34343 ,-44.62316 ,-360.5649 ,-1619.017 ,-2812.475 ,-1997.792 ,-651.8456 ,-35.19533 ,127.1385 ,155.5327 ,138.4792 ,103.0535 ,68.93957 ,38.85439 ,17.29238 ,7.01305 ,1.87995 ,0.50901 ,0.12969 ,-0.00233 ,-0.18373 ,-0.35801 ,-0.42198 
l3400eb,2021-08-16,10:57:33,0,="",2250N,XR4,2000.0,0,64,6,46,-0.03804 ,-0.47365 ,-2.33282 ,1.50409 ,0.18626 ,-176.314 ,-1428.205 ,-310.2935 ,-191.0214 ,-139.1508 ,-117.4546 ,-100.1117 ,-92.72804 ,-87.9277 ,-83.12059 ,-83.24196 ,-75.54393 ,-71.77119 ,-66.46563 ,-56.53033 ,42.56545 ,348.8581 ,638.1318 ,984.7869 ,946.0028 ,564.8664 ,238.5377 ,93.26978 ,40.01503 ,18.72434 ,11.17687 ,5.19589 ,3.53292 ,0.52601 ,1.38431 ,0.46353 ,-0.04747 ,-0.14076 ,0.0281 ,-0.22214 ,-0.08534 ,-0.55064 ,-1.08245 ,2.2071 ,-41.86691 ,-359.1668 ,-1619.267 ,-2805.303 ,-1996.86 ,-652.7389 ,-35.84107 ,128.3456 ,157.1045 ,136.4022 ,103.8628 ,68.36607 ,38.37795 ,18.09076 ,6.55094 ,1.41885 ,0.12629 ,-0.53113 ,0.13335 ,-0.2882 ,0.01803 ,1.65802 
l3400eb,2021-08-16,10:57:37,0,="",2250N,XR5,2000.0,0,64,6,47,-0.53286 ,1.20762 ,-0.36221 ,1.10962 ,-0.79109 ,-171.9096 ,-1427.54 ,-309.948 ,-193.2907 ,-143.0879 ,-113.5519 ,-99.34993 ,-93.10362 ,-89.40182 ,-81.54497 ,-80.43912 ,-75.59739 ,-71.29675 ,-66.92456 ,-55.45684 ,43.50273 ,349.7268 ,635.8224 ,986.3554 ,945.0869 ,561.4677 ,240.4648 ,91.79648 ,41.19473 ,18.35909 ,11.13793 ,5.11937 ,4.05515 ,1.40194 ,0.98515 ,-0.18254 ,0.26143 ,-0.08505 ,-0.08268 ,0.1262 ,0.07979 ,-0.53252 ,-0.52803 ,-1.64462 ,-49.62948 ,-360.931 ,-1615.31 ,-2804.31 ,-2001.497 ,-648.243 ,-36.66206 ,126.7056 ,158.8429 ,138.6288 ,103.7958 ,68.89984 ,38.45847 ,17.52555 ,6.59243 ,1.67815 ,0.44275 ,-0.01712 ,0.22801 ,0.10087 ,0.02554 ,0.12681 
l3400eb,2021-08-16,10:57:42,0,="",2250N,XR6,2000.0,0,64,6,48,2.61946 ,-4.03558 ,0.8228 ,0.92203 ,0.67283 ,-174.1293 ,-1428.551 ,-309.0023 ,-191.8826 ,-139.599 ,-113.8873 ,-101.4403 ,-88.68959 ,-87.15491 ,-82.83807 ,-81.79604 ,-74.77514 ,-69.73105 ,-66.29501 ,-59.43335 ,46.03993 ,350.6625 ,640.3514 ,986.9048 ,944.9121 ,562.4023 ,242.2418 ,92.27531 ,39.43387 ,20.27354 ,11.49569 ,5.84134 ,3.21729 ,1.96085 ,0.49913 ,0.5137 ,-0.09218 ,-0.48285 ,-0.32768 ,0.19014 ,-0.09121 ,0.177 ,-0.50807 ,-4.63873 ,-46.22643 ,-359.2357 ,-1612.01 ,-2804.819 ,-1997.083 ,-650.1534 ,-33.44545 ,132.13 ,157.1612 ,138.8086 ,104.0746 ,69.08649 ,38.31041 ,17.59787 ,6.49867 ,1.76658 ,-0.07635 ,-0.33666 ,-0.09272 ,-0.11917 ,-0.18358 ,0.8088 
l3400eb,2021-08-16,10:58:02,0,="",2250N,YR1,2000.0,0,64,6,49,-2.4671 ,-2.91525 ,-3.04976 ,-1.85324 ,-2.52556 ,-36.55958 ,-179.1404 ,-114.9192 ,-73.41779 ,-44.06555 ,-26.42379 ,-16.46061 ,-6.4116 ,-6.36769 ,-2.05638 ,0.03197 ,0.53004 ,3.46401 ,1.89054 ,6.4923 ,28.3258 ,77.18639 ,113.1858 ,143.8667 ,132.2479 ,113.8671 ,98.17344 ,70.30821 ,43.7838 ,25.56146 ,15.96916 ,9.7713 ,3.77059 ,-0.58149 ,2.63704 ,-0.79062 ,1.55224 ,1.0566 ,-0.0075 ,-0.44413 ,-0.09743 ,-0.88653 ,1.78464 ,2.08528 ,-33.82191 ,-94.10875 ,-239.4538 ,-346.1635 ,-268.4571 ,-201.3759 ,-114.5475 ,-25.75955 ,28.10052 ,49.96011 ,46.74039 ,33.20415 ,22.83787 ,12.35866 ,3.4235 ,1.7599 ,0.32589 ,1.10779 ,-0.32223 ,0.66123 ,-0.46323 ,-5.30501 
l3400eb,2021-08-16,10:58:07,0,="",2250N,YR2,2000.0,0,64,6,50,-0.2902 ,1.25025 ,-0.65058 ,1.91017 ,0.32734 ,-35.17393 ,-179.7653 ,-114.5807 ,-77.03116 ,-46.15784 ,-27.57155 ,-18.15737 ,-9.97626 ,-7.55319 ,-2.55229 ,-0.16065 ,-0.68056 ,3.25916 ,4.5931 ,5.04127 ,34.41004 ,79.96708 ,109.0476 ,131.4505 ,134.8422 ,124.5948 ,96.53983 ,76.89876 ,49.52979 ,27.56077 ,15.20528 ,3.43084 ,1.18165 ,2.27546 ,3.04445 ,-1.87184 ,2.16296 ,1.73939 ,0.07162 ,-0.07983 ,0.20973 ,-1.9205 ,3.74367 ,1.17729 ,-18.67977 ,-90.20686 ,-241.3306 ,-337.3786 ,-270.0111 ,-195.2455 ,-116.1756 ,-27.95394 ,27.478 ,47.7014 ,46.11506 ,37.75146 ,23.69173 ,11.16631 ,3.82625 ,1.50892 ,1.71515 ,0.59704 ,-0.89422 ,0.61032 ,0.5596 ,-2.42352 
l3400eb,2021-08-16,10:58:11,0,="",2250N,YR3,2000.0,0,64,6,51,-4.65503 ,1.85722 ,-0.4739 ,2.17797 ,-2.44067 ,-37.76629 ,-179.4749 ,-112.7255 ,-80.7283 ,-45.44067 ,-26.98929 ,-17.74495 ,-11.00069 ,-6.63539 ,-1.1411 ,-3.51782 ,1.00299 ,1.74632 ,6.99137 ,2.29145 ,27.90061 ,81.5196 ,109.5862 ,137.3522 ,132.9846 ,114.6943 ,93.67958 ,72.86551 ,45.15673 ,24.6245 ,18.36383 ,6.2927 ,1.697 ,0.99311 ,2.2905 ,0.31859 ,0.91216 ,-0.35716 ,0.49043 ,0.36371 ,0.60042 ,-0.49632 ,2.76221 ,-3.68743 ,-22.24417 ,-98.93673 ,-252.0579 ,-337.8905 ,-270.5329 ,-202.5086 ,-114.8577 ,-29.5413 ,28.1962 ,48.14969 ,47.73702 ,33.22907 ,22.87299 ,12.18167 ,4.19037 ,2.72751 ,0.91741 ,-0.26268 ,0.32111 ,0.1191 ,-0.11916 ,-1.27682 
l3400eb,2021-08-16,10:58:16,0,="",2250N,YR4,2000.0,0,64,6,52,-3.53009 ,3.19765 ,-5.90205 ,-1.88272 ,2.37301 ,-39.62042 ,-180.3253 ,-114.646 ,-76.46692 ,-46.84315 ,-27.85882 ,-18.03059 ,-9.67148 ,-8.1494 ,-2.64049 ,-8.85876 ,9.53442 ,6.06715 ,5.50181 ,13.18229 ,21.64128 ,70.68156 ,103.9535 ,139.7547 ,139.0933 ,114.4955 ,93.44455 ,68.62184 ,42.02855 ,25.11591 ,13.78892 ,8.40213 ,4.42993 ,2.81966 ,1.92145 ,1.64877 ,-0.34271 ,-0.47352 ,0.93141 ,-0.58906 ,0.2711 ,0.12552 ,-0.11818 ,-3.3794 ,-28.28427 ,-99.8457 ,-246.1873 ,-339.1714 ,-270.647 ,-204.3691 ,-111.5184 ,-29.27587 ,26.9208 ,47.88317 ,47.90646 ,34.87843 ,23.15181 ,11.35075 ,5.16678 ,2.64928 ,0.86804 ,-0.50714 ,0.85421 ,-0.24224 ,0.21945 ,-1.01477 
l3400eb,2021-08-16,10:58:20,0,="",2250N,YR5,2000.0,0,64,6,53,-6.19325 ,-1.41056 ,0.29241 ,-2.73548 ,1.84118 ,-35.74155 ,-179.0222 ,-115.2908 ,-79.83178 ,-51.04472 ,-32.88786 ,-15.98753 ,-7.55335 ,-5.42877 ,2.51983 ,2.35818 ,1.88646 ,2.74843 ,5.78405 ,8.45306 ,32.27051 ,84.68493 ,114.4289 ,138.9262 ,136.0878 ,114.6591 ,98.45021 ,69.96113 ,45.72029 ,24.12875 ,15.1064 ,8.76123 ,4.49938 ,1.81254 ,2.27718 ,1.91625 ,0.65998 ,1.14767 ,0.31364 ,-0.52002 ,-0.06076 ,0.12102 ,0.34836 ,-3.64902 ,-21.37083 ,-94.11678 ,-249.8141 ,-343.308 ,-271.6309 ,-199.7736 ,-115.0081 ,-27.41918 ,28.62819 ,48.14602 ,44.81868 ,36.45321 ,22.16882 ,11.01107 ,6.28986 ,2.15692 ,0.57822 ,0.28783 ,0.77586 ,0.18646 ,-0.66674 ,-1.99671 
l3400eb,2021-08-16,10:58:25,0,="",2250N,YR6,2000.0,0,64,6,54,3.54312 ,4.60313 ,-0.09609 ,-0.87409 ,-4.43743 ,-40.37975 ,-184.1454 ,-117.5039 ,-79.61395 ,-47.49361 ,-30.84731 ,-17.29843 ,-9.36976 ,-3.50885 ,2.07855 ,3.86683 ,-0.63102 ,4.81899 ,6.53151 ,6.58834 ,28.62862 ,78.58616 ,107.01 ,138.4166 ,138.1001 ,115.6057 ,98.26351 ,67.86778 ,42.54456 ,21.17279 ,7.86465 ,4.31243 ,6.90564 ,4.06111 ,-0.02367 ,2.10927 ,0.49398 ,0.80874 ,-0.13161 ,0.93731 ,-0.22283 ,1.79777 ,3.16943 ,1.26176 ,-22.54918 ,-92.89396 ,-247.3625 ,-337.6075 ,-276.354 ,-206.996 ,-114.293 ,-32.64907 ,24.64579 ,48.35134 ,49.00616 ,35.08646 ,21.51024 ,8.93875 ,6.75543 ,2.14348 ,1.49281 ,0.19164 ,1.10484 ,-0.36348 ,-0.46918 ,0.90504 
l3400eb,2021-08-16,10:59:39,0,="",2225N,ZR1,2000.0,0,64,6,55,-2.03254 ,-7.10082 ,-3.53211 ,-3.26037 ,-0.6458 ,-36.71627 ,-3309.247 ,-4659.923 ,-4534.242 ,-4477.857 ,-4397.139 ,-4314.419 ,-4232.867 ,-4151.961 ,-4074.483 ,-4002.953 ,-3927.908 ,-3853.865 ,-3776.357 ,-3686.655 ,-3585.245 ,-3406.384 ,-3121.736 ,-2315.009 ,-1042.719 ,-136.4164 ,151.6459 ,152.4742 ,99.3545 ,60.46887 ,37.83068 ,25.26277 ,23.11423 ,22.09582 ,4.76166 ,8.26613 ,-0.15382 ,0.85858 ,3.23354 ,0.24634 ,3.15907 ,2.58504 ,-0.51539 ,-0.93365 ,3.97675 ,-34.17837 ,-725.9944 ,-3720.975 ,-7284.531 ,-8208.016 ,-7347.212 ,-6112.547 ,-4839.734 ,-3596.507 ,-2449.91 ,-1493.604 ,-790.1749 ,-347.7381 ,-110.4909 ,-35.41607 ,-8.91332 ,-0.67778 ,2.07449 ,0.65863 ,1.53288 ,9.13466 
l3400eb,2021-08-16,10:59:44,0,="",2225N,ZR2,2000.0,0,64,6,56,0.17211 ,-6.40655 ,-6.40228 ,-6.82904 ,-11.48055 ,-46.78487 ,-3316.362 ,-4663.802 ,-4534.824 ,-4464.837 ,-4384.028 ,-4297.259 ,-4215.509 ,-4140.074 ,-4069.612 ,-4000.711 ,-3934.237 ,-3863.931 ,-3786.659 ,-3694.786 ,-3585.862 ,-3414.973 ,-3127.447 ,-2312.439 ,-1043.407 ,-137.7201 ,148.9486 ,148.0741 ,96.62699 ,58.88828 ,35.19548 ,32.41794 ,31.41097 ,13.94 ,8.16371 ,8.55123 ,-0.02207 ,2.10932 ,3.81169 ,0.59612 ,1.63573 ,2.72113 ,-5.38676 ,-15.77344 ,-15.32049 ,-51.96163 ,-740.8406 ,-3738.46 ,-7304.185 ,-8222.965 ,-7354.116 ,-6106.305 ,-4823.424 ,-3579.508 ,-2447.18 ,-1501.204 ,-794.9154 ,-347.0294 ,-113.0426 ,-29.49212 ,-8.08574 ,2.03324 ,2.4402 ,3.30436 ,0.43354 ,-2.94752 
l3400eb,2021-08-16,10:59:48,0,="",2225N,ZR3,2000.0,0,64,6,57,0.11302 ,3.51777 ,3.80096 ,1.06616 ,2.99132 ,-33.92738 ,-3306.12 ,-4648.341 ,-4527.485 ,-4464.821 ,-4387.225 ,-4302.563 ,-4223.118 ,-4147.686 ,-4077.645 ,-4006.316 ,-3938.733 ,-3864.902 ,-3783.637 ,-3696.845 ,-3585.398 ,-3405.668 ,-3123.628 ,-2311.59 ,-1041.466 ,-137.7105 ,150.1889 ,154.1971 ,104.7737 ,66.59605 ,43.35823 ,28.58365 ,20.30189 ,18.15883 ,11.57707 ,8.08174 ,3.76576 ,2.01426 ,0.50133 ,1.82459 ,1.7408 ,1.97613 ,0.49308 ,-0.5703 ,-0.6014 ,-37.86106 ,-727.2557 ,-3720.362 ,-7288.365 ,-8208.497 ,-7342.264 ,-6100.896 ,-4826.97 ,-3593.869 ,-2457.75 ,-1501.414 ,-796.8986 ,-346.3382 ,-117.9616 ,-27.83302 ,-4.74088 ,-2.19999 ,3.79428 ,0.90604 ,3.17106 ,5.5212 
l3400eb,2021-08-16,10:59:53,0,="",2225N,ZR4,2000.0,0,64,6,58,-8.39729 ,-1.6439 ,-7.19563 ,-5.82803 ,-5.51899 ,-44.12797 ,-3310.601 ,-4656.788 ,-4533.285 ,-4467.235 ,-4386.826 ,-4309.104 ,-4229.607 ,-4155.811 ,-4083.947 ,-4008.162 ,-3939.863 ,-3863.946 ,-3784.023 ,-3694.621 ,-3588.163 ,-3413.38 ,-3132.014 ,-2322.88 ,-1041.533 ,-134.8869 ,151.2778 ,153.9739 ,104.1725 ,68.88219 ,41.6432 ,24.78101 ,22.63532 ,16.26255 ,14.08979 ,7.44436 ,4.18647 ,2.41473 ,5.22409 ,0.43182 ,1.88517 ,-0.55486 ,-1.85994 ,-3.54792 ,0.29104 ,-34.56336 ,-726.2914 ,-3719.846 ,-7289.384 ,-8207.724 ,-7334.738 ,-6101.86 ,-4829.475 ,-3596.361 ,-2458.578 ,-1502.619 ,-791.6571 ,-342.311 ,-114.0327 ,-28.28151 ,-6.41372 ,0.84003 ,0.42378 ,-0.53325 ,0.9375 ,0.79941 
l3400eb,2021-08-16,10:59:57,0,="",2225N,ZR5,2000.0,0,64,6,59,10.02054 ,7.91606 ,5.77332 ,2.57699 ,1.62448 ,-35.24292 ,-3310.116 ,-4652.547 ,-4528.206 ,-4467.708 ,-4388.941 ,-4306.439 ,-4230.658 ,-4152.07 ,-4078.751 ,-4012.06 ,-3938.486 ,-3866.651 ,-3783.011 ,-3693.02 ,-3584.851 ,-3401.137 ,-3116.093 ,-2311.081 ,-1039.991 ,-130.9574 ,153.8828 ,154.7836 ,99.98169 ,55.13562 ,25.65388 ,15.46066 ,21.36755 ,17.9474 ,9.7293 ,6.42601 ,7.92437 ,3.20287 ,1.67732 ,2.40325 ,-0.20007 ,11.50183 ,6.20346 ,2.26009 ,1.88826 ,-37.93533 ,-733.688 ,-3718.164 ,-7287.737 ,-8207.889 ,-7340.824 ,-6103.84 ,-4824.869 ,-3587.692 ,-2458.126 ,-1505.091 ,-788.8437 ,-355.6881 ,-116.9959 ,-30.5982 ,-1.66717 ,-0.46442 ,4.65982 ,-0.93407 ,1.11161 ,4.2613 
l3400eb,2021-08-16,11:00:02,0,="",2225N,ZR6,2000.0,0,64,6,60,-0.86813 ,-2.19296 ,0.03043 ,1.72041 ,-0.68874 ,-34.55426 ,-3305.4 ,-4657.06 ,-4526.313 ,-4469.549 ,-4390.791 ,-4307.055 ,-4232.229 ,-4158.31 ,-4084.363 ,-4011.736 ,-3943.708 ,-3870.828 ,-3782.055 ,-3692.803 ,-3586.66 ,-3411.772 ,-3123.053 ,-2309.205 ,-1037.86 ,-130.8045 ,154.1942 ,159.9113 ,107.061 ,67.36773 ,40.68508 ,23.24816 ,15.75381 ,19.44869 ,17.71883 ,4.12599 ,3.29534 ,1.26433 ,4.53399 ,-0.01621 ,1.95108 ,-1.45876 ,0.86178 ,2.69702 ,5.63054 ,-35.18653 ,-732.9026 ,-3718.718 ,-7285.529 ,-8209.376 ,-7342.684 ,-6103.433 ,-4828.569 ,-3593.779 ,-2463.037 ,-1501.198 ,-787.3104 ,-345.8848 ,-118.3727 ,-29.48707 ,-5.88824 ,1.45856 ,3.30845 ,0.17057 ,1.47771 ,-0.05993 
l3400eb,2021-08-16,11:00:32,0,="",2225N,XR1,2000.0,0,64,6,61,-2.86256 ,1.4097 ,-0.32755 ,0.43307 ,-2.29909 ,-229.3816 ,-1917.68 ,-371.6836 ,-223.4685 ,-157.4168 ,-125.3604 ,-106.1013 ,-97.25229 ,-90.65438 ,-85.77262 ,-81.44684 ,-76.55835 ,-73.38494 ,-64.03131 ,-53.41042 ,79.68824 ,496.0045 ,881.1491 ,1352.014 ,1289.444 ,752.1408 ,310.1278 ,119.4069 ,48.10982 ,24.66986 ,17.03529 ,3.05726 ,5.1625 ,2.32995 ,0.22603 ,0.63262 ,-0.67888 ,0.19091 ,-0.28881 ,-0.29738 ,-0.11396 ,0.11714 ,-0.66223 ,-0.19432 ,-58.19253 ,-465.8309 ,-2158.522 ,-3807.986 ,-2654.533 ,-798.3084 ,15.36993 ,224.358 ,242.4616 ,209.6658 ,153.6023 ,100.568 ,55.12264 ,26.10036 ,9.45915 ,2.71705 ,0.21873 ,0.01969 ,0.22427 ,-0.15528 ,-0.27007 ,2.00539 
l3400eb,2021-08-16,11:00:36,0,="",2225N,XR2,2000.0,0,64,6,62,1.33615 ,-1.04199 ,1.99138 ,0.10701 ,1.56423 ,-229.9228 ,-1917.583 ,-370.1097 ,-224.9292 ,-157.6681 ,-122.1116 ,-105.0039 ,-94.32263 ,-90.43061 ,-83.42483 ,-81.64137 ,-76.35686 ,-73.76182 ,-64.22198 ,-53.28844 ,83.89112 ,494.4766 ,877.5669 ,1353.222 ,1292.134 ,748.3874 ,315.5102 ,120.8899 ,50.42605 ,23.69823 ,14.91777 ,6.13324 ,4.64884 ,3.04884 ,2.44829 ,-0.63703 ,0.33526 ,-0.48273 ,0.82189 ,-0.65437 ,-0.20042 ,1.16141 ,1.06691 ,2.73087 ,-57.93455 ,-469.8369 ,-2164.064 ,-3811.559 ,-2656.211 ,-796.8139 ,19.69025 ,222.3642 ,245.6909 ,207.9826 ,153.5063 ,100.0706 ,56.33967 ,27.29421 ,8.93288 ,2.02294 ,0.50815 ,-0.59818 ,-0.13795 ,-0.5086 ,-0.75951 ,-0.40488 
l3400eb,2021-08-16,11:00:41,0,="",2225N,XR3,2000.0,0,64,6,63,1.09559 ,0.96126 ,-1.88153 ,-1.48965 ,-1.50485 ,-227.7138 ,-1918.656 ,-372.5939 ,-220.4835 ,-157.7898 ,-119.9751 ,-104.7308 ,-94.76263 ,-88.29259 ,-85.19518 ,-76.92412 ,-78.11978 ,-69.44591 ,-66.43811 ,-50.37514 ,79.97775 ,494.4662 ,883.0732 ,1356.332 ,1296.635 ,753.0589 ,314.2064 ,117.0977 ,49.68189 ,25.09577 ,12.54592 ,8.49545 ,4.29863 ,1.90147 ,0.87853 ,0.84845 ,0.00455 ,-0.04487 ,-0.11517 ,-0.09691 ,-0.10899 ,-0.51907 ,-0.45961 ,-3.26261 ,-60.74971 ,-469.0805 ,-2162.245 ,-3807.285 ,-2657.957 ,-798.1478 ,19.88366 ,225.0771 ,245.4926 ,210.0876 ,154.3544 ,100.5254 ,55.9975 ,25.99457 ,9.4044 ,2.21239 ,-0.33393 ,-0.41083 ,-0.52562 ,-0.27976 ,-0.06432 ,-0.68535 
l3400eb,2021-08-16,11:00:45,0,="",2225N,XR4,2000.0,0,64,6,64,0.4393 ,-0.27101 ,1.42471 ,-0.71123 ,1.56169 ,-226.7016 ,-1917.606 ,-372.4279 ,-218.2561 ,-157.6415 ,-122.4397 ,-102.4208 ,-94.18966 ,-89.17579 ,-83.28382 ,-77.4669 ,-78.4528 ,-66.83846 ,-63.62584 ,-54.04325 ,83.74611 ,499.0443 ,881.8792 ,1356.826 ,1290.649 ,752.5563 ,313.9221 ,118.9952 ,49.16642 ,25.82718 ,14.01073 ,6.96867 ,4.0086 ,1.71536 ,1.51131 ,0.12268 ,0.04986 ,-0.05727 ,-0.42513 ,-0.26147 ,-0.39058 ,-1.05326 ,0.33054 ,-0.3716 ,-56.90451 ,-463.5389 ,-2160.861 ,-3814.079 ,-2659.975 ,-791.9475 ,19.97322 ,224.7832 ,244.431 ,209.2399 ,155.1043 ,100.0514 ,54.83222 ,26.24476 ,8.22221 ,1.86142 ,-0.04786 ,-0.98427 ,-1.01727 ,-0.64744 ,-0.33637 ,-1.65365 
l3400eb,2021-08-16,11:00:50,0,="",2225N,XR5,2000.0,0,64,6,65,-0.22408 ,-1.55259 ,0.89759 ,0.46373 ,-2.4935 ,-226.156 ,-1916.821 ,-371.2802 ,-219.9039 ,-158.1641 ,-121.324 ,-103.5008 ,-95.88145 ,-86.88362 ,-84.96619 ,-78.38968 ,-73.83612 ,-70.95051 ,-60.5097 ,-53.61852 ,84.12325 ,488.7229 ,877.0054 ,1358.683 ,1290.408 ,751.2325 ,317.3064 ,115.4539 ,54.13311 ,19.88132 ,14.38083 ,8.04899 ,4.2631 ,1.24499 ,0.62891 ,0.11878 ,-0.71119 ,-0.35983 ,-0.14876 ,0.16177 ,0.23209 ,-0.4921 ,-0.57496 ,-8.71141 ,-36.64661 ,-446.9766 ,-2171.953 ,-3809.459 ,-2655.071 ,-797.1213 ,22.34331 ,224.125 ,247.8422 ,210.7102 ,156.0462 ,101.258 ,56.9379 ,26.47959 ,8.93658 ,2.6532 ,0.28902 ,-0.0367 ,-0.31249 ,0.47493 ,0.51173 ,0.74029 
l3400eb,2021-08-16,11:00:54,0,="",2225N,XR6,2000.0,0,64,6,66,0.47986 ,-1.08751 ,2.73697 ,-6.27444 ,0.61053 ,-231.3194 ,-1918.648 ,-371.0961 ,-223.9973 ,-152.8654 ,-125.2384 ,-103.4645 ,-94.97951 ,-85.763 ,-83.91701 ,-80.76061 ,-75.81729 ,-70.64175 ,-60.10244 ,-52.48978 ,84.10388 ,491.5569 ,874.8784 ,1353.702 ,1291.035 ,754.2553 ,316.4191 ,116.5165 ,49.36986 ,24.65393 ,11.44391 ,6.89294 ,3.45006 ,1.7003 ,-0.75021 ,-0.23221 ,-1.14169 ,-0.86915 ,-0.94612 ,-0.9968 ,-0.45298 ,0.13652 ,-0.90932 ,-3.94569 ,-51.65953 ,-459.3637 ,-2156.975 ,-3814.411 ,-2654.664 ,-793.8724 ,21.39946 ,222.3254 ,245.4063 ,210.1839 ,155.3001 ,101.5152 ,57.34979 ,25.64315 ,9.95033 ,2.30352 ,0.61061 ,-0.15259 ,0.28757 ,0.80832 ,1.05325 ,0.00033 
l3400eb,2021-08-16,11:01:20,0,="",2225N,YR1,2000.0,0,64,6,67,7.20734 ,2.1121 ,-2.19904 ,2.72803 ,1.06895 ,-57.55236 ,-297.3636 ,-157.4439 ,-112.5787 ,-77.51838 ,-49.39809 ,-41.73405 ,-28.57111 ,-24.84182 ,-20.13836 ,-14.20807 ,-21.82245 ,-7.5392 ,-12.73367 ,-8.83008 ,16.1008 ,85.70752 ,154.5064 ,219.5422 ,205.5853 ,155.6555 ,126.751 ,80.17391 ,50.41787 ,26.6486 ,13.71695 ,9.34089 ,4.80127 ,3.78009 ,0.53056 ,2.13214 ,-0.3977 ,0.10287 ,-0.09951 ,0.5123 ,0.36241 ,1.91838 ,1.16644 ,-0.78599 ,-30.71246 ,-127.0405 ,-377.251 ,-562.4007 ,-446.2542 ,-283.7452 ,-156.4438 ,-45.94238 ,20.06558 ,50.77418 ,56.45977 ,37.92167 ,25.69134 ,9.91381 ,6.73677 ,1.52337 ,0.76805 ,0.16626 ,0.47768 ,3.34704 ,-6.84657 ,-1.23566 
l3400eb,2021-08-16,11:01:24,0,="",2225N,YR2,2000.0,0,64,6,68,2.54815 ,2.89523 ,2.64142 ,3.75214 ,3.53472 ,-53.92763 ,-294.9114 ,-160.7906 ,-108.4119 ,-71.60546 ,-47.75873 ,-35.50849 ,-31.12461 ,-22.90087 ,-27.00137 ,-16.93263 ,-18.56901 ,-13.97422 ,-12.90874 ,-7.40404 ,25.10608 ,103.8564 ,153.8101 ,206.8707 ,205.329 ,157.805 ,123.0814 ,91.25538 ,53.34398 ,30.03143 ,15.08804 ,6.0898 ,2.6241 ,1.00208 ,5.0449 ,-0.34299 ,2.55166 ,0.1164 ,-0.32675 ,0.02015 ,0.03857 ,0.22114 ,5.36527 ,6.3044 ,-23.88307 ,-125.8445 ,-370.4239 ,-555.2926 ,-436.6525 ,-279.4674 ,-149.0988 ,-42.85271 ,22.54352 ,46.88157 ,48.50119 ,38.70233 ,26.12787 ,10.72657 ,4.88409 ,3.48884 ,1.49794 ,0.07884 ,0.13223 ,-0.51801 ,0.89716 ,-0.86421 
l3400eb,2021-08-16,11:01:28,0,="",2225N,YR3,2000.0,0,64,6,69,-0.73141 ,-2.04444 ,0.23521 ,-3.05362 ,1.24783 ,-50.58479 ,-298.8488 ,-162.5241 ,-110.9751 ,-75.28309 ,-54.45529 ,-39.38472 ,-30.38221 ,-22.63319 ,-21.52198 ,-9.94245 ,-18.50075 ,-9.93651 ,-8.02537 ,-5.26123 ,26.13026 ,92.51409 ,146.9357 ,207.6429 ,203.8232 ,170.2511 ,129.1026 ,88.15786 ,50.18209 ,29.64605 ,14.95461 ,8.34871 ,4.77327 ,4.32295 ,2.71147 ,1.08707 ,-0.93935 ,0.74084 ,0.32676 ,-0.99756 ,0.67525 ,1.85066 ,2.17855 ,-1.95494 ,-33.97837 ,-133.3803 ,-373.2243 ,-554.955 ,-445.7284 ,-285.8872 ,-153.574 ,-46.60464 ,23.17921 ,51.08132 ,52.42297 ,39.56428 ,26.32505 ,11.69673 ,6.31899 ,2.88398 ,1.4681 ,-1.1697 ,0.44889 ,0.11204 ,0.02316 ,0.08738 
l3400eb,2021-08-16,11:01:33,0,="",2225N,YR4,2000.0,0,64,6,70,-0.97759 ,0.30489 ,1.36527 ,1.95131 ,0.68112 ,-50.94341 ,-289.8766 ,-151.3006 ,-114.0556 ,-74.5665 ,-43.51339 ,-40.81184 ,-25.77626 ,-23.61906 ,-16.9968 ,-14.32202 ,-14.37978 ,-11.62402 ,-9.26708 ,-6.34317 ,22.15006 ,97.02309 ,150.9299 ,205.5417 ,201.339 ,160.4951 ,128.1882 ,83.01771 ,51.99459 ,29.07972 ,13.78853 ,7.94301 ,3.01934 ,-0.01054 ,0.28352 ,2.9937 ,0.61103 ,0.33046 ,-0.10349 ,0.30228 ,0.86317 ,-1.56137 ,0.0117 ,-2.54242 ,-24.76899 ,-127.2791 ,-373.7192 ,-564.3099 ,-439.7781 ,-280.7076 ,-152.148 ,-42.49941 ,29.74467 ,54.55457 ,52.43582 ,37.77003 ,23.43424 ,12.80575 ,3.68164 ,2.41442 ,1.45276 ,0.2674 ,0.01082 ,0.15134 ,1.44892 ,-0.76448 
l3400eb,2021-08-16,11:01:37,0,="",2225N,YR5,2000.0,0,64,6,71,-2.78109 ,2.74121 ,4.30034 ,3.99449 ,6.20568 ,-46.66268 ,-291.358 ,-158.9202 ,-108.2513 ,-75.58973 ,-53.65196 ,-42.93525 ,-30.68394 ,-26.28271 ,-24.11194 ,-18.87823 ,-16.30692 ,-11.51774 ,-9.79982 ,-6.91223 ,24.83577 ,95.76418 ,150.613 ,208.6819 ,207.5075 ,164.558 ,128.8461 ,90.48888 ,53.54137 ,29.37073 ,11.45549 ,3.8118 ,3.32014 ,3.16951 ,3.53517 ,0.11894 ,2.96054 ,-0.29702 ,0.1518 ,0.02269 ,-0.02713 ,0.29516 ,4.5776 ,3.97889 ,-25.92849 ,-121.4287 ,-366.4065 ,-552.4677 ,-436.5254 ,-281.8251 ,-149.4759 ,-42.66804 ,21.94411 ,49.07436 ,50.3669 ,37.27148 ,26.90004 ,12.08918 ,3.57252 ,3.5277 ,1.46522 ,-0.14004 ,-0.13394 ,0.05491 ,0.96858 ,1.67246 
l3400eb,2021-08-16,11:01:42,0,="",2225N,YR6,2000.0,0,64,6,72,1.72474 ,-2.26502 ,0.44208 ,-0.60569 ,-2.50936 ,-53.90297 ,-296.6667 ,-158.9562 ,-109.8235 ,-76.00102 ,-51.12905 ,-35.69536 ,-27.99262 ,-20.21831 ,-18.02731 ,-12.86739 ,-9.4142 ,-9.48296 ,-6.78243 ,-5.66063 ,26.96011 ,100.902 ,150.0214 ,208.3985 ,206.5512 ,154.4491 ,127.9432 ,80.25126 ,52.84703 ,27.85376 ,12.37586 ,8.09321 ,5.51225 ,2.53871 ,-0.08721 ,2.79174 ,0.07088 ,0.39068 ,-0.76099 ,1.6055 ,-0.55916 ,0.07151 ,-1.67555 ,0.58413 ,-30.61304 ,-127.3217 ,-381.1767 ,-559.6175 ,-438.916 ,-280.7015 ,-158.219 ,-44.15263 ,24.64885 ,54.60475 ,57.70634 ,40.04946 ,20.79581 ,11.95696 ,6.34748 ,1.51167 ,1.04895 ,1.22968 ,-0.29215 ,0.49133 ,-0.115 ,0.31996 
l3400eb,2021-08-16,11:03:22,0,="",2200N,ZR1,2000.0,0,64,6,73,2.14551 ,8.36444 ,3.27041 ,3.2129 ,1.77953 ,-65.84888 ,-4047.204 ,-5282.036 ,-5128.907 ,-5053.82 ,-4963.74 ,-4872.849 ,-4781.795 ,-4699.625 ,-4613.53 ,-4537.951 ,-4454.784 ,-4374.82 ,-4284.488 ,-4182.264 ,-4039.921 ,-3783.054 ,-3400.179 ,-2398.829 ,-963.1944 ,-50.51382 ,196.6113 ,164.6258 ,107.7309 ,63.71111 ,40.01465 ,24.31828 ,14.75132 ,14.13627 ,12.01851 ,7.14536 ,5.77186 ,3.79146 ,0.99345 ,2.88665 ,0.05443 ,5.67221 ,4.25074 ,-1.50492 ,-3.40422 ,-101.2498 ,-1133.984 ,-4824.117 ,-8667.518 ,-9350.039 ,-8247.276 ,-6839.156 ,-5405.124 ,-4020.118 ,-2752.759 ,-1687.178 ,-891.2061 ,-396.5284 ,-135.4577 ,-32.6962 ,-3.93066 ,-1.67695 ,3.88148 ,-1.15336 ,1.91238 ,7.6838 
l3400eb,2021-08-16,11:03:26,0,="",2200N,ZR2,2000.0,0,64,6,74,-2.99409 ,-1.68844 ,-1.12364 ,0.53078 ,0.06619 ,-66.83834 ,-4043.512 ,-5279.136 ,-5122.822 ,-5056.165 ,-4963.408 ,-4871.675 ,-4780.692 ,-4698.404 ,-4614.695 ,-4536.06 ,-4455.186 ,-4370.7 ,-4283.666 ,-4175.254 ,-4042.405 ,-3783.754 ,-3399.337 ,-2395.617 ,-969.496 ,-41.34318 ,203.1352 ,175.6185 ,114.4756 ,74.05299 ,47.87289 ,28.31854 ,16.03459 ,15.11892 ,6.7931 ,-0.83963 ,7.02941 ,5.57396 ,2.40718 ,1.27779 ,0.35757 ,0.16995 ,-0.73635 ,4.55971 ,-3.95323 ,-101.5012 ,-1126.096 ,-4816.88 ,-8660.675 ,-9342.643 ,-8238.656 ,-6830.966 ,-5404.836 ,-4025.048 ,-2759.135 ,-1683.224 ,-880.9084 ,-387.487 ,-136.0962 ,-39.87936 ,-6.55186 ,4.88891 ,-0.82339 ,2.47812 ,-2.07203 ,-3.481 
l3400eb,2021-08-16,11:03:31,0,="",2200N,ZR3,2000.0,0,64,6,75,7.58714 ,2.73385 ,-1.31 ,-5.91055 ,-8.31895 ,-78.45433 ,-4051.285 ,-5286.276 ,-5130.391 ,-5060.919 ,-4972.068 ,-4880.489 ,-4793.979 ,-4703.913 ,-4619.805 ,-4533.094 ,-4446.602 ,-4361.978 ,-4269.859 ,-4170.332 ,-4034.383 ,-3773.673 ,-3390.206 ,-2389.765 ,-963.3914 ,-42.85309 ,197.6825 ,170.2521 ,106.703 ,67.41969 ,40.37426 ,25.98772 ,19.34245 ,22.4465 ,6.17447 ,2.93074 ,0.77628 ,3.87376 ,3.7232 ,0.10901 ,1.46184 ,3.80873 ,-1.44607 ,-2.33334 ,-7.90763 ,-102.8707 ,-1134.098 ,-4824.083 ,-8662.075 ,-9353.81 ,-8248.346 ,-6839.554 ,-5409.665 ,-4031.706 ,-2756.358 ,-1677.208 ,-888.4527 ,-390.9411 ,-128.4388 ,-37.19471 ,-8.60333 ,0.30179 ,4.42562 ,1.15871 ,0.04252 ,1.75673 
l3400eb,2021-08-16,11:03:35,0,="",2200N,ZR4,2000.0,0,64,6,76,-2.33115 ,-4.56979 ,-7.5791 ,-2.36037 ,6.57048 ,-63.69732 ,-4038.733 ,-5272.926 ,-5120.973 ,-5050.607 ,-4966.776 ,-4881.988 ,-4790.938 ,-4706.116 ,-4627.203 ,-4546.903 ,-4466.406 ,-4378.546 ,-4289.111 ,-4185.422 ,-4045.143 ,-3781.592 ,-3392.091 ,-2394.455 ,-980.6344 ,-52.09576 ,195.834 ,170.7317 ,114.5454 ,72.22418 ,49.60125 ,31.71174 ,17.18914 ,8.128 ,13.82927 ,6.68576 ,4.91999 ,0.33356 ,4.37873 ,1.13542 ,2.40486 ,-3.82127 ,-0.71408 ,-2.45227 ,-5.90086 ,-102.3655 ,-1128.079 ,-4814.188 ,-8660.697 ,-9351.479 ,-8246.318 ,-6836.045 ,-5410.943 ,-4030.124 ,-2761.214 ,-1694.477 ,-886.736 ,-382.0776 ,-135.8443 ,-30.88555 ,-8.83432 ,-1.69873 ,1.66127 ,2.5282 ,4.82017 ,-2.57052 
l3400eb,2021-08-16,11:03:40,0,="",2200N,ZR5,2000.0,0,64,6,77,-4.12851 ,-5.20318 ,-4.35859 ,-2.91197 ,-4.03279 ,-77.43191 ,-4055.112 ,-5286.846 ,-5132.192 ,-5051.48 ,-4962.652 ,-4868.688 ,-4774.97 ,-4693.093 ,-4612.85 ,-4539.206 ,-4462.161 ,-4380.716 ,-4292.875 ,-4193.161 ,-4048.491 ,-3794.596 ,-3413.724 ,-2410.819 ,-977.0038 ,-50.61114 ,187.1378 ,160.3557 ,104.1115 ,62.76333 ,44.61819 ,36.87414 ,25.01281 ,10.58115 ,7.59053 ,14.21878 ,1.33932 ,-2.09019 ,3.93627 ,2.77501 ,2.36297 ,-1.11427 ,-0.88218 ,-0.62026 ,-3.55346 ,-102.4262 ,-1129.714 ,-4811.628 ,-8661.304 ,-9364.026 ,-8250.13 ,-6840.032 ,-5409.072 ,-4022.985 ,-2754.168 ,-1693.21 ,-897.6416 ,-384.6495 ,-133.8892 ,-32.00031 ,-7.66236 ,-0.78608 ,3.61336 ,1.45418 ,5.57311 ,0.09962 
l3400eb,2021-08-16,11:03:44,0,="",2200N,ZR6,2000.0,0,64,6,78,-1.23163 ,4.13586 ,3.24023 ,2.85183 ,-2.82214 ,-71.74336 ,-4049.779 ,-5285.039 ,-5131.447 ,-5054.12 ,-4964.087 ,-4867.778 ,-4781.379 ,-4696.987 ,-4619.275 ,-4538.78 ,-4460.314 ,-4380.866 ,-4290.126 ,-4187.327 ,-4045.852 ,-3788.191 ,-3401.282 ,-2394.691 ,-966.1728 ,-47.40371 ,203.8815 ,174.9025 ,115.3973 ,72.58709 ,43.03838 ,25.94787 ,31.41758 ,5.18364 ,16.63744 ,1.32917 ,4.8632 ,2.91523 ,3.94378 ,0.6007 ,2.0986 ,1.31296 ,4.25405 ,-5.81131 ,-6.83102 ,-91.23795 ,-1112.434 ,-4805.514 ,-8658.01 ,-9353.366 ,-8242.153 ,-6842.646 ,-5413.943 ,-4037.3 ,-2763.943 ,-1688.046 ,-885.0127 ,-385.8298 ,-135.2883 ,-33.96884 ,-6.85192 ,-0.51386 ,2.70138 ,2.05538 ,3.43696 ,-2.85776 
l3400eb,2021-08-16,11:04:09,0,="",2200N,XR1,2000.0,0,64,6,79,-0.0973 ,0.40103 ,-0.66466 ,3.62508 ,-1.18504 ,-321.2046 ,-2822.836 ,-528.9046 ,-322.04 ,-227.1282 ,-173.7302 ,-146.8171 ,-130.6023 ,-121.6453 ,-115.4722 ,-109.007 ,-102.4878 ,-91.2003 ,-77.20788 ,-35.76465 ,194.4809 ,568.66 ,1070.049 ,1848.952 ,1957.977 ,1201.638 ,451.1159 ,151.3286 ,92.71807 ,30.00085 ,19.33156 ,7.8144 ,5.11593 ,4.98487 ,-0.24233 ,-0.12371 ,-0.41577 ,-0.77811 ,0.1961 ,-0.98758 ,-0.3974 ,-0.27733 ,1.88017 ,-10.00157 ,-77.968 ,-650.0809 ,-3124.503 ,-5636.464 ,-3906.112 ,-1136.395 ,34.29065 ,333.083 ,369.463 ,316.9253 ,236.3869 ,151.6769 ,87.25316 ,38.17967 ,12.70486 ,3.25026 ,0.92854 ,-1.2292 ,-0.21682 ,-0.3772 ,-0.83121 ,0.78728 
l3400eb,2021-08-16,11:04:14,0,="",2200N,XR2,2000.0,0,64,6,80,-0.03742 ,3.62308 ,-1.62469 ,-0.96229 ,1.33086 ,-328.3054 ,-2823.704 ,-533.7621 ,-322.7032 ,-224.8698 ,-174.3182 ,-145.2676 ,-128.348 ,-123.8086 ,-112.8394 ,-110.974 ,-99.36583 ,-96.38858 ,-83.2278 ,-67.52892 ,120.5826 ,716.8672 ,1288.312 ,2007.69 ,1913.836 ,1103.572 ,462.6928 ,175.6712 ,78.02972 ,37.37993 ,19.33918 ,8.49109 ,6.6592 ,5.10058 ,0.27181 ,1.06654 ,-0.36694 ,0.61075 ,-0.09628 ,0.45064 ,0.00266 ,1.03953 ,-2.07513 ,-1.77766 ,-80.7622 ,-654.259 ,-3130.795 ,-5636.019 ,-3905.337 ,-1142.926 ,37.4491 ,331.6022 ,369.988 ,318.4129 ,236.8882 ,155.4479 ,85.08798 ,39.39504 ,15.19745 ,3.75349 ,0.30748 ,0.36423 ,0.26397 ,0.17377 ,0.0845 ,2.52574 
l3400eb,2021-08-16,11:04:18,0,="",2200N,XR3,2000.0,0,64,6,81,-2.78198 ,-3.41614 ,-4.69233 ,0.2756 ,-21.08819 ,-347.4695 ,-2753.604 ,-586.2023 ,-282.8343 ,-249.0001 ,-164.1518 ,-154.3938 ,-123.8404 ,-125.7242 ,-109.9876 ,-112.3529 ,-100.7049 ,-94.78494 ,-88.72482 ,-68.41575 ,123.112 ,723.8523 ,1296.073 ,2007.053 ,1915.344 ,1103.074 ,462.1568 ,182.59 ,77.25913 ,39.50644 ,20.52989 ,12.9312 ,7.59173 ,3.88681 ,1.17527 ,1.7402 ,-0.39646 ,0.5479 ,0.02826 ,0.13205 ,0.20381 ,-0.43425 ,-0.37046 ,0.04126 ,-67.17816 ,-647.1099 ,-3132.772 ,-5637.196 ,-3903.165 ,-1139.096 ,41.6401 ,336.868 ,368.1459 ,320.7028 ,240.414 ,152.3442 ,85.64369 ,40.18163 ,14.41765 ,4.26053 ,0.96573 ,0.92703 ,0.19139 ,0.46493 ,0.32268 ,-1.01862 
l3400eb,2021-08-16,11:04:23,0,="",2200N,XR4,2000.0,0,64,6,82,5.48819 ,-5.52014 ,3.39025 ,2.97122 ,1.07556 ,-320.9998 ,-2826.105 ,-528.4251 ,-323.7532 ,-225.424 ,-173.2915 ,-146.5571 ,-133.1961 ,-122.9554 ,-113.8099 ,-108.9435 ,-100.2763 ,-93.92386 ,-88.68927 ,-66.23778 ,122.1859 ,741.7214 ,1311.136 ,2011.702 ,1905.642 ,1099.929 ,468.4259 ,179.879 ,80.11714 ,38.41062 ,21.31655 ,12.24708 ,5.04246 ,3.31951 ,3.2243 ,-0.20939 ,0.91976 ,0.50094 ,-0.12895 ,-0.45091 ,-0.12745 ,0.39022 ,-0.40743 ,-4.41778 ,-77.22736 ,-645.1667 ,-3124.239 ,-5632.586 ,-3907.088 ,-1138.903 ,33.3184 ,331.3239 ,370.5785 ,316.3257 ,234.1072 ,153.5008 ,87.75158 ,39.00141 ,13.77567 ,3.35572 ,0.88995 ,-0.8217 ,-0.63105 ,-0.39602 ,-0.46637 ,1.55513 
l3400eb,2021-08-16,11:04:27,0,="",2200N,XR5,2000.0,0,64,6,83,-0.31686 ,-4.72004 ,-4.17435 ,-1.93582 ,-0.86264 ,-321.6803 ,-2823.705 ,-526.5763 ,-321.6009 ,-224.833 ,-176.8178 ,-144.3496 ,-129.8967 ,-123.267 ,-111.8658 ,-107.4156 ,-101.1312 ,-95.45591 ,-81.92183 ,-70.68079 ,122.1398 ,720.6765 ,1288.584 ,2004.413 ,1907.923 ,1107.913 ,460.566 ,178.7874 ,77.9347 ,35.18337 ,20.80244 ,12.38976 ,6.50298 ,4.41251 ,-0.39315 ,1.9885 ,-0.4557 ,-0.02567 ,0.62101 ,0.22069 ,-0.08735 ,-0.33759 ,-2.5718 ,-6.83395 ,-78.33634 ,-653.8784 ,-3133.059 ,-5627.258 ,-3901.283 ,-1143.504 ,35.31203 ,333.5691 ,369.7763 ,319.2611 ,238.0495 ,153.6215 ,85.74692 ,39.65709 ,14.91711 ,3.29466 ,0.6094 ,-0.09675 ,-0.14882 ,-0.20314 ,-0.34242 ,1.61411 
l3400eb,2021-08-16,11:04:31,0,="",2200N,XR6,2000.0,0,64,6,84,2.34305 ,1.36094 ,1.30569 ,-1.53694 ,3.13388 ,-327.2856 ,-2823.673 ,-532.2381 ,-324.8585 ,-223.8859 ,-177.9548 ,-145.8914 ,-131.5549 ,-121.8437 ,-114.1952 ,-104.3458 ,-101.5926 ,-93.01747 ,-84.75489 ,-66.79613 ,123.8683 ,714.9084 ,1284.916 ,2006.989 ,1916.884 ,1106.463 ,463.981 ,179.4803 ,79.95845 ,37.06994 ,19.8756 ,10.10146 ,6.41143 ,4.23848 ,2.07527 ,0.41767 ,0.61558 ,0.52356 ,0.14429 ,-0.43517 ,-0.53034 ,0.24454 ,-0.25362 ,-1.28136 ,-74.22199 ,-649.0935 ,-3130.671 ,-5634.817 ,-3905.174 ,-1143.539 ,38.56524 ,332.4456 ,366.0346 ,317.3146 ,237.7941 ,155.567 ,87.29091 ,38.14036 ,14.53945 ,3.04016 ,1.11135 ,0.61088 ,0.67361 ,0.00014 ,-0.50668 ,1.62754 
l3400eb,2021-08-16,11:04:54,0,="",2200N,YR1,2000.0,0,64,6,85,4.08751 ,0.21115 ,2.91383 ,3.28266 ,2.67106 ,-74.50364 ,-568.2758 ,-177.4942 ,-95.0641 ,-50.24641 ,-20.56982 ,-0.80294 ,7.00764 ,13.55745 ,20.93373 ,26.16434 ,27.25911 ,29.66353 ,45.43834 ,40.12797 ,44.55354 ,193.9498 ,328.3168 ,476.1179 ,449.8661 ,290.546 ,191.5609 ,117.6754 ,68.0945 ,37.78363 ,11.80763 ,8.8443 ,4.06122 ,5.66817 ,4.31532 ,-0.435 ,3.18249 ,0.23844 ,0.31323 ,0.37492 ,0.13917 ,1.44319 ,6.14686 ,1.26595 ,-29.1313 ,-173.6213 ,-647.6491 ,-1117.075 ,-810.493 ,-341.0715 ,-76.78421 ,63.47637 ,126.6242 ,135.031 ,115.0741 ,80.15175 ,47.79511 ,22.53592 ,9.05675 ,4.54309 ,3.24829 ,-0.14403 ,0.77405 ,-0.45683 ,1.33752 ,-1.70318 
l3400eb,2021-08-16,11:04:58,0,="",2200N,YR2,2000.0,0,64,6,86,1.52092 ,2.43974 ,0.51949 ,-1.52558 ,-0.68939 ,-83.07544 ,-570.336 ,-177.7603 ,-94.97718 ,-48.47557 ,-14.89141 ,1.96442 ,13.16229 ,18.96229 ,25.03484 ,24.88995 ,25.14466 ,29.37608 ,32.25282 ,32.42309 ,80.9934 ,209.9092 ,313.4934 ,443.1556 ,433.6181 ,300.0872 ,186.9935 ,116.9204 ,77.50193 ,37.39027 ,16.80906 ,8.60153 ,5.83166 ,3.22326 ,2.39051 ,0.84415 ,-0.21897 ,-0.58394 ,0.87509 ,-0.23812 ,0.39533 ,1.8601 ,-2.17605 ,-8.58507 ,-32.93483 ,-176.6976 ,-655.5035 ,-1119.967 ,-824.9286 ,-343.8832 ,-77.18323 ,66.48068 ,133.0785 ,143.2038 ,118.4897 ,78.7279 ,42.95137 ,24.45307 ,8.77374 ,2.92629 ,0.49355 ,0.76694 ,0.11379 ,0.32335 ,0.78501 ,0.75103 
l3400eb,2021-08-16,11:05:03,0,="",2200N,YR3,2000.0,0,64,6,87,2.4579 ,0.92012 ,0.73547 ,0.76951 ,-0.81963 ,-82.00507 ,-572.3477 ,-176.678 ,-90.79662 ,-42.24384 ,-15.09578 ,1.10611 ,11.5532 ,24.34992 ,24.86249 ,28.58599 ,34.52552 ,33.48331 ,27.4393 ,42.90957 ,80.03586 ,210.2898 ,319.13 ,457.2536 ,437.1132 ,305.1581 ,193.6591 ,120.1786 ,66.31265 ,31.33477 ,15.52088 ,7.80022 ,8.50658 ,0.59241 ,2.02972 ,0.36505 ,1.60119 ,0.54779 ,-0.40077 ,-0.16421 ,0.27666 ,-0.56299 ,2.7222 ,-3.98201 ,-36.34533 ,-182.6467 ,-656.7722 ,-1125.542 ,-807.165 ,-343.4784 ,-74.99801 ,70.30674 ,133.9333 ,141.4023 ,112.8782 ,82.72132 ,47.7028 ,23.295 ,10.02905 ,2.9013 ,1.72767 ,1.32581 ,-0.61294 ,0.7208 ,-0.97285 ,1.05939 
l3400eb,2021-08-16,11:05:07,0,="",2200N,YR4,2000.0,0,64,6,88,-0.6963 ,3.10012 ,-1.407 ,1.14378 ,-3.87984 ,-82.35916 ,-568.7298 ,-176.03 ,-93.18076 ,-46.76569 ,-8.35902 ,3.81121 ,15.39453 ,13.88625 ,19.7968 ,21.1945 ,24.78343 ,32.73878 ,31.15889 ,42.03003 ,91.24046 ,218.9586 ,326.8623 ,454.2773 ,440.0318 ,305.0665 ,195.0333 ,122.3719 ,66.84954 ,34.80964 ,19.77733 ,8.49463 ,6.62978 ,2.8063 ,4.05181 ,1.66801 ,-0.2877 ,-0.08349 ,0.25763 ,-0.74613 ,0.56515 ,0.92993 ,-2.03213 ,0.46641 ,-29.98486 ,-171.1578 ,-654.9172 ,-1124.3 ,-815.4376 ,-337.2606 ,-72.77166 ,68.64379 ,132.8599 ,139.6547 ,115.5982 ,80.30491 ,47.75863 ,23.28105 ,24.0174 ,-4.703 ,-0.51417 ,-0.30066 ,0.26769 ,0.14915 ,1.36064 ,2.91757 
l3400eb,2021-08-16,11:05:12,0,="",2200N,YR5,2000.0,0,64,6,89,-3.63793 ,0.01658 ,0.03136 ,-0.07269 ,3.37919 ,-76.37306 ,-565.3389 ,-170.3335 ,-94.88894 ,-44.24572 ,-15.45211 ,-0.12745 ,11.89646 ,18.15914 ,22.30678 ,23.11398 ,25.99184 ,30.62049 ,31.33342 ,38.2422 ,80.80369 ,208.3909 ,319.4904 ,457.1658 ,439.2543 ,304.1759 ,195.1895 ,120.9691 ,76.72647 ,42.27225 ,18.20916 ,7.65151 ,4.37764 ,-0.89642 ,4.38088 ,-1.01103 ,1.85255 ,0.5508 ,0.09673 ,-1.53709 ,0.08126 ,-1.98803 ,6.94523 ,-2.92566 ,-33.30573 ,-176.4395 ,-649.6968 ,-1113.528 ,-804.8792 ,-335.3037 ,-74.78947 ,68.56502 ,133.8596 ,141.5908 ,113.5007 ,80.58808 ,50.83764 ,23.36933 ,8.53018 ,4.22634 ,2.2295 ,0.12034 ,-0.44756 ,0.37447 ,-0.41077 ,-4.25723 
l3400eb,2021-08-16,11:05:16,0,="",2200N,YR6,2000.0,0,64,6,90,-2.22591 ,-11.4965 ,-3.12566 ,-5.49413 ,-0.37528 ,-75.83727 ,-561.4505 ,-166.032 ,-86.48222 ,-38.59587 ,-14.13519 ,6.2946 ,10.07027 ,16.96001 ,26.16397 ,24.76168 ,29.16616 ,32.7056 ,35.34919 ,36.59581 ,81.04187 ,207.3674 ,316.2228 ,449.5702 ,437.4324 ,302.9663 ,188.6073 ,119.5115 ,71.85059 ,41.59573 ,20.24931 ,11.0553 ,5.08402 ,0.31434 ,2.71692 ,-0.81417 ,1.44076 ,0.61335 ,0.41438 ,-0.01381 ,0.3538 ,-3.16745 ,0.34695 ,3.96795 ,-32.9169 ,-178.054 ,-658.9102 ,-1117.827 ,-803.8318 ,-339.0826 ,-67.20478 ,74.40972 ,138.0406 ,143.0876 ,117.3062 ,78.21418 ,46.67247 ,26.9051 ,7.44161 ,5.21415 ,0.77142 ,0.8666 ,-1.23525 ,0.75293 ,0.47353 ,-6.88926 
l3400eb,2021-08-16,11:06:27,0,="",2175N,ZR1,2000.0,0,64,6,91,3.37067 ,1.55505 ,-3.53595 ,-5.3671 ,-10.57805 ,-168.2207 ,-5566.738 ,-6132.553 ,-5901.625 ,-5791.184 ,-5678.389 ,-5563.238 ,-5457.005 ,-5357.617 ,-5264.805 ,-5170.483 ,-5078.395 ,-4983.414 ,-4887.184 ,-4766.243 ,-4561.005 ,-4092.28 ,-3467.531 ,-2060.694 ,-441.6501 ,308.564 ,352.344 ,231.5953 ,136.6449 ,74.62538 ,39.43714 ,29.24603 ,34.51185 ,11.79035 ,4.90088 ,11.40625 ,1.5067 ,-1.37044 ,4.27287 ,4.50516 ,0.87481 ,5.25981 ,-1.79724 ,-4.73685 ,-26.93245 ,-270.7726 ,-2205.774 ,-7388.734 ,-11193.59 ,-10949.38 ,-9295.312 ,-7624.741 ,-6001.925 ,-4454.972 ,-3044.069 ,-1861.445 ,-989.4623 ,-439.1895 ,-145.579 ,-38.66725 ,-7.98344 ,-1.6051 ,5.97429 ,0.88189 ,3.84172 ,11.75143 
l3400eb,2021-08-16,11:06:31,0,="",2175N,ZR2,2000.0,0,64,6,92,9.85584 ,5.68151 ,1.92039 ,-0.24859 ,-5.24048 ,-167.2787 ,-5569.964 ,-6133.502 ,-5903.687 ,-5793.556 ,-5676.958 ,-5564.977 ,-5454.912 ,-5352.632 ,-5262.45 ,-5166.608 ,-5074.695 ,-4982.04 ,-4880.85 ,-4762.065 ,-4551.971 ,-4086.428 ,-3463.997 ,-2054.816 ,-430.6118 ,317.0899 ,358.6926 ,233.0336 ,139.5333 ,78.05866 ,41.85835 ,22.87908 ,26.83669 ,18.89867 ,3.48036 ,9.30164 ,2.56368 ,1.19255 ,0.84419 ,4.52 ,2.41998 ,8.63027 ,-1.49256 ,-7.64909 ,-34.07989 ,-277.0828 ,-2208.188 ,-7384.824 ,-11186.75 ,-10948.16 ,-9298.241 ,-7621.793 ,-6000.21 ,-4453.76 ,-3040.02 ,-1862.016 ,-992.4655 ,-437.9009 ,-150.2323 ,-41.68313 ,-7.93039 ,-2.71186 ,5.42369 ,1.07973 ,2.15553 ,14.31132 
l3400eb,2021-08-16,11:06:36,0,="",2175N,ZR3,2000.0,0,64,6,93,0.53735 ,3.16731 ,5.1067 ,6.84415 ,2.66535 ,-155.2874 ,-5555.494 ,-6126.556 ,-5893.633 ,-5786.379 ,-5670.069 ,-5558.86 ,-5453.648 ,-5361.214 ,-5264.24 ,-5176.072 ,-5082.555 ,-4990.926 ,-4883.75 ,-4761.918 ,-4553.336 ,-4085.322 ,-3464.645 ,-2056.878 ,-432.1177 ,319.8612 ,364.2873 ,239.5475 ,146.1637 ,87.17485 ,50.92497 ,27.33601 ,16.94288 ,2.41394 ,16.18482 ,3.43782 ,9.77093 ,1.0603 ,0.35367 ,2.16473 ,1.00906 ,-2.66322 ,8.35407 ,13.8029 ,0.24284 ,-253.1452 ,-2191.417 ,-7364.877 ,-11166.82 ,-10933.77 ,-9278.968 ,-7608.285 ,-5993.43 ,-4457.56 ,-3049.922 ,-1865.973 ,-983.0414 ,-435.9293 ,-155.1276 ,-38.64558 ,-4.45553 ,-1.03812 ,-1.35663 ,1.25378 ,2.57594 ,-3.56558 
l3400eb,2021-08-16,11:06:40,0,="",2175N,ZR4,2000.0,0,64,6,94,2.96307 ,-0.58259 ,0.69048 ,-3.40946 ,-1.72341 ,-159.2388 ,-5555.201 ,-6131.381 ,-5903.223 ,-5793.581 ,-5677.519 ,-5564.275 ,-5456.435 ,-5355.411 ,-5260.943 ,-5166.233 ,-5075.233 ,-4977.18 ,-4876.754 ,-4755.357 ,-4546.778 ,-4083.896 ,-3456.126 ,-2047.587 ,-424.8975 ,324.574 ,365.0415 ,241.0137 ,141.5098 ,84.15048 ,48.2849 ,26.83934 ,20.55537 ,19.83365 ,4.23903 ,5.77081 ,2.85108 ,6.44786 ,0.86484 ,2.48089 ,-0.11911 ,9.6716 ,2.4505 ,-1.22874 ,-26.39531 ,-270.0501 ,-2204.657 ,-7383.543 ,-11186.96 ,-10945.58 ,-9299.525 ,-7624.953 ,-6004.257 ,-4454.317 ,-3040.806 ,-1851.985 ,-978.8274 ,-435.0183 ,-146.2063 ,-46.58632 ,-8.06935 ,0.84794 ,-0.01305 ,2.99974 ,-1.66766 ,11.23864 
l3400eb,2021-08-16,11:06:45,0,="",2175N,ZR5,2000.0,0,64,6,95,-3.08203 ,0.37123 ,-0.95803 ,0.87735 ,-1.43591 ,-162.8495 ,-5556.429 ,-6132.465 ,-5898.402 ,-5790.402 ,-5668.226 ,-5552.623 ,-5448.2 ,-5347.374 ,-5257.266 ,-5169.6 ,-5079.335 ,-4987.418 ,-4882.977 ,-4759.86 ,-4547.249 ,-4085.079 ,-3460.338 ,-2052.443 ,-430.8177 ,322.1548 ,364.9048 ,235.2048 ,139.0565 ,78.53736 ,48.0375 ,31.92016 ,20.21565 ,10.73818 ,1.66254 ,11.34978 ,2.00651 ,4.39426 ,-1.16782 ,5.45977 ,0.64498 ,1.65525 ,4.03784 ,4.88507 ,-16.71351 ,-265.3033 ,-2199.837 ,-7374.214 ,-11176.38 ,-10939.1 ,-9285.641 ,-7611.984 ,-5989.772 ,-4445.637 ,-3037.97 ,-1864.562 ,-987.2493 ,-430.7667 ,-150.7311 ,-42.22728 ,-8.60989 ,-0.13913 ,-0.41593 ,1.87828 ,0.99043 ,5.35849 
l3400eb,2021-08-16,11:06:49,0,="",2175N,ZR6,2000.0,0,64,6,96,-7.51736 ,-2.44523 ,1.31349 ,-3.27947 ,0.05353 ,-160.6538 ,-5555.683 ,-6127.112 ,-5901.939 ,-5786.977 ,-5672.326 ,-5558.292 ,-5452.784 ,-5360.957 ,-5266.578 ,-5179.981 ,-5092.574 ,-4997.068 ,-4893.639 ,-4767.529 ,-4549.392 ,-4084.827 ,-3461.979 ,-2049.713 ,-423.6073 ,323.5225 ,365.0302 ,243.6174 ,141.3941 ,81.02735 ,50.20095 ,37.52621 ,24.1297 ,15.34545 ,12.90693 ,8.1749 ,2.70403 ,0.04211 ,4.7544 ,0.71401 ,2.31155 ,-1.12105 ,-2.72235 ,-0.56769 ,-16.85997 ,-262.2952 ,-2201.251 ,-7375.656 ,-11180.2 ,-10943.97 ,-9289.577 ,-7613.172 ,-5996.325 ,-4454.087 ,-3049.242 ,-1867.388 ,-987.2029 ,-427.1321 ,-151.3303 ,-35.61409 ,-8.63129 ,-1.07417 ,2.35254 ,1.15517 ,5.01134 ,-0.46862 
l3400eb,2021-08-16,11:07:18,0,="",2175N,XR1,2000.0,0,64,6,97,-4.05025 ,0.27181 ,-4.87005 ,-1.02634 ,-5.57294 ,-407.2924 ,-3448.188 ,-605.159 ,-381.6209 ,-268.6285 ,-208.2981 ,-177.8275 ,-154.3671 ,-146.2863 ,-137.4973 ,-130.9689 ,-121.3603 ,-109.3779 ,-107.3708 ,-84.73797 ,147.4243 ,903.9822 ,1623.489 ,2492.347 ,2319.699 ,1299.624 ,529.0406 ,202.9092 ,88.19227 ,45.83507 ,24.64427 ,11.50171 ,7.36976 ,3.11127 ,0.50915 ,2.3587 ,-0.85245 ,-0.32864 ,0.40992 ,0.5073 ,-0.21543 ,-1.64935 ,-3.82891 ,2.52966 ,-100.1628 ,-818.8685 ,-3920.455 ,-6970.042 ,-4675.427 ,-1280.485 ,82.15326 ,413.9781 ,446.044 ,381.2266 ,282.7893 ,185.4177 ,100.7591 ,46.96477 ,16.11053 ,4.77336 ,-0.04403 ,0.16057 ,0.52478 ,-0.23969 ,-0.77401 ,4.12081 
l3400eb,2021-08-16,11:07:22,0,="",2175N,XR2,2000.0,0,64,6,98,-3.89267 ,3.56711 ,5.79446 ,-9.99572 ,0.58264 ,-401.7147 ,-3452.222 ,-601.3685 ,-377.0488 ,-269.6513 ,-201.7319 ,-176.2512 ,-155.2691 ,-138.5063 ,-141.9379 ,-157.1754 ,-111.511 ,-129.2251 ,-100.6161 ,-80.09223 ,151.0154 ,894.6841 ,1610.761 ,2491.407 ,2320.632 ,1310.415 ,530.6679 ,204.1025 ,85.63422 ,44.21933 ,25.38436 ,11.19408 ,6.68254 ,3.70666 ,2.53536 ,-1.3843 ,0.75551 ,-0.12171 ,0.01914 ,-0.60636 ,0.03989 ,-0.61106 ,1.40787 ,-16.24059 ,-85.65187 ,-796.2829 ,-3902.558 ,-7006.048 ,-4674.782 ,-1268.6 ,69.9513 ,414.997 ,445.8058 ,382.9764 ,282.7002 ,181.3866 ,103.3285 ,48.17192 ,15.63909 ,5.54664 ,0.57799 ,0.45263 ,-0.34007 ,0.1709 ,-0.39368 ,-4.63763 
l3400eb,2021-08-16,11:07:27,0,="",2175N,XR3,2000.0,0,64,6,99,2.30107 ,-0.17667 ,-2.01727 ,0.85735 ,2.7969 ,-403.8514 ,-3443.228 ,-600.6633 ,-382.9569 ,-272.2535 ,-210.4496 ,-179.229 ,-159.5231 ,-152.9797 ,-137.5461 ,-135.1911 ,-129.0024 ,-117.3186 ,-103.6317 ,-79.31003 ,146.7131 ,901.0325 ,1618.099 ,2490.205 ,2333.368 ,1302.983 ,533.5687 ,212.0531 ,87.76875 ,42.77585 ,21.06586 ,10.12699 ,5.80624 ,3.80191 ,2.27032 ,-1.52394 ,0.66064 ,0.52419 ,0.00996 ,-0.81984 ,0.13464 ,0.64813 ,1.55262 ,-0.36391 ,-93.67848 ,-814.5409 ,-3923.876 ,-6975.962 ,-4676.541 ,-1287.372 ,81.26493 ,411.7759 ,443.2842 ,380.3049 ,283.2892 ,182.3967 ,103.4538 ,46.60963 ,17.28836 ,3.8777 ,1.36626 ,0.31145 ,0.09839 ,0.0807 ,-0.07263 ,0.20973 
l3400eb,2021-08-16,11:07:31,0,="",2175N,XR4,2000.0,0,64,6,100,-6.05732 ,-2.78777 ,-3.99726 ,-1.71086 ,1.80339 ,-406.911 ,-3447.507 ,-606.2686 ,-378.0175 ,-269.6687 ,-204.6887 ,-174.8526 ,-158.2942 ,-143.3426 ,-139.6877 ,-130.9775 ,-126.7116 ,-122.0187 ,-103.6181 ,-88.84401 ,147.981 ,897.9605 ,1614.394 ,2485.878 ,2325.716 ,1299.518 ,529.359 ,203.8488 ,86.56783 ,44.05253 ,25.41217 ,14.1023 ,6.6201 ,2.97246 ,1.49636 ,0.99634 ,-0.42647 ,-0.5039 ,0.1204 ,0.64903 ,-0.49865 ,-1.59855 ,-1.10176 ,-5.1993 ,-99.9691 ,-814.4934 ,-3911.533 ,-6966.46 ,-4675.609 ,-1291.038 ,82.98733 ,408.7269 ,449.2904 ,381.1634 ,285.3553 ,182.3138 ,97.47823 ,51.07357 ,16.83357 ,4.41007 ,-0.34126 ,1.12771 ,0.02781 ,-0.44754 ,0.05771 ,-1.41553 
l3400eb,2021-08-16,11:07:36,0,="",2175N,XR5,2000.0,0,64,6,101,-1.54057 ,-2.12397 ,2.26968 ,-2.04833 ,-2.50503 ,-404.5678 ,-3448.753 ,-607.0203 ,-379.8638 ,-270.6425 ,-204.9251 ,-176.4116 ,-158.8965 ,-147.2906 ,-140.4272 ,-133.9512 ,-130.4617 ,-114.2881 ,-105.4162 ,-82.47453 ,150.3557 ,897.0522 ,1612.457 ,2493.339 ,2328.367 ,1301.654 ,532.7372 ,204.0281 ,88.25141 ,42.67013 ,23.49865 ,12.04135 ,6.07606 ,2.25956 ,2.20226 ,0.35756 ,0.4925 ,-0.47824 ,0.05345 ,0.21758 ,0.05561 ,-1.08053 ,-0.86534 ,-1.38944 ,-98.94441 ,-810.227 ,-3918.872 ,-6971.787 ,-4682.971 ,-1286.311 ,88.56089 ,408.6833 ,443.3978 ,380.3364 ,281.4389 ,183.316 ,100.1282 ,47.41158 ,15.88128 ,4.76822 ,0.79012 ,0.12637 ,-0.49303 ,-0.15812 ,0.19668 ,-1.57992 
l3400eb,2021-08-16,11:07:40,0,="",2175N,XR6,2000.0,0,64,6,102,6.14501 ,5.00474 ,1.30402 ,3.43327 ,-5.35881 ,-407.1714 ,-3446.775 ,-606.3205 ,-386.5094 ,-268.2566 ,-208.6541 ,-179.5046 ,-163.0931 ,-149.2399 ,-142.7616 ,-133.641 ,-126.2278 ,-112.7832 ,-102.4457 ,-79.76228 ,152.381 ,897.1668 ,1609.135 ,2487.504 ,2328.958 ,1304.711 ,533.7314 ,205.1002 ,90.48195 ,43.14726 ,20.7016 ,10.38548 ,5.78971 ,3.7884 ,0.70412 ,0.74801 ,0.59833 ,1.08426 ,-0.27665 ,0.08067 ,-0.32083 ,2.72572 ,1.43518 ,-0.38939 ,-100.0452 ,-816.2402 ,-3922.072 ,-6974.338 ,-4678.559 ,-1286.867 ,73.65887 ,408.077 ,444.6944 ,378.8451 ,280.6672 ,186.2661 ,101.8485 ,45.75688 ,16.87467 ,4.23162 ,1.05367 ,-0.21386 ,0.48574 ,-0.29846 ,-0.56478 ,2.74557 
l3400eb,2021-08-16,11:08:01,0,="",2175N,YR1,2000.0,0,64,6,103,8.10167 ,2.94601 ,10.15631 ,6.02901 ,4.42818 ,-112.679 ,-966.6013 ,-239.6927 ,-135.7689 ,-66.39089 ,-26.7287 ,-3.17672 ,10.38439 ,18.90466 ,24.8376 ,21.58948 ,32.41363 ,34.7123 ,38.78451 ,44.96353 ,114.4867 ,316.1863 ,503.8395 ,749.6393 ,731.0513 ,472.5741 ,266.6223 ,151.0811 ,88.38269 ,48.37147 ,19.25654 ,5.08634 ,5.46532 ,5.62649 ,2.34904 ,0.59681 ,2.96166 ,3.11131 ,1.87628 ,1.49114 ,1.41049 ,2.93165 ,5.50303 ,6.0481 ,-39.40123 ,-248.346 ,-1048.851 ,-1911.163 ,-1361.519 ,-478.414 ,-53.21282 ,134.9515 ,206.2736 ,199.6792 ,161.4304 ,114.5488 ,71.07746 ,27.3539 ,13.61924 ,2.66803 ,3.25383 ,2.03179 ,0.95804 ,0.42429 ,-0.48102 ,2.56272 
l3400eb,2021-08-16,11:08:05,0,="",2175N,YR2,2000.0,0,64,6,104,7.76849 ,7.34758 ,4.48488 ,1.03836 ,-6.22976 ,-118.5424 ,-969.3893 ,-238.3834 ,-130.7882 ,-62.99075 ,-23.57422 ,-3.84324 ,13.20969 ,18.95633 ,23.03177 ,31.23998 ,34.35393 ,35.28649 ,40.47391 ,47.84015 ,114.0758 ,317.5796 ,508.238 ,759.2929 ,731.3942 ,473.592 ,267.3849 ,150.7433 ,84.67042 ,38.29101 ,15.76705 ,7.27045 ,9.4079 ,3.25656 ,-1.41772 ,3.07653 ,0.61949 ,2.6109 ,-0.79947 ,1.47778 ,-0.694 ,1.7985 ,1.23984 ,-2.6165 ,-52.95128 ,-254.3224 ,-1043.93 ,-1920.807 ,-1364.058 ,-478.5875 ,-56.74934 ,133.4185 ,204.5999 ,206.5716 ,164.7889 ,115.6541 ,64.41032 ,26.75031 ,13.34459 ,2.55792 ,2.23242 ,1.15195 ,1.05724 ,0.49863 ,-1.13243 ,7.09402 
l3400eb,2021-08-16,11:08:10,0,="",2175N,YR3,2000.0,0,64,6,105,5.87707 ,2.21378 ,5.03194 ,-1.59449 ,-4.46192 ,-117.4768 ,-965.3039 ,-236.1038 ,-130.4521 ,-63.31028 ,-25.08159 ,-2.42128 ,13.20092 ,25.48646 ,29.71501 ,32.64064 ,36.8794 ,40.25281 ,44.63051 ,47.19943 ,116.6489 ,317.808 ,507.7133 ,749.913 ,725.3471 ,471.4272 ,261.5054 ,148.7433 ,79.5898 ,40.94445 ,18.62196 ,11.28147 ,6.18736 ,4.5735 ,-0.85505 ,2.94748 ,0.83135 ,2.45961 ,-0.66099 ,0.9878 ,-0.73796 ,6.4756 ,-2.95996 ,9.80203 ,-57.00975 ,-267.5498 ,-1060.549 ,-1915.423 ,-1361.539 ,-485.105 ,-48.67785 ,133.8677 ,203.0594 ,203.4648 ,167.405 ,116.3457 ,67.59099 ,27.33583 ,14.20852 ,1.91567 ,1.98744 ,0.6822 ,1.21054 ,0.45108 ,-1.78326 ,6.80108 
l3400eb,2021-08-16,11:08:14,0,="",2175N,YR4,2000.0,0,64,6,106,10.39179 ,7.81156 ,2.53567 ,4.60772 ,3.18675 ,-114.5432 ,-967.2245 ,-233.4676 ,-130.2213 ,-63.76805 ,-23.80514 ,-3.90436 ,12.63721 ,19.67838 ,24.75588 ,33.16228 ,36.21813 ,35.47817 ,41.11708 ,47.46977 ,115.1947 ,318.4348 ,509.5778 ,756.2451 ,728.694 ,472.4358 ,269.1996 ,150.5391 ,84.70074 ,45.29396 ,17.48289 ,8.20068 ,8.26056 ,4.73712 ,2.00666 ,0.45153 ,2.43164 ,2.39242 ,-0.16592 ,0.52778 ,-0.28564 ,3.2625 ,1.99226 ,1.04862 ,-43.3703 ,-250.278 ,-1048.732 ,-1915.989 ,-1363.848 ,-484.0701 ,-53.90448 ,133.8266 ,205.6752 ,203.5887 ,163.6641 ,114.4056 ,70.903 ,27.25718 ,13.64473 ,1.99013 ,2.50974 ,0.89857 ,1.03647 ,-0.046 ,-1.15532 ,4.96998 
l3400eb,2021-08-16,11:08:18,0,="",2175N,YR5,2000.0,0,64,6,107,-1.89967 ,-0.97924 ,0.96953 ,1.77904 ,4.57102 ,-109.1592 ,-957.3448 ,-231.3216 ,-123.2637 ,-56.9853 ,-20.21685 ,0.54294 ,14.7636 ,19.53423 ,25.95533 ,31.45351 ,30.69167 ,34.4879 ,38.38777 ,45.15273 ,126.4702 ,326.5187 ,498.3398 ,730.2373 ,729.6214 ,480.0212 ,255.5462 ,151.1358 ,82.39574 ,48.99751 ,24.19503 ,7.22076 ,10.87716 ,1.09056 ,3.1495 ,-0.39464 ,2.31599 ,1.19414 ,-0.3665 ,0.19978 ,-0.31335 ,-3.75793 ,2.4677 ,4.53088 ,-39.97842 ,-237.1647 ,-1033.271 ,-1904.414 ,-1356.356 ,-468.2455 ,-40.54906 ,140.8994 ,207.7292 ,205.6505 ,162.1004 ,109.6491 ,67.61071 ,33.45749 ,9.4646 ,4.63094 ,1.92097 ,1.26235 ,-1.21049 ,1.23287 ,-0.04757 ,-2.05601 
l3400eb,2021-08-16,11:08:23,0,="",2175N,YR6,2000.0,0,64,6,108,-0.2706 ,1.20725 ,-0.44652 ,3.13197 ,-1.2914 ,-116.1509 ,-962.4606 ,-236.9577 ,-128.0909 ,-65.69284 ,-27.56477 ,-3.47167 ,8.98272 ,25.39307 ,30.69106 ,33.04696 ,40.3322 ,42.08426 ,43.26641 ,48.69145 ,119.3734 ,314.8459 ,507.3025 ,751.1825 ,721.4699 ,464.9519 ,234.9873 ,182.4589 ,79.22526 ,38.32308 ,18.20924 ,8.9683 ,7.00463 ,8.73124 ,0.00731 ,2.25756 ,0.30079 ,0.98446 ,0.63418 ,-0.11888 ,0.24311 ,2.79316 ,0.22354 ,-5.41657 ,-37.59563 ,-240.2304 ,-1046.357 ,-1915.567 ,-1355.948 ,-475.9938 ,-48.29461 ,135.584 ,201.6312 ,198.0883 ,164.9619 ,117.0862 ,66.82586 ,31.24968 ,12.7897 ,3.31497 ,0.54824 ,0.93877 ,0.81854 ,0.4198 ,-0.58287 ,1.28708 
l3400eb,2021-08-16,11:10:00,0,="",2150N,ZR1,2000.0,0,64,6,109,-5.64202 ,-8.60384 ,-7.5714 ,-7.52718 ,-7.88309 ,-306.8646 ,-7442.537 ,-7180.682 ,-6874.828 ,-6720.412 ,-6571.095 ,-6434.761 ,-6307.424 ,-6194.875 ,-6087.834 ,-5991.419 ,-5884.891 ,-5777.771 ,-5654.089 ,-5511.747 ,-5201.733 ,-4446.419 ,-3507.018 ,-1604.819 ,200.949 ,719.1005 ,534.9295 ,309.955 ,172.7182 ,109.2647 ,67.87015 ,41.50447 ,25.67229 ,14.43732 ,14.28425 ,10.42947 ,2.70611 ,0.30371 ,2.79827 ,-0.25411 ,2.07366 ,-1.38598 ,-6.45001 ,-6.51884 ,-49.73449 ,-525.0024 ,-3699.849 ,-10671.35 ,-14241.36 ,-12879.13 ,-10605.79 ,-8616.89 ,-6759.174 ,-5009.436 ,-3419.403 ,-2099.982 ,-1108.264 ,-479.9527 ,-169.8308 ,-40.07426 ,-11.41763 ,-2.65981 ,1.9192 ,0.41886 ,5.66716 ,-6.69503 
l3400eb,2021-08-16,11:10:04,0,="",2150N,ZR2,2000.0,0,64,6,110,0.15371 ,-2.33154 ,0.7106 ,-0.49751 ,-3.43325 ,-305.6781 ,-7455.893 ,-7190.558 ,-6891.387 ,-6734.444 ,-6583.762 ,-6437.937 ,-6307.747 ,-6189.307 ,-6077.115 ,-5972.688 ,-5865.766 ,-5760.052 ,-5635.862 ,-5494.826 ,-5191.314 ,-4442.463 ,-3498.967 ,-1590.44 ,210.0671 ,721.2149 ,532.3304 ,306.9596 ,164.7142 ,94.12454 ,62.13642 ,43.85373 ,39.94116 ,18.93466 ,5.51393 ,7.67579 ,-2.4542 ,3.33266 ,2.87058 ,-0.47929 ,1.82489 ,3.62337 ,2.18345 ,0.56089 ,-45.66065 ,-523.6231 ,-3706.432 ,-10677.75 ,-14256.49 ,-12888.34 ,-10616.73 ,-8627.181 ,-6762.976 ,-5000.311 ,-3406.986 ,-2084.491 ,-1106.59 ,-490.2508 ,-158.6845 ,-47.82121 ,-13.99177 ,-2.65956 ,0.63123 ,2.37068 ,0.12853 ,12.60121 
l3400eb,2021-08-16,11:10:09,0,="",2150N,ZR3,2000.0,0,64,6,111,-11.92212 ,-13.1781 ,-10.93554 ,-5.63585 ,-0.12766 ,-289.3935 ,-7424.088 ,-7166.016 ,-6862.894 ,-6711.985 ,-6568.559 ,-6432.295 ,-6307.288 ,-6195.418 ,-6088.634 ,-5984.86 ,-5881.288 ,-5769.763 ,-5651.896 ,-5504.567 ,-5195.166 ,-4440.174 ,-3496.938 ,-1591.115 ,207.5412 ,719.9136 ,543.6576 ,316.99 ,185.0825 ,113.1471 ,73.32192 ,45.19427 ,22.46586 ,9.2092 ,10.82518 ,1.41385 ,5.79879 ,1.81892 ,1.61515 ,-0.18303 ,2.30415 ,-10.04028 ,-4.09063 ,4.60758 ,-30.73574 ,-505.5 ,-3688.979 ,-10667.71 ,-14236.64 ,-12858.16 ,-10592.59 ,-8600.235 ,-6749.107 ,-5009.767 ,-3426.429 ,-2099.119 ,-1104.009 ,-472.2041 ,-173.6602 ,-44.9385 ,-11.53295 ,3.39636 ,-2.62012 ,3.87255 ,0.42561 ,-10.67142 
l3400eb,2021-08-16,11:10:13,0,="",2150N,ZR4,2000.0,0,64,6,112,-14.32972 ,-15.80946 ,-12.8262 ,-15.99849 ,-5.0124 ,-291.6786 ,-7425.398 ,-7163.327 ,-6863.83 ,-6704.855 ,-6561.938 ,-6430.918 ,-6308.915 ,-6197.55 ,-6086.955 ,-5986.25 ,-5878.234 ,-5770.528 ,-5645.462 ,-5501.382 ,-5198.898 ,-4433.119 ,-3486.875 ,-1588.67 ,209.9154 ,725.2632 ,540.5066 ,312.3563 ,179.9099 ,107.1316 ,69.10025 ,44.97307 ,24.56988 ,9.86219 ,11.65322 ,-0.45592 ,2.2089 ,1.48067 ,3.92803 ,0.71849 ,2.70121 ,-7.75172 ,-3.82178 ,8.93143 ,-41.24059 ,-516.593 ,-3696.733 ,-10667.78 ,-14234.97 ,-12864.67 ,-10596.58 ,-8607.37 ,-6754.083 ,-5010.289 ,-3423.153 ,-2095.084 ,-1104.43 ,-472.4664 ,-173.6034 ,-46.4231 ,-11.89176 ,3.1505 ,-2.61284 ,2.76893 ,0.42713 ,-10.52365 
l3400eb,2021-08-16,11:10:18,0,="",2150N,ZR5,2000.0,0,64,6,113,2.64682 ,6.80201 ,6.55612 ,1.53256 ,-0.31127 ,-297.1749 ,-7445.844 ,-7179.868 ,-6882.966 ,-6730.415 ,-6587.253 ,-6449.806 ,-6322.893 ,-6200.538 ,-6089.587 ,-5974.676 ,-5865.898 ,-5756.573 ,-5635.785 ,-5484.593 ,-5180.403 ,-4430.618 ,-3492.607 ,-1588.553 ,215.299 ,724.5539 ,542.1844 ,312.6966 ,173.0076 ,100.1636 ,57.4207 ,31.57559 ,26.05092 ,28.64197 ,8.29084 ,2.24848 ,0.78485 ,3.10439 ,3.86512 ,-0.33656 ,2.47006 ,5.9705 ,-1.98493 ,-8.67895 ,-50.82344 ,-527.4668 ,-3705.274 ,-10676.76 ,-14252.89 ,-12889.89 ,-10618.42 ,-8630.312 ,-6773.273 ,-5019.522 ,-3423.896 ,-2084.788 ,-1101.563 ,-486.6513 ,-160.3481 ,-50.30813 ,-10.74665 ,-0.03933 ,3.18421 ,0.12839 ,0.76076 ,8.43372 
l3400eb,2021-08-16,11:10:22,0,="",2150N,ZR6,2000.0,0,64,6,114,9.87966 ,11.20148 ,9.46927 ,3.03111 ,3.49246 ,-305.0782 ,-7447.865 ,-7185.136 ,-6885.866 ,-6735.537 ,-6583.981 ,-6441.242 ,-6313.972 ,-6199.36 ,-6084.216 ,-5982.782 ,-5870.837 ,-5764.515 ,-5644.905 ,-5497.174 ,-5186.709 ,-4427.928 ,-3490.132 ,-1595.153 ,213.5701 ,722.5268 ,540.7933 ,309.8802 ,174.9537 ,95.98208 ,54.49405 ,36.98842 ,26.50217 ,19.32282 ,11.06117 ,13.26566 ,3.29767 ,2.95669 ,0.47333 ,1.06496 ,0.40549 ,9.73761 ,6.23708 ,-0.47795 ,-40.50415 ,-517.6998 ,-3700.058 ,-10677.32 ,-14254.27 ,-12888.43 ,-10615.38 ,-8625.683 ,-6771.88 ,-5006.196 ,-3414.788 ,-2091.182 ,-1102.087 ,-491.841 ,-170.089 ,-44.09995 ,-9.08398 ,-2.98415 ,3.54224 ,-0.03193 ,2.96982 ,4.46197 
l3400eb,2021-08-16,11:10:48,0,="",2150N,XR1,2000.0,0,64,6,115,0.32631 ,-0.09562 ,0.22564 ,1.11749 ,-3.98785 ,-437.5617 ,-3412.624 ,-648.677 ,-461.5658 ,-356.7897 ,-300.6565 ,-264.8411 ,-253.8713 ,-239.6879 ,-227.7752 ,-223.7906 ,-210.0137 ,-202.1912 ,-188.2615 ,-164.0065 ,83.45149 ,879.3024 ,1603.784 ,2436.538 ,2201.08 ,1191.984 ,478.475 ,187.7728 ,79.42854 ,38.18996 ,18.60746 ,10.84869 ,5.98178 ,2.74797 ,0.83634 ,0.04435 ,-0.81029 ,-0.56 ,-0.20794 ,-0.01626 ,0.3243 ,-0.38496 ,-0.49742 ,-3.40343 ,-109.4339 ,-893.7903 ,-4138.579 ,-7005.531 ,-4514.879 ,-1292.383 ,-52.5089 ,266.0563 ,319.2023 ,282.9123 ,213.1307 ,140.7051 ,76.48115 ,36.73798 ,12.16274 ,3.43051 ,0.47842 ,0.37847 ,0.00387 ,0.26524 ,0.36104 ,2.58138 
l3400eb,2021-08-16,11:10:53,0,="",2150N,XR2,2000.0,0,64,6,116,1.04799 ,0.0776 ,4.27887 ,1.43286 ,-0.85155 ,-440.1965 ,-3410.105 ,-651.8881 ,-460.1699 ,-355.5574 ,-298.3466 ,-268.633 ,-248.985 ,-235.3762 ,-229.5579 ,-218.8949 ,-211.1783 ,-199.586 ,-185.4524 ,-166.9126 ,90.72707 ,878.9888 ,1607.974 ,2443.572 ,2196.962 ,1193.965 ,479.4936 ,186.403 ,79.01005 ,42.12253 ,19.30037 ,11.01087 ,6.76346 ,0.89231 ,2.67291 ,0.25994 ,-0.05838 ,0.13902 ,-0.5004 ,0.1169 ,-0.00265 ,0.19769 ,-1.42102 ,-3.87626 ,-104.4592 ,-892.3919 ,-4130.768 ,-6999.327 ,-4524.952 ,-1292.155 ,-46.81867 ,263.3792 ,318.0721 ,282.6267 ,215.5347 ,141.5123 ,77.18595 ,35.80632 ,12.37576 ,2.65284 ,1.29715 ,-0.01172 ,-0.15393 ,0.25768 ,-0.14019 ,2.00358 
l3400eb,2021-08-16,11:10:57,0,="",2150N,XR3,2000.0,0,64,6,117,0.10354 ,-0.37628 ,-1.89235 ,-2.366 ,0.13579 ,-441.0353 ,-3403.091 ,-644.1476 ,-459.3872 ,-352.7413 ,-293.3905 ,-265.867 ,-246.6616 ,-239.0129 ,-227.9949 ,-218.9097 ,-212.3512 ,-199.4125 ,-186.6899 ,-160.7575 ,91.76494 ,877.2882 ,1604.184 ,2436.612 ,2199.921 ,1195.295 ,474.3496 ,185.5276 ,77.12659 ,38.66132 ,20.03714 ,14.05536 ,5.20579 ,-0.2143 ,3.21225 ,0.06931 ,-0.71067 ,-0.68532 ,-0.39649 ,-0.86405 ,-0.31244 ,-0.46698 ,-1.67709 ,-5.68735 ,-113.1175 ,-898.6049 ,-4134.555 ,-6996.309 ,-4517.275 ,-1288.169 ,-46.78318 ,269.1619 ,322.4297 ,287.4909 ,214.9618 ,136.4843 ,76.68332 ,34.986 ,11.32175 ,3.25828 ,-0.03113 ,-0.54874 ,-0.38577 ,-0.25869 ,0.42847 ,-0.75788 
l3400eb,2021-08-16,11:11:02,0,="",2150N,XR4,2000.0,0,64,6,118,7.09333 ,5.0369 ,2.38924 ,2.06486 ,-5.7196 ,-442.6783 ,-3407.265 ,-641.7158 ,-463.3348 ,-353.2621 ,-294.2311 ,-268.4819 ,-247.0961 ,-236.4235 ,-227.9505 ,-217.7509 ,-213.08 ,-195.7084 ,-182.2459 ,-161.2941 ,88.56244 ,875.9997 ,1602.139 ,2442.976 ,2204.492 ,1191.733 ,480.3569 ,184.164 ,82.28997 ,35.94803 ,18.99884 ,10.37331 ,9.55945 ,3.11918 ,0.67286 ,2.58531 ,-0.47004 ,-0.14574 ,-0.78008 ,0.82251 ,-0.26369 ,1.84906 ,0.94051 ,-6.44717 ,-105.6467 ,-883.8467 ,-4127.801 ,-7000.697 ,-4518.306 ,-1295.376 ,-47.26058 ,267.6526 ,319.9322 ,286.0478 ,215.3429 ,141.1977 ,77.34842 ,33.75154 ,14.02809 ,2.66367 ,0.44191 ,-0.2 ,0.32042 ,-0.25129 ,-0.27225 ,1.40549 
l3400eb,2021-08-16,11:11:06,0,="",2150N,XR5,2000.0,0,64,6,119,3.29083 ,-5.53115 ,-12.7139 ,7.19533 ,11.51571 ,-460.9694 ,-3389.772 ,-645.9194 ,-453.804 ,-353.5376 ,-289.2136 ,-261.6417 ,-242.2237 ,-233.8266 ,-224.6656 ,-216.3318 ,-213.3203 ,-197.1213 ,-181.9512 ,-163.4768 ,94.54759 ,874.7389 ,1601.764 ,2437.019 ,2197.942 ,1191.832 ,481.7932 ,187.9263 ,80.31398 ,40.24011 ,24.45029 ,13.9761 ,6.59972 ,4.13634 ,1.43853 ,2.26887 ,0.10538 ,0.52425 ,0.85658 ,0.46558 ,0.00757 ,-1.05467 ,-4.17928 ,5.65685 ,-112.5182 ,-907.0801 ,-4130.338 ,-7001.469 ,-4510.132 ,-1289.266 ,-40.33178 ,269.8173 ,326.1282 ,286.6845 ,214.6155 ,136.8097 ,77.68783 ,35.45863 ,12.62847 ,2.92008 ,-0.33681 ,-0.2606 ,-0.61341 ,-0.97272 ,-0.06204 ,-2.09477 
l3400eb,2021-08-16,11:11:11,0,="",2150N,XR6,2000.0,0,64,6,120,0.66669 ,0.7316 ,-1.20478 ,-1.98612 ,-1.72656 ,-441.9389 ,-3397.583 ,-643.0369 ,-457.0186 ,-353.5106 ,-294.362 ,-264.7349 ,-243.8631 ,-236.4001 ,-225.0988 ,-218.1841 ,-208.4981 ,-198.483 ,-188.5106 ,-159.7187 ,89.60455 ,879.85 ,1609.635 ,2439.432 ,2198.74 ,1194.934 ,476.8079 ,189.1036 ,80.09347 ,41.53015 ,20.88243 ,11.13535 ,3.38256 ,2.74774 ,2.83481 ,0.30067 ,0.76494 ,-0.54766 ,-0.06669 ,-0.04421 ,-0.01125 ,-0.35079 ,0.47787 ,1.45072 ,-105.1892 ,-889.1087 ,-4126.671 ,-6995.617 ,-4507.092 ,-1281.264 ,-42.01838 ,273.0368 ,323.2562 ,286.3548 ,212.6708 ,140.0086 ,79.83946 ,35.88615 ,13.5667 ,3.77404 ,1.58819 ,-0.14409 ,0.43009 ,0.42797 ,0.62061 ,-1.23861 
l3400eb,2021-08-16,11:11:33,0,="",2150N,YR1,2000.0,0,64,6,121,6.0726 ,3.60122 ,3.27381 ,1.79382 ,-2.54412 ,-142.7154 ,-1151.736 ,-268.4348 ,-152.5406 ,-76.84191 ,-39.46389 ,-15.99309 ,-3.06433 ,3.80976 ,13.32404 ,18.82245 ,22.43321 ,25.52709 ,32.17263 ,33.55343 ,113.5611 ,358.3715 ,590.2139 ,886.3218 ,840.1436 ,524.6915 ,283.2168 ,153.0834 ,86.44697 ,47.91901 ,22.72652 ,9.31365 ,7.52811 ,3.3169 ,2.75133 ,2.61043 ,0.6904 ,0.32563 ,0.54336 ,-0.23979 ,-0.2524 ,1.45118 ,0.84958 ,1.01533 ,-43.65225 ,-282.182 ,-1266.485 ,-2312.836 ,-1593.75 ,-542.7528 ,-54.63669 ,145.9971 ,220.715 ,220.3751 ,175.0231 ,118.5372 ,68.32575 ,32.10981 ,12.88166 ,4.43035 ,1.88941 ,-0.50716 ,0.57852 ,-0.43606 ,0.29656 ,1.18713 
l3400eb,2021-08-16,11:11:37,0,="",2150N,YR2,2000.0,0,64,6,122,-6.58114 ,9.17411 ,-0.94234 ,0.44468 ,-0.7709 ,-17.94831 ,-1169.068 ,-317.5048 ,-167.9033 ,-93.59426 ,-45.6702 ,-20.66002 ,-5.55287 ,0.35393 ,9.58284 ,16.19607 ,18.5011 ,24.16112 ,33.8902 ,36.62412 ,68.82292 ,147.1464 ,295.7215 ,672.0971 ,927.6344 ,667.5936 ,349.3131 ,181.1076 ,98.63486 ,52.33371 ,21.34309 ,9.72296 ,6.53265 ,3.58715 ,7.04809 ,-1.53957 ,2.10556 ,0.04955 ,1.18186 ,-0.97229 ,0.39899 ,1.35383 ,4.10983 ,-0.32298 ,-3.51272 ,-26.68472 ,-454.8267 ,-1890.641 ,-2047.603 ,-796.7246 ,-127.9031 ,122.2631 ,212.5138 ,216.949 ,180.7609 ,127.2207 ,73.28511 ,30.71961 ,15.01496 ,4.21574 ,2.45262 ,-0.1293 ,0.59856 ,-0.21967 ,-0.35022 ,9.07211 
l3400eb,2021-08-16,11:11:42,0,="",2150N,YR3,2000.0,0,64,6,123,0.56834 ,1.02525 ,3.48664 ,0.58827 ,1.97708 ,-132.3131 ,-1145.85 ,-268.1695 ,-146.6338 ,-77.13567 ,-40.7161 ,-15.19669 ,-8.81343 ,8.64824 ,10.61987 ,17.62805 ,18.61323 ,21.53341 ,31.62082 ,38.78241 ,121.9704 ,370.4277 ,600.6151 ,895.1539 ,855.0667 ,534.285 ,271.8125 ,184.3901 ,92.12726 ,44.37733 ,19.17868 ,12.52341 ,6.03477 ,12.93084 ,-1.69677 ,-1.41301 ,1.64509 ,0.53092 ,1.34331 ,-0.45075 ,-0.14749 ,2.7457 ,1.95823 ,5.69765 ,-48.23064 ,-297.6498 ,-1264.285 ,-2301.047 ,-1592.326 ,-531.8779 ,-48.21242 ,151.209 ,220.6314 ,210.1335 ,168.4247 ,123.2885 ,73.72304 ,32.35169 ,14.77105 ,4.20203 ,0.95053 ,0.18874 ,0.34267 ,0.40854 ,-0.60306 ,1.4534 
l3400eb,2021-08-16,11:11:46,0,="",2150N,YR4,2000.0,0,64,6,124,-3.20976 ,-7.21882 ,-8.22335 ,-5.77932 ,-3.50121 ,-137.6176 ,-1146.306 ,-265.8358 ,-148.0766 ,-78.80838 ,-35.93664 ,-10.12941 ,0.60184 ,11.3281 ,17.89851 ,22.56066 ,24.34596 ,23.29468 ,24.03418 ,30.84107 ,107.6399 ,346.4206 ,579.5046 ,877.5682 ,843.1082 ,517.9712 ,280.0429 ,158.2112 ,87.17368 ,50.99551 ,28.92038 ,16.35016 ,9.0323 ,-0.16073 ,5.23226 ,2.58582 ,-0.05355 ,-0.73673 ,0.82791 ,0.88186 ,0.70478 ,-4.48273 ,-2.05226 ,0.71973 ,-40.83617 ,-284.0998 ,-1272.766 ,-2313.228 ,-1583.005 ,-534.5241 ,-46.52999 ,150.7902 ,226.4144 ,219.9932 ,177.1467 ,117.9016 ,62.27168 ,38.41667 ,12.78122 ,5.50664 ,0.37565 ,1.07291 ,0.35067 ,0.0023 ,1.69563 ,-6.04481 
l3400eb,2021-08-16,11:11:51,0,="",2150N,YR5,2000.0,0,64,6,125,-6.1129 ,-7.84954 ,-3.35833 ,-8.87944 ,-4.85447 ,-133.0153 ,-1150.064 ,-260.8563 ,-149.0304 ,-77.85445 ,-35.81098 ,-11.9027 ,-2.98226 ,13.72993 ,12.16861 ,21.10838 ,20.71469 ,29.31603 ,35.54658 ,36.1139 ,116.8862 ,386.5641 ,621.1598 ,853.2141 ,845.5331 ,519.1343 ,278.9511 ,148.5888 ,82.87403 ,39.47708 ,26.91192 ,22.07238 ,11.21775 ,4.38719 ,1.31904 ,5.83385 ,-1.45598 ,-1.85838 ,1.73581 ,0.97603 ,0.63008 ,-3.32049 ,-7.60056 ,-6.72489 ,-51.24323 ,-289.0904 ,-1271.999 ,-2309.46 ,-1585.825 ,-530.8187 ,-49.82387 ,157.1192 ,225.7322 ,222.0324 ,172.8611 ,113.861 ,66.03805 ,37.40417 ,12.37317 ,5.19668 ,1.27592 ,1.14951 ,0.5798 ,0.12362 ,1.15581 ,2.29029 
l3400eb,2021-08-16,11:11:56,0,="",2150N,YR6,2000.0,0,64,6,126,-5.56151 ,0.7933 ,2.83928 ,3.18643 ,4.90011 ,-127.6243 ,-1146.41 ,-262.781 ,-152.5603 ,-80.86523 ,-44.06031 ,-17.64055 ,-1.36206 ,5.28581 ,16.03994 ,20.86507 ,25.68229 ,32.27412 ,33.18246 ,43.50359 ,126.5222 ,407.0026 ,603.7364 ,850.0635 ,849.6708 ,538.5159 ,276.9393 ,160.2212 ,85.72727 ,46.01327 ,21.47653 ,10.89977 ,6.47936 ,7.29672 ,1.39829 ,4.34353 ,2.04931 ,0.49586 ,-0.14168 ,0.7451 ,-0.199 ,5.12325 ,1.89999 ,-0.93705 ,-43.08554 ,-289.0956 ,-1268.955 ,-2304.967 ,-1583.143 ,-527.259 ,-45.3863 ,153.9592 ,225.6458 ,218.8164 ,173.6934 ,120.1669 ,72.50045 ,31.35328 ,11.8705 ,5.95413 ,2.97822 ,0.23281 ,1.01128 ,0.10648 ,-0.63221 ,4.57846 
