l3000e,2013-12-31,12:49:35,0,="",1925N,ZR1,2000.0,0,64,6,1,28.17549 ,5.97367 ,-5.36642 ,-40.11118 ,-12.15611 ,-8257.122 ,-122394 ,-107815.7 ,-108814.8 ,-108140.5 ,-106800 ,-105228.2 ,-103606.5 ,-102000.3 ,-100410.2 ,-98798.72 ,-97154.32 ,-95407.99 ,-93473.32 ,-91126.84 ,-84361.76 ,-65224.67 ,-45530.45 ,-17233.91 ,-1968.794 ,298.3339 ,108.3949 ,26.08764 ,19.75977 ,3.88851 ,5.98805 ,5.62617 ,12.96903 ,10.01843 ,4.88113 ,0.94686 ,1.36701 ,0.47996 ,2.536 ,-2.11908 ,0.71743 ,1.00596 ,1.29963 ,-83.08287 ,-3514.981 ,-28270.43 ,-116690.3 ,-195905.7 ,-199045.6 ,-178790.2 ,-157593.6 ,-134775.9 ,-109695.5 ,-83699.04 ,-58777.96 ,-37122.77 ,-20397.25 ,-9482.041 ,-3553.776 ,-1094.832 ,-301.6416 ,-81.10821 ,-11.74224 ,-1.5997 ,1.34401 ,-12.72473 
l3000e,2013-12-31,12:49:39,0,="",1925N,ZR2,2000.0,0,64,6,2,17.04586 ,14.34374 ,12.26931 ,2.11273 ,-9.40114 ,-8281.357 ,-122403.1 ,-107815.7 ,-108813.5 ,-108136.3 ,-106776.8 ,-105223.3 ,-103595.7 ,-102000 ,-100410 ,-98810.74 ,-97157.5 ,-95405.3 ,-93465.57 ,-91121.48 ,-84391.31 ,-65295.8 ,-45621.79 ,-17293.65 ,-1977.253 ,285.9905 ,99.62694 ,19.70045 ,9.95857 ,-3.58048 ,4.91871 ,3.55363 ,9.53432 ,7.30596 ,4.27154 ,5.38873 ,2.01367 ,1.34226 ,0.32683 ,1.90132 ,-0.47599 ,2.53939 ,2.32813 ,-79.17746 ,-3509.194 ,-28234.85 ,-116625.2 ,-195866.1 ,-199038.4 ,-178816.3 ,-157625.2 ,-134780.6 ,-109681.3 ,-83721.26 ,-58825.11 ,-37126.73 ,-20434.21 ,-9455.594 ,-3556.267 ,-1082.43 ,-298.2076 ,-80.15489 ,-11.48776 ,-3.85836 ,1.94864 ,-4.91244 
l3000e,2013-12-31,12:49:44,0,="",1925N,ZR3,2000.0,0,64,6,3,9.23709 ,-16.63209 ,-25.37442 ,-30.69476 ,-11.43948 ,-8224.956 ,-122390.7 ,-107824.4 ,-108819 ,-108143.6 ,-106803.1 ,-105223.9 ,-103612.2 ,-101995.5 ,-100408.2 ,-98822.82 ,-97180.47 ,-95430.06 ,-93490.5 ,-91132.39 ,-84365.98 ,-65224.97 ,-45541.78 ,-17243.71 ,-1966.638 ,299.4083 ,102.2866 ,26.79606 ,11.88915 ,2.65392 ,6.87245 ,3.73035 ,10.77265 ,5.53786 ,-0.2844 ,1.50548 ,1.53327 ,2.91086 ,0.69235 ,1.8871 ,-0.22052 ,0.45134 ,-0.57392 ,-76.1054 ,-3525.679 ,-28287.46 ,-116651.7 ,-195761.3 ,-198902 ,-178688.7 ,-157510.8 ,-134717.5 ,-109686.9 ,-83800.2 ,-58885.26 ,-37198.21 ,-20433.3 ,-9463.524 ,-3548.931 ,-1087.002 ,-293.6475 ,-76.94706 ,-13.34628 ,-2.20866 ,3.24461 ,-23.37607 
l3000e,2013-12-31,12:49:48,0,="",1925N,ZR4,2000.0,0,64,6,4,-0.32077 ,10.61489 ,5.28144 ,-26.18532 ,-27.43781 ,-8283.989 ,-122445.6 ,-107869.9 ,-108858.2 ,-108162.3 ,-106820.3 ,-105247.5 ,-103633.2 ,-102027 ,-100443.7 ,-98841.9 ,-97181.78 ,-95429.68 ,-93501.67 ,-91155.36 ,-84406.65 ,-65246.33 ,-45533.29 ,-17230.72 ,-1970.664 ,293.1773 ,101.0614 ,23.82678 ,10.98759 ,0.27029 ,3.28012 ,6.4801 ,14.20868 ,10.53943 ,0.79419 ,1.11948 ,-2.77337 ,2.19495 ,2.32623 ,1.1511 ,1.5043 ,0.34642 ,-0.63931 ,-80.4658 ,-3534.282 ,-28315.84 ,-116717.8 ,-195873.4 ,-199031.5 ,-178826.4 ,-157648 ,-134811.1 ,-109690.4 ,-83694.82 ,-58823.5 ,-37124.64 ,-20441.98 ,-9476.778 ,-3561.413 ,-1101.689 ,-307.0821 ,-76.16645 ,-14.95816 ,-0.2163 ,-0.23776 ,6.60257 
l3000e,2013-12-31,12:49:53,0,="",1925N,ZR5,2000.0,0,64,6,5,-11.7739 ,-17.2517 ,-13.36695 ,-3.70436 ,-3.93647 ,-8223.341 ,-122391 ,-107843 ,-108830.1 ,-108147.8 ,-106810.9 ,-105241.3 ,-103630.8 ,-102025.8 ,-100436.1 ,-98831.62 ,-97180.13 ,-95435.85 ,-93499.21 ,-91152.17 ,-84401.78 ,-65295.98 ,-45621.09 ,-17294.78 ,-1981.214 ,290.4277 ,100.1596 ,22.63939 ,11.21545 ,2.28857 ,7.32843 ,8.45854 ,13.22357 ,4.64715 ,0.74738 ,2.28903 ,-2.90575 ,2.33275 ,1.74052 ,0.2877 ,1.13898 ,-3.46652 ,-3.43559 ,-67.7905 ,-3509.485 ,-28247.62 ,-116640.8 ,-195850.9 ,-199017.1 ,-178794 ,-157615.8 ,-134772 ,-109674 ,-83703.49 ,-58830.66 ,-37145.01 ,-20444.85 ,-9472.447 ,-3567.045 ,-1097.325 ,-306.9821 ,-75.13567 ,-16.14154 ,3.77899 ,1.58786 ,-9.68778 
l3000e,2013-12-31,12:49:57,0,="",1925N,ZR6,2000.0,0,64,6,6,-13.24066 ,-0.28815 ,8.88789 ,-4.78737 ,9.07676 ,-8256.221 ,-122409 ,-107847 ,-108827.2 ,-108138.5 ,-106793.8 ,-105219.5 ,-103619.9 ,-102026.8 ,-100430.2 ,-98827.88 ,-97190.87 ,-95423.61 ,-93491.42 ,-91145.08 ,-84384.3 ,-65244.56 ,-45543.71 ,-17240.26 ,-1973.166 ,285.3337 ,99.73617 ,21.12165 ,13.10134 ,2.93074 ,3.71745 ,0.90574 ,6.38008 ,4.94858 ,0.018 ,1.54794 ,3.19647 ,2.90751 ,0.1096 ,3.12528 ,-0.4649 ,-0.21938 ,1.57624 ,-75.82493 ,-3511.211 ,-28244.89 ,-116600.2 ,-195754.8 ,-198911.5 ,-178711.7 ,-157546.4 ,-134733.3 ,-109671.8 ,-83760.78 ,-58898.46 ,-37176.11 ,-20455.02 ,-9465.201 ,-3562.299 ,-1081.83 ,-296.3182 ,-77.51572 ,-14.05404 ,-1.04231 ,-1.01843 ,7.80318 
l3000e,2013-12-31,12:50:33,0,="",1925N,XR1,2000.0,0,64,6,7,0.83849 ,2.03552 ,0.4248 ,0.39805 ,-0.64331 ,-2708.176 ,-12884.13 ,-7368.9 ,-7460.498 ,-7325.91 ,-7201.228 ,-7082.253 ,-6970.548 ,-6857.097 ,-6755.618 ,-6640.274 ,-6525.443 ,-6400.59 ,-6251.205 ,-6055.007 ,-4509.521 ,-52.7415 ,2902.293 ,4447.578 ,2521.868 ,808.5329 ,204.8184 ,49.1283 ,13.39921 ,1.3314 ,-0.06558 ,3.80469 ,-1.92481 ,1.06135 ,-1.34539 ,-0.89501 ,-0.54529 ,-0.0298 ,-0.55528 ,-0.12852 ,-0.09958 ,0.48306 ,0.2021 ,-48.76754 ,-1705.601 ,-9554.284 ,-24549.83 ,-23583.22 ,-14982.05 ,-11074.22 ,-9354.623 ,-7927.22 ,-6438.435 ,-4921.257 ,-3468.626 ,-2195.066 ,-1211.219 ,-564.5751 ,-215.3865 ,-67.046 ,-19.12422 ,-5.57531 ,-1.48582 ,-0.3843 ,-0.04222 ,0.2466 
l3000e,2013-12-31,12:50:37,0,="",1925N,XR2,2000.0,0,64,6,8,0.68459 ,-1.05046 ,-1.04071 ,-1.70851 ,-2.32437 ,-2710.044 ,-12818.66 ,-7308.34 ,-7402.421 ,-7272.907 ,-7142.363 ,-7026.728 ,-6906.797 ,-6813.072 ,-6696.973 ,-6590.89 ,-6473.458 ,-6350.222 ,-6204.374 ,-6006.064 ,-4455.969 ,0.12456 ,2926.701 ,4451.684 ,2519.785 ,800.9234 ,205.8051 ,49.07271 ,13.41374 ,1.80634 ,-0.29911 ,0.57745 ,0.03718 ,-0.44751 ,-0.7205 ,-0.14176 ,-0.2948 ,-0.08196 ,-0.53821 ,-0.67043 ,0.65763 ,-0.53366 ,-1.03178 ,-39.2844 ,-1701.977 ,-9536.111 ,-24479.07 ,-23478.08 ,-14882.3 ,-10969.63 ,-9272.398 ,-7858.265 ,-6384.059 ,-4880.63 ,-3442.147 ,-2174.852 ,-1202.421 ,-558.9332 ,-212.2032 ,-66.18815 ,-17.93009 ,-5.69968 ,-1.26725 ,-0.30906 ,-0.41471 ,-0.63051 
l3000e,2013-12-31,12:50:42,0,="",1925N,XR3,2000.0,0,64,6,9,4.19493 ,-0.69367 ,2.11655 ,-1.14318 ,-3.93041 ,-2713.141 ,-12759.78 ,-7262.278 ,-7352.892 ,-7226.04 ,-7096.311 ,-6979.281 ,-6865.272 ,-6762.361 ,-6654.552 ,-6544.489 ,-6431.278 ,-6305.494 ,-6163.323 ,-5966.946 ,-4421.278 ,16.38266 ,2935.742 ,4458.112 ,2518.201 ,810.3125 ,208.5099 ,50.90883 ,12.92899 ,-0.60859 ,-0.09242 ,0.02104 ,0.19981 ,-0.60505 ,-1.05743 ,-0.21578 ,-0.28691 ,-0.18901 ,-0.20063 ,-0.15966 ,0.00142 ,-0.03458 ,-1.26603 ,-48.2488 ,-1694.506 ,-9517.608 ,-24424.66 ,-23393.39 ,-14797.4 ,-10901.28 ,-9199.807 ,-7797.488 ,-6330.565 ,-4841.959 ,-3413.495 ,-2158.399 ,-1192.945 ,-555.0624 ,-211.2318 ,-65.37252 ,-19.47481 ,-4.88558 ,-1.05942 ,-0.15335 ,0.42164 ,-0.85582 
l3000e,2013-12-31,12:50:46,0,="",1925N,XR4,2000.0,0,64,6,10,-22.0689 ,17.06535 ,-3.56904 ,9.05306 ,-5.73916 ,-2699.92 ,-12716.65 ,-7221.055 ,-7313.032 ,-7182.469 ,-7056.678 ,-6937.203 ,-6826.818 ,-6724.568 ,-6616.496 ,-6509.553 ,-6391.969 ,-6274.184 ,-6126.343 ,-5934.624 ,-4394.976 ,26.16085 ,2944.928 ,4459.568 ,2533.863 ,802.796 ,206.8667 ,49.01729 ,10.92558 ,2.3101 ,-1.2825 ,-0.6432 ,-0.63168 ,-0.39062 ,-0.53074 ,-0.63715 ,-0.55861 ,-0.32552 ,-0.23661 ,-0.35208 ,-0.04307 ,0.14672 ,0.74817 ,-37.3777 ,-1707.825 ,-9503.538 ,-24380.9 ,-23316.16 ,-14709.32 ,-10828.18 ,-9141.494 ,-7739.553 ,-6287.914 ,-4811.983 ,-3393.403 ,-2146.634 ,-1185.274 ,-552.6636 ,-210.4524 ,-65.26896 ,-19.30832 ,-5.08365 ,-1.5281 ,-0.3043 ,-0.04672 ,-1.76942 
l3000e,2013-12-31,12:50:51,0,="",1925N,XR5,2000.0,0,64,6,11,-12.61313 ,-6.27793 ,1.43172 ,-1.50197 ,1.04981 ,-2693.322 ,-12679.07 ,-7185.556 ,-7279.046 ,-7146.325 ,-7008.685 ,-6910.48 ,-6794.651 ,-6693.505 ,-6580.142 ,-6479.566 ,-6359.143 ,-6238.041 ,-6095.391 ,-5902.339 ,-4363.988 ,58.41302 ,2977.1 ,4469.628 ,2526.244 ,800.2432 ,209.1364 ,51.22036 ,10.31395 ,1.22207 ,0.0164 ,-0.15318 ,1.41419 ,-0.27763 ,-0.45332 ,-0.14363 ,-0.74565 ,-0.55649 ,-0.08381 ,0.02731 ,-0.23559 ,1.80151 ,0.57711 ,-46.53544 ,-1707.057 ,-9486.313 ,-24336.39 ,-23251.97 ,-14649.22 ,-10774.57 ,-9093.38 ,-7697.222 ,-6255.845 ,-4781.595 ,-3370.919 ,-2133.651 ,-1178.467 ,-547.8212 ,-208.8996 ,-65.41708 ,-19.34155 ,-5.15296 ,-1.38615 ,0.08577 ,-0.17777 ,-9.31975 
l3000e,2013-12-31,12:50:55,0,="",1925N,XR6,2000.0,0,64,6,12,-1.78269 ,0.97635 ,-0.46093 ,-2.39548 ,1.54085 ,-2704.171 ,-12633.63 ,-7157.394 ,-7246.361 ,-7113.463 ,-6987.921 ,-6874.27 ,-6762.661 ,-6659.253 ,-6552.798 ,-6447.386 ,-6331.943 ,-6212.112 ,-6068.102 ,-5875.601 ,-4336.921 ,78.69117 ,2992.494 ,4476.203 ,2522.192 ,803.9027 ,205.7536 ,50.53804 ,9.94594 ,2.23501 ,-0.16826 ,0.89878 ,-0.35149 ,-0.3713 ,-0.87694 ,-0.0436 ,-0.03788 ,-0.08548 ,-0.336 ,0.02322 ,-0.07834 ,0.01567 ,-0.5777 ,-45.55373 ,-1693.227 ,-9453.471 ,-24276.75 ,-23190.04 ,-14591.31 ,-10718.74 ,-9043.471 ,-7656.633 ,-6224.187 ,-4754.666 ,-3353.144 ,-2121.359 ,-1174.149 ,-547.29 ,-207.9501 ,-66.014 ,-19.42763 ,-5.21087 ,-1.07644 ,-0.37297 ,-0.07381 ,0.66158 
l3000e,2013-12-31,12:51:25,0,="",1925N,YR1,2000.0,0,64,6,13,-2.3264 ,-7.1011 ,-8.92181 ,2.04786 ,9.00896 ,376.3267 ,-3662.605 ,-3512.301 ,-3487.343 ,-3422.797 ,-3366.988 ,-3316.262 ,-3249.546 ,-3196.115 ,-3149.219 ,-3092.379 ,-3041.466 ,-2986.192 ,-2927.278 ,-2857.328 ,-2946.733 ,-3189.799 ,-2838.866 ,-1406.093 ,43.06837 ,293.3081 ,178.6638 ,94.89204 ,50.88958 ,18.58926 ,28.30816 ,0.81996 ,0.86853 ,1.41206 ,3.89327 ,0.52506 ,0.7164 ,0.19571 ,0.21803 ,-0.44253 ,0.13468 ,0.49075 ,2.42934 ,9.12063 ,336.4487 ,1391.995 ,408.2937 ,-5370.252 ,-7295.728 ,-6269.507 ,-5271.681 ,-4394.005 ,-3518.896 ,-2660.659 ,-1856.845 ,-1169.651 ,-638.6693 ,-294.4741 ,-111.7014 ,-32.6208 ,-8.35547 ,-2.41628 ,-1.37561 ,0.37355 ,-0.23981 ,-1.9196 
l3000e,2013-12-31,12:51:30,0,="",1925N,YR2,2000.0,0,64,6,14,-4.71654 ,4.00173 ,-1.52967 ,-1.48353 ,-2.60994 ,379.3723 ,-3672.942 ,-3514.19 ,-3473.126 ,-3423.369 ,-3365.801 ,-3301.362 ,-3243.579 ,-3189.657 ,-3136.528 ,-3083.078 ,-3032.933 ,-2981.933 ,-2919.639 ,-2852.581 ,-2946.982 ,-3182.687 ,-2829.935 ,-1402.827 ,41.13442 ,294.9063 ,172.2045 ,91.51747 ,47.6875 ,25.20897 ,12.11849 ,6.75877 ,6.74217 ,0.72237 ,-1.79286 ,2.34097 ,1.60774 ,0.86668 ,-1.44138 ,1.18399 ,-0.23993 ,0.75129 ,-0.42205 ,11.83059 ,333.8426 ,1386.367 ,420.1363 ,-5367.358 ,-7278.987 ,-6265.269 ,-5261.635 ,-4385.684 ,-3513.336 ,-2652.827 ,-1853.486 ,-1166.862 ,-640.39 ,-295.3858 ,-110.7781 ,-33.34994 ,-9.68764 ,-1.85575 ,0.20468 ,0.5726 ,-0.52183 ,1.08456 
l3000e,2013-12-31,12:51:34,0,="",1925N,YR3,2000.0,0,64,6,15,1.53631 ,-0.11483 ,-1.7975 ,-5.0599 ,0.29707 ,381.2642 ,-3670.401 ,-3509.416 ,-3467.605 ,-3420.678 ,-3360.503 ,-3298.595 ,-3238.995 ,-3184.292 ,-3131.282 ,-3081.742 ,-3028.261 ,-2975.112 ,-2917.855 ,-2849.728 ,-2943.409 ,-3176.421 ,-2827.936 ,-1400.687 ,40.1439 ,290.0298 ,175.0792 ,91.48366 ,48.43642 ,23.14177 ,12.22319 ,7.41736 ,6.75624 ,2.19491 ,0.73567 ,3.04406 ,-0.14106 ,-0.38673 ,0.57248 ,0.68031 ,0.10614 ,0.33274 ,-2.67557 ,26.37766 ,345.6462 ,1382.57 ,405.8688 ,-5357.699 ,-7306.052 ,-6199.566 ,-5304.302 ,-4381.745 ,-3501.995 ,-2646.222 ,-1852.707 ,-1165.346 ,-639.7007 ,-294.839 ,-110.6141 ,-33.59073 ,-8.44959 ,-2.31682 ,0.38897 ,0.2074 ,0.64166 ,-0.19034 
l3000e,2013-12-31,12:51:38,0,="",1925N,YR4,2000.0,0,64,6,16,-0.78361 ,1.7649 ,-1.70535 ,-4.25794 ,-0.43935 ,378.4127 ,-3662.32 ,-3504.335 ,-3463.323 ,-3415.033 ,-3359.169 ,-3294.897 ,-3236.233 ,-3182.396 ,-3130.981 ,-3074.499 ,-3021.403 ,-2971.894 ,-2909.128 ,-2846.031 ,-2931.888 ,-3166.907 ,-2825.421 ,-1401.526 ,33.02511 ,298.1524 ,172.7263 ,92.04993 ,51.64962 ,20.75052 ,14.40377 ,6.10434 ,6.70458 ,4.19471 ,-0.85409 ,1.04081 ,0.35411 ,0.31097 ,0.22037 ,0.23217 ,0.22526 ,0.21534 ,-1.13902 ,5.71078 ,323.1633 ,1387.566 ,431.9067 ,-5348.582 ,-7261.872 ,-6252.73 ,-5246.991 ,-4378.068 ,-3507.716 ,-2650.689 ,-1847.928 ,-1160.499 ,-638.329 ,-296.2481 ,-107.4084 ,-33.9952 ,-9.21165 ,-1.42086 ,0.30009 ,0.43204 ,0.31265 ,1.16553 
l3000e,2013-12-31,12:51:43,0,="",1925N,YR5,2000.0,0,64,6,17,0.61111 ,-0.07267 ,-0.25935 ,-1.37952 ,1.88095 ,382.9526 ,-3649.172 ,-3498.185 ,-3459.653 ,-3408.512 ,-3350.859 ,-3295.05 ,-3234.434 ,-3180.457 ,-3128.815 ,-3076.268 ,-3028.142 ,-2961.117 ,-2905.7 ,-2844.144 ,-2930.754 ,-3175.145 ,-2821.831 ,-1406.391 ,35.91174 ,298.2731 ,174.3325 ,94.12013 ,52.833 ,27.51742 ,14.80375 ,7.15386 ,1.7541 ,1.58264 ,2.68248 ,-0.68615 ,1.9122 ,0.55544 ,0.63574 ,-0.09894 ,0.14954 ,-1.73503 ,2.77973 ,10.45545 ,337.9388 ,1393.456 ,438.6246 ,-5336.466 ,-7247.006 ,-6242.013 ,-5242.426 ,-4370.244 ,-3503.773 ,-2647.901 ,-1847.112 ,-1161.337 ,-634.0948 ,-293.2674 ,-111.1683 ,-33.16327 ,-8.72093 ,-1.53361 ,-1.14015 ,0.59197 ,-0.29168 ,-3.45244 
l3000e,2013-12-31,12:51:47,0,="",1925N,YR6,2000.0,0,64,6,18,1.17589 ,-2.83611 ,-0.62385 ,-0.49912 ,1.07021 ,378.0412 ,-3648.114 ,-3494.062 ,-3453.334 ,-3406.43 ,-3346.485 ,-3282.042 ,-3227.172 ,-3172.295 ,-3121.25 ,-3072.993 ,-3018.103 ,-2966.667 ,-2908.704 ,-2836.013 ,-2933.036 ,-3170.395 ,-2821.631 ,-1403.092 ,47.78587 ,289.751 ,178.7993 ,98.03091 ,49.40581 ,26.81639 ,14.15445 ,5.70086 ,5.72687 ,2.9602 ,2.10163 ,-0.49669 ,1.00982 ,-0.61128 ,1.94249 ,-0.52555 ,0.50868 ,-3.04134 ,-1.74549 ,10.12576 ,326.3117 ,1392.533 ,434.6938 ,-5342.529 ,-7239.766 ,-6236.178 ,-5234.173 ,-4364.564 ,-3499.444 ,-2640.446 ,-1846.113 ,-1162.529 ,-635.3573 ,-290.8108 ,-110.926 ,-32.71972 ,-9.35563 ,-2.10719 ,-0.81569 ,0.6733 ,0.66994 ,-1.79411 
l3000e,2013-12-31,12:53:55,0,="",1950N,ZR1,2000.0,0,64,6,19,-6.06244 ,-9.95593 ,-7.86439 ,-5.33953 ,-1.36928 ,-4263.534 ,-62564.25 ,-52664.77 ,-53137.33 ,-52745.21 ,-52060.91 ,-51284.83 ,-50490.3 ,-49717.17 ,-48942.89 ,-48156.97 ,-47355.29 ,-46496.79 ,-45546.42 ,-44385.21 ,-40954.86 ,-30931.43 ,-20513.96 ,-5894.556 ,908.5049 ,930.4401 ,296.8242 ,88.03591 ,33.43838 ,19.95877 ,21.42949 ,14.70988 ,11.44486 ,4.96463 ,7.99694 ,4.76049 ,0.69388 ,-0.89305 ,3.105 ,2.30043 ,1.77359 ,-0.48126 ,2.75542 ,-30.88904 ,-1678.225 ,-14468.28 ,-61480.99 ,-101312.3 ,-99076.79 ,-86989 ,-76138.14 ,-65002.07 ,-52917.04 ,-40444.42 ,-28466.9 ,-17993.88 ,-9917.832 ,-4595.394 ,-1735.987 ,-525.1776 ,-147.437 ,-36.84074 ,-7.00451 ,0.35868 ,4.92764 ,-11.11589 
l3000e,2013-12-31,12:54:00,0,="",1950N,ZR2,2000.0,0,64,6,20,4.07938 ,6.70566 ,7.90723 ,-4.88258 ,-15.27579 ,-4278.937 ,-62578.04 ,-52673.01 ,-53139.62 ,-52752.52 ,-52070.73 ,-51295.9 ,-50500.68 ,-49720.06 ,-48939.69 ,-48165.1 ,-47355.2 ,-46501.76 ,-45543.35 ,-44391.81 ,-40936.03 ,-30893.86 ,-20479.89 ,-5870.195 ,929.7346 ,932.6894 ,311.5922 ,89.28807 ,38.9542 ,22.44955 ,16.28181 ,13.53336 ,12.79615 ,6.95763 ,9.27938 ,1.90317 ,2.04314 ,-0.59382 ,2.77373 ,0.8374 ,2.69937 ,-2.54947 ,0.01697 ,-30.80759 ,-1682.799 ,-14476.68 ,-61503.91 ,-101346.8 ,-99105.46 ,-87022.41 ,-76167.27 ,-65017.16 ,-52920.68 ,-40436.04 ,-28474.24 ,-17984.3 ,-9904.565 ,-4598.496 ,-1732.062 ,-526.9879 ,-147.0199 ,-36.69089 ,-4.63481 ,-1.04452 ,3.0497 ,-1.51907 
l3000e,2013-12-31,12:54:04,0,="",1950N,ZR3,2000.0,0,64,6,21,-6.38932 ,-7.848 ,-10.13759 ,-7.08487 ,-6.63351 ,-4245.245 ,-62547.39 ,-52665.41 ,-53145.03 ,-52738.86 ,-52068.24 ,-51285.16 ,-50498.39 ,-49716.4 ,-48944.02 ,-48165.81 ,-47356.11 ,-46501.23 ,-45545.07 ,-44388.77 ,-40936.57 ,-30896.95 ,-20476.45 ,-5873.581 ,923.5527 ,945.8795 ,308.976 ,89.89614 ,40.7752 ,19.91178 ,20.91134 ,15.78181 ,12.23803 ,6.37403 ,6.51751 ,1.07456 ,0.94376 ,2.50634 ,2.49199 ,0.5495 ,1.28127 ,-4.27707 ,0.91894 ,-36.54039 ,-1696.629 ,-14515.12 ,-61553.37 ,-101338.3 ,-99076.51 ,-86996.97 ,-76144.39 ,-65010.55 ,-52931.44 ,-40440.7 ,-28476.34 ,-17988.9 ,-9906.772 ,-4591.681 ,-1732.665 ,-528.3113 ,-145.9958 ,-36.06977 ,-7.82894 ,2.50797 ,0.79767 ,-5.60936 
l3000e,2013-12-31,12:54:09,0,="",1950N,ZR4,2000.0,0,64,6,22,1.53773 ,2.59781 ,-5.24293 ,-4.85745 ,-6.75865 ,-4232.434 ,-62544.43 ,-52655.76 ,-53135.91 ,-52745.05 ,-52057.42 ,-51286.5 ,-50495.92 ,-49714.08 ,-48936.86 ,-48159.15 ,-47344.91 ,-46488.75 ,-45541.11 ,-44386.25 ,-40946.76 ,-30923.09 ,-20509.61 ,-5883.268 ,920.5826 ,939.8051 ,305.1431 ,84.63826 ,32.7693 ,17.3404 ,14.98005 ,12.33834 ,12.73221 ,6.36292 ,0.74048 ,4.8334 ,1.99873 ,3.38157 ,0.85215 ,2.41466 ,-0.58712 ,-0.2483 ,-2.02425 ,-41.64912 ,-1691.303 ,-14501.47 ,-61515.91 ,-101324 ,-99101.67 ,-86987.37 ,-76136.53 ,-64992.27 ,-52891.74 ,-40395.66 ,-28421.49 ,-17964.91 ,-9915.725 ,-4606.82 ,-1745.098 ,-533.4987 ,-146.21 ,-33.57638 ,-7.34902 ,-0.83668 ,-1.35762 ,7.50906 
l3000e,2013-12-31,12:54:13,0,="",1950N,ZR5,2000.0,0,64,6,23,-4.86551 ,2.85532 ,11.3182 ,-2.1779 ,-11.34521 ,-4254.094 ,-62555.6 ,-52668.08 ,-53138.59 ,-52746.84 ,-52069.11 ,-51289.75 ,-50500.54 ,-49721.82 ,-48938.33 ,-48156.63 ,-47347.51 ,-46492.04 ,-45539.35 ,-44382.75 ,-40929.6 ,-30873 ,-20442.16 ,-5840.466 ,932.386 ,932.9477 ,311.1521 ,90.42485 ,37.07715 ,19.42481 ,19.66138 ,13.07581 ,9.94286 ,7.44635 ,3.48783 ,-0.19191 ,3.36026 ,3.77745 ,-0.66312 ,1.40623 ,0.99625 ,0.84952 ,3.51185 ,-29.00818 ,-1682.216 ,-14480.08 ,-61493.19 ,-101298.1 ,-99059.7 ,-86985.51 ,-76149.73 ,-65020.08 ,-52928.3 ,-40452.24 ,-28472.84 ,-17986.66 ,-9905.657 ,-4596.998 ,-1727.369 ,-531.0306 ,-143.6376 ,-35.40279 ,-7.13544 ,0.55845 ,0.25708 ,0.47807 
l3000e,2013-12-31,12:54:18,0,="",1950N,ZR6,2000.0,0,64,6,24,-1.13531 ,-5.31036 ,1.66479 ,-5.56638 ,-0.17397 ,-4265.321 ,-62575.96 ,-52669.48 ,-53139.79 ,-52749.89 ,-52067.12 ,-51290.67 ,-50501.36 ,-49716.98 ,-48948.44 ,-48167.59 ,-47357.07 ,-46499.52 ,-45551.03 ,-44392.37 ,-40956.02 ,-30925.21 ,-20500.93 ,-5883.452 ,919.8155 ,935.0519 ,302.9191 ,85.64453 ,35.56286 ,21.44178 ,18.65673 ,15.27866 ,12.69504 ,7.75888 ,8.45512 ,4.98812 ,-0.44105 ,0.41404 ,2.06704 ,1.59649 ,2.10087 ,0.76739 ,-2.2302 ,-27.54275 ,-1682.121 ,-14506.25 ,-61540.15 ,-101344.7 ,-99086.43 ,-87009.45 ,-76163.76 ,-65038.16 ,-52928.74 ,-40433.95 ,-28454.98 ,-17979.99 ,-9914.551 ,-4596.009 ,-1736.5 ,-527.6435 ,-146.8754 ,-38.42837 ,-6.2397 ,0.91993 ,4.24725 ,2.22784 
l3000e,2013-12-31,12:55:02,0,="",1950N,XR1,2000.0,0,64,6,25,0.39935 ,0.50107 ,-0.94655 ,0.05737 ,2.48663 ,-1547.623 ,-3892.727 ,200.0629 ,154.8824 ,219.0716 ,239.5379 ,246.7145 ,245.5316 ,240.8546 ,237.1188 ,236.079 ,237.4424 ,242.5887 ,249.2043 ,276.1401 ,1062.332 ,3502.56 ,4917.773 ,4857.076 ,2402.018 ,708.9778 ,164.9182 ,26.98515 ,-0.30984 ,-2.29011 ,-3.52209 ,-0.93112 ,-1.70976 ,-0.95121 ,-0.16283 ,-1.06683 ,0.05856 ,-0.07589 ,-0.51553 ,-0.68215 ,-0.66417 ,0.9328 ,0.72847 ,-19.54148 ,-922.0722 ,-5453.957 ,-13305.52 ,-8898.362 ,-1170.129 ,1226.698 ,1444.046 ,1290.355 ,1046.666 ,802.5988 ,543.66 ,343.3982 ,185.9534 ,83.82189 ,29.12722 ,7.69135 ,1.81965 ,-0.55948 ,-0.84727 ,-0.03034 ,0.43407 ,0.25841 
l3000e,2013-12-31,12:55:06,0,="",1950N,XR2,2000.0,0,64,6,26,1.05936 ,-0.38252 ,-0.19858 ,1.09912 ,1.65917 ,-1540.717 ,-3865.999 ,230.2764 ,179.218 ,245.7453 ,266.4381 ,277.5128 ,273.8239 ,260.9071 ,271.373 ,259.9875 ,263.0198 ,266.9399 ,272.9668 ,302.5383 ,1087.23 ,3514.814 ,4935.109 ,4862.503 ,2397.312 ,709.5895 ,164.1009 ,26.21958 ,0.24822 ,-3.83629 ,-2.73177 ,-1.02873 ,-0.68547 ,-0.92124 ,-0.32233 ,-0.9532 ,-0.32979 ,-0.70439 ,0.04509 ,-0.14476 ,-0.15814 ,0.51357 ,-0.39055 ,-23.73247 ,-920.5914 ,-5457.344 ,-13283.52 ,-8838.85 ,-1102.34 ,1257.068 ,1487.136 ,1323.459 ,1077.041 ,812.3584 ,564.2058 ,351.7199 ,189.7253 ,85.4096 ,29.89177 ,7.84417 ,1.48248 ,-0.07676 ,0.03705 ,-0.09853 ,-0.3315 ,2.11316 
l3000e,2013-12-31,12:55:11,0,="",1950N,XR3,2000.0,0,64,6,27,0.79661 ,0.83717 ,-0.90385 ,-0.74131 ,1.13251 ,-1539.937 ,-3838.404 ,253.9434 ,202.3347 ,270.1445 ,293.207 ,299.1585 ,294.0996 ,291.3264 ,288.2889 ,283.0621 ,284.0705 ,289.1865 ,291.8372 ,318.5978 ,1106.031 ,3533.557 ,4944.399 ,4858.242 ,2400.346 ,707.2365 ,162.4591 ,25.20705 ,1.98618 ,-4.23478 ,-1.93737 ,-0.74112 ,-0.66678 ,-0.05857 ,-1.15177 ,-0.26127 ,-0.80256 ,-0.39829 ,-0.47476 ,-0.10295 ,-0.14726 ,0.50965 ,-1.07874 ,-22.26015 ,-933.297 ,-5448.949 ,-13256.37 ,-8801.693 ,-1061.997 ,1298.274 ,1518.364 ,1353.006 ,1101.659 ,833.5375 ,577.888 ,360.0255 ,193.3373 ,86.9648 ,31.31115 ,8.04411 ,1.58774 ,0.00697 ,0.04729 ,-0.09242 ,-0.00225 ,1.47215 
l3000e,2013-12-31,12:55:16,0,="",1950N,XR4,2000.0,0,64,6,28,-0.84462 ,1.21007 ,-0.30538 ,-1.38809 ,3.23393 ,-1541.69 ,-3808.987 ,273.0212 ,224.5096 ,289.1877 ,312.481 ,318.287 ,313.0835 ,311.3622 ,303.7268 ,301.6963 ,302.498 ,304.225 ,309.97 ,336.4315 ,1118.224 ,3540.946 ,4947.555 ,4860.495 ,2400.978 ,711.9441 ,163.0036 ,25.24831 ,0.42705 ,-3.95248 ,-0.76085 ,-1.66369 ,-0.05065 ,-0.29338 ,-0.17422 ,-1.58379 ,-0.64213 ,0.03282 ,-0.06273 ,-0.43855 ,0.11262 ,0.65924 ,1.73167 ,-31.36806 ,-939.1466 ,-5437.059 ,-13234.22 ,-8759.956 ,-1023.203 ,1333.172 ,1551.239 ,1376.048 ,1121.511 ,848.6087 ,587.9423 ,366.7187 ,198.1817 ,89.3968 ,30.0074 ,9.42901 ,1.45783 ,0.04991 ,-0.14363 ,0.21003 ,-0.3656 ,1.26658 
l3000e,2013-12-31,12:55:20,0,="",1950N,XR5,2000.0,0,64,6,29,-1.56176 ,-4.17742 ,6.70014 ,-5.48221 ,-0.05953 ,-1551.904 ,-3771.589 ,285.9063 ,237.7881 ,310.7765 ,325.1138 ,336.3438 ,328.6364 ,328.0162 ,322.3191 ,314.791 ,316.3084 ,318.4683 ,325.0278 ,351.8719 ,1123.91 ,3557.394 ,4963.809 ,4863.42 ,2396.907 ,707.2573 ,160.5807 ,26.78582 ,-0.73054 ,-4.00629 ,-2.54805 ,-1.89616 ,-0.36886 ,-2.45056 ,-1.06048 ,-1.19415 ,-0.72974 ,0.6718 ,0.0749 ,0.04359 ,-0.23829 ,-2.12621 ,0.15108 ,-22.30555 ,-928.4569 ,-5424.643 ,-13206.7 ,-8747.272 ,-990.9645 ,1361.938 ,1575.186 ,1402.093 ,1139.893 ,860.1239 ,597.4035 ,371.7612 ,199.5679 ,90.22293 ,32.55268 ,8.38295 ,1.73045 ,0.777 ,0.09441 ,-0.53131 ,-0.01081 ,0.33882 
l3000e,2013-12-31,12:55:24,0,="",1950N,XR6,2000.0,0,64,6,30,1.70744 ,-1.53375 ,-0.16324 ,-1.96644 ,0.92357 ,-1544.544 ,-3758.571 ,304.4168 ,257.2665 ,322.6233 ,346.6559 ,349.3968 ,348.6654 ,341.488 ,337.5086 ,329.3049 ,338.1296 ,328.5151 ,339.6227 ,364.9298 ,1145.53 ,3564.204 ,4959.844 ,4869.267 ,2399.035 ,703.0601 ,162.1704 ,27.56627 ,1.55137 ,-1.08244 ,-2.87191 ,-1.19297 ,-1.39677 ,-0.34813 ,-0.72681 ,-1.32043 ,-0.48697 ,-0.16224 ,-0.21209 ,-0.05064 ,0.00184 ,-0.4978 ,-0.56677 ,-21.39676 ,-928.9784 ,-5420.399 ,-13189 ,-8713.57 ,-965.3338 ,1391.247 ,1601.795 ,1421.713 ,1157.428 ,874.5171 ,605.3147 ,377.2155 ,203.4935 ,93.32559 ,32.01329 ,8.32463 ,1.72218 ,0.0643 ,-0.35445 ,0.10714 ,-0.01147 ,-0.01377 
l3000e,2013-12-31,12:55:55,0,="",1950N,YR1,2000.0,0,64,6,31,-0.66496 ,-3.65842 ,-3.56699 ,1.27323 ,-1.89983 ,-19.53149 ,-1971.602 ,-693.3767 ,-599.9365 ,-534.7929 ,-495.7542 ,-467.8031 ,-455.1268 ,-437.7198 ,-438.222 ,-419.4041 ,-412.6164 ,-401.7303 ,-408.7668 ,-353.3135 ,-341.2228 ,-143.8847 ,176.5301 ,829.5594 ,1071.93 ,642.0718 ,296.344 ,145.7694 ,65.40642 ,37.5214 ,21.11345 ,9.14651 ,3.75661 ,3.03128 ,2.62992 ,2.15657 ,0.6339 ,-0.19405 ,0.78932 ,-0.05829 ,0.79397 ,-2.88567 ,0.45947 ,-7.22925 ,-4.13833 ,-49.14915 ,-1301.227 ,-3568.412 ,-2827.459 ,-1343.407 ,-670.8286 ,-400.5493 ,-215.7811 ,-174.7899 ,-91.37009 ,-52.24023 ,-25.86174 ,-5.65489 ,-4.93664 ,1.28907 ,-0.15084 ,0.2524 ,0.27783 ,0.20677 ,1.09918 ,-1.51771 
l3000e,2013-12-31,12:56:00,0,="",1950N,YR2,2000.0,0,64,6,32,-3.09101 ,-1.38246 ,1.32199 ,-1.13805 ,2.56256 ,-22.03609 ,-1958.122 ,-686.7446 ,-597.8522 ,-529.4088 ,-485.876 ,-461.7988 ,-445.9684 ,-432.6526 ,-422.3686 ,-412.8945 ,-401.6666 ,-392.5465 ,-381.7011 ,-360.3024 ,-319.8673 ,-155.4035 ,157.6192 ,810.8035 ,1068.715 ,656.0984 ,301.5136 ,138.3378 ,69.58056 ,39.21901 ,21.89375 ,9.45139 ,3.55887 ,2.99365 ,2.26202 ,1.49738 ,0.7105 ,-0.87888 ,0.55035 ,-0.06469 ,1.81213 ,-5.13589 ,2.00048 ,-0.4462 ,-20.46884 ,-73.80045 ,-1302.158 ,-3536.362 ,-2808.015 ,-1321.361 ,-660.9664 ,-382.5354 ,-234.2143 ,-145.9845 ,-85.55578 ,-49.84253 ,-24.06228 ,-6.48606 ,-4.56935 ,0.61281 ,0.66959 ,-0.11737 ,-0.14948 ,0.96113 ,-1.41468 ,-0.82835 
l3000e,2013-12-31,12:56:04,0,="",1950N,YR3,2000.0,0,64,6,33,1.34939 ,1.76646 ,3.17453 ,-0.28347 ,2.41406 ,-24.01734 ,-1950.535 ,-677.8945 ,-587.8849 ,-523.3408 ,-483.0029 ,-450.9215 ,-435.9783 ,-425.4377 ,-411.4032 ,-401.0379 ,-389.4927 ,-374.2608 ,-368.7655 ,-355.2034 ,-297.5796 ,-147.9674 ,163.9051 ,816.1916 ,1075.791 ,662.1827 ,305.1748 ,139.8736 ,67.4133 ,33.98577 ,14.62796 ,7.92191 ,5.43223 ,4.69678 ,2.68076 ,-0.23915 ,0.85964 ,0.60652 ,0.59932 ,-0.7769 ,0.73104 ,0.81829 ,1.22883 ,3.71304 ,-10.17051 ,-54.28609 ,-1290.513 ,-3527.385 ,-2798.631 ,-1303.993 ,-649.7834 ,-379.7238 ,-227.1211 ,-139.9993 ,-81.30191 ,-39.89765 ,-19.66184 ,-9.05497 ,-1.57118 ,-1.42088 ,-0.17075 ,0.26585 ,0.48063 ,0.34172 ,-0.44481 ,0.96513 
l3000e,2013-12-31,12:56:09,0,="",1950N,YR4,2000.0,0,64,6,34,0.95353 ,-4.68625 ,6.93256 ,11.35685 ,-9.12992 ,-24.04961 ,-1926.729 ,-674.1561 ,-576.6216 ,-513.1589 ,-467.9463 ,-442.6243 ,-427.8996 ,-411.4402 ,-403.0681 ,-393.3941 ,-383.0438 ,-371.9861 ,-360.6001 ,-342.7084 ,-301.6963 ,-141.0767 ,169.2649 ,813.5746 ,1062.683 ,665.8288 ,305.0091 ,140.2423 ,71.45702 ,35.27457 ,17.9597 ,6.48803 ,3.29854 ,3.24047 ,1.46905 ,0.14255 ,1.84289 ,0.86368 ,0.48376 ,0.38035 ,-0.31167 ,0.85301 ,2.7272 ,-5.27203 ,-7.23847 ,-47.26881 ,-1272.14 ,-3512.419 ,-2782.629 ,-1295.161 ,-638.0927 ,-362.1757 ,-216.4759 ,-128.316 ,-74.87728 ,-39.66945 ,-16.3476 ,-6.99834 ,-3.35374 ,-1.00507 ,0.41375 ,-0.27512 ,0.28136 ,0.46302 ,-1.18464 ,2.42379 
l3000e,2013-12-31,12:56:13,0,="",1950N,YR5,2000.0,0,64,6,35,-0.02196 ,-0.13791 ,-2.29904 ,-2.95441 ,0.97717 ,-19.0211 ,-1927.354 ,-661.9608 ,-575.1598 ,-502.3905 ,-463.3388 ,-435.3867 ,-421.101 ,-403.0062 ,-393.7164 ,-385.3877 ,-375.1166 ,-366.71 ,-353.2146 ,-340.5665 ,-293.7167 ,-133.757 ,170.5709 ,809.4085 ,1063.819 ,662.9584 ,296.9058 ,139.1196 ,68.70584 ,35.57636 ,19.12382 ,9.65851 ,5.87485 ,3.19993 ,2.03292 ,2.3245 ,-0.10193 ,-0.44912 ,1.24682 ,0.24313 ,0.1124 ,0.70514 ,-1.57353 ,-2.27499 ,-9.32836 ,-50.45591 ,-1272.82 ,-3506.144 ,-2766.743 ,-1278.713 ,-628.1312 ,-354.0637 ,-209.7428 ,-120.5327 ,-69.78086 ,-39.90654 ,-18.92246 ,-6.37725 ,-1.05246 ,0.4825 ,0.72073 ,-0.07127 ,0.14061 ,-0.05136 ,0.23426 ,1.04376 
l3000e,2013-12-31,12:56:18,0,="",1950N,YR6,2000.0,0,64,6,36,-1.08751 ,-2.30544 ,-2.1877 ,0.11858 ,-4.05398 ,-23.43357 ,-1924.651 ,-655.8624 ,-570.5078 ,-496.5382 ,-455.9701 ,-429.5528 ,-411.4988 ,-399.5467 ,-383.076 ,-375.8092 ,-362.9261 ,-356.9303 ,-344.3499 ,-328.9123 ,-287.9471 ,-135.0318 ,166.145 ,811.0666 ,1064.156 ,663.9369 ,304.263 ,135.5791 ,66.07097 ,33.31676 ,16.94275 ,12.89554 ,3.80632 ,3.94732 ,0.57285 ,2.04572 ,0.41214 ,0.75048 ,1.01168 ,-0.12429 ,0.64663 ,1.41714 ,-0.26989 ,-4.1476 ,-11.208 ,-52.49411 ,-1269.187 ,-3478.349 ,-2771.842 ,-1269.055 ,-618.9902 ,-348.2813 ,-205.798 ,-120.1175 ,-66.25985 ,-31.68895 ,-18.52728 ,-6.68209 ,0.78109 ,-1.34875 ,-0.31063 ,0.62695 ,-0.57512 ,0.51137 ,0.24738 ,2.99808 
l3000e,2013-12-31,12:58:14,0,="",1975N,ZR1,2000.0,0,64,6,37,2.41555 ,-2.80978 ,3.79761 ,-3.8438 ,-2.30102 ,-2123.597 ,-39267.94 ,-32989.52 ,-33227.69 ,-32975.32 ,-32543.53 ,-32054.23 ,-31562.15 ,-31073.77 ,-30584.3 ,-30097.25 ,-29585.15 ,-29058.05 ,-28461.37 ,-27744.42 ,-25852.45 ,-20278.92 ,-13938.42 ,-4235.062 ,824.712 ,873.9161 ,323.1594 ,99.32369 ,40.2356 ,24.31558 ,18.81483 ,14.18019 ,11.13465 ,5.89643 ,1.21311 ,4.02576 ,2.88008 ,2.22947 ,-0.01206 ,1.96526 ,-0.06336 ,-1.00454 ,-0.03115 ,-7.71862 ,-685.9659 ,-7152.067 ,-35472.07 ,-63855.43 ,-63699.08 ,-55427.29 ,-48164.4 ,-40972.09 ,-33245.41 ,-25314.05 ,-17735.67 ,-11145.89 ,-6102.258 ,-2804.765 ,-1053.809 ,-317.5548 ,-86.58225 ,-21.4348 ,-4.71595 ,2.00712 ,3.70056 ,1.00436 
l3000e,2013-12-31,12:58:18,0,="",1975N,ZR2,2000.0,0,64,6,38,-8.03391 ,-13.83154 ,-7.62928 ,-3.81582 ,-1.16522 ,-2115.821 ,-39252.77 ,-32995.78 ,-33230.56 ,-32971.63 ,-32544.71 ,-32050.92 ,-31559.75 ,-31067.66 ,-30585.2 ,-30096.16 ,-29588.64 ,-29062.37 ,-28456.46 ,-27738.02 ,-25840.21 ,-20266.77 ,-13927.38 ,-4229.448 ,820.5346 ,878.0723 ,326.1505 ,106.4569 ,46.01321 ,24.39866 ,23.83462 ,19.62263 ,17.85653 ,4.79066 ,3.0221 ,1.72828 ,0.3576 ,2.86876 ,1.24482 ,0.04388 ,1.09495 ,1.10037 ,-5.13668 ,-17.56474 ,-691.8707 ,-7169.614 ,-35492.36 ,-63853.36 ,-63685.82 ,-55418.17 ,-48154.49 ,-40962.9 ,-33247.32 ,-25322.04 ,-17745.76 ,-11150.14 ,-6111.194 ,-2796.732 ,-1046.624 ,-314.4521 ,-87.58224 ,-19.55953 ,-5.34483 ,2.01974 ,3.12138 ,-3.33712 
l3000e,2013-12-31,12:58:23,0,="",1975N,ZR3,2000.0,0,64,6,39,-4.08115 ,4.83773 ,18.24589 ,-23.72111 ,0.48256 ,-2129.486 ,-39258.34 ,-32986.11 ,-33222.38 ,-32973.06 ,-32537.68 ,-32051.74 ,-31548.96 ,-31064.01 ,-30576.96 ,-30089.56 ,-29581.56 ,-29049.39 ,-28453.71 ,-27733.58 ,-25845.18 ,-20272.15 ,-13941.18 ,-4246.573 ,812.6737 ,875.2942 ,317.6097 ,101.7842 ,39.87883 ,19.49519 ,17.78273 ,12.80276 ,14.5336 ,8.59635 ,5.84155 ,4.87085 ,2.87506 ,0.73892 ,0.83184 ,2.18476 ,-0.09234 ,2.53477 ,-0.30018 ,-10.91766 ,-686.0336 ,-7141.007 ,-35439.04 ,-63819.67 ,-63676.5 ,-55408.15 ,-48147.31 ,-40957.27 ,-33232.69 ,-25302.8 ,-17727.57 ,-11148.47 ,-6100.92 ,-2811.165 ,-1045.916 ,-318.3905 ,-85.67803 ,-22.6575 ,-3.10142 ,0.68812 ,1.47635 ,4.99532 
l3000e,2013-12-31,12:58:27,0,="",1975N,ZR4,2000.0,0,64,6,40,-6.20284 ,-2.8129 ,7.33391 ,2.29988 ,-4.78453 ,-2113.961 ,-39252.97 ,-32988.62 ,-33230.78 ,-32972.23 ,-32540.28 ,-32058.85 ,-31548.29 ,-31072.35 ,-30580.76 ,-30090.44 ,-29584.75 ,-29053.84 ,-28454.58 ,-27740.57 ,-25846.1 ,-20285.72 ,-13952.97 ,-4253.179 ,810.9198 ,871.8373 ,325.4799 ,104.501 ,41.78386 ,26.22987 ,22.632 ,15.30021 ,13.67275 ,8.65986 ,6.29249 ,-0.14561 ,0.62582 ,2.55439 ,2.11432 ,0.00992 ,0.89411 ,-1.06412 ,-0.88637 ,-9.20063 ,-683.7288 ,-7148.589 ,-35468.91 ,-63832.33 ,-63683.97 ,-55411.92 ,-48152.92 ,-40954.02 ,-33226.4 ,-25277.65 ,-17713.27 ,-11128.07 ,-6101.886 ,-2807.631 ,-1053.757 ,-320.5041 ,-90.17298 ,-18.76723 ,-4.87442 ,0.41958 ,-0.68196 ,2.66886 
l3000e,2013-12-31,12:58:32,0,="",1975N,ZR5,2000.0,0,64,6,41,-0.80469 ,1.83524 ,-1.10024 ,-0.58021 ,-0.87663 ,-2121.457 ,-39261.3 ,-32981.47 ,-33222.67 ,-32968.85 ,-32545.81 ,-32052.4 ,-31557.07 ,-31070.84 ,-30581.23 ,-30091.74 ,-29591 ,-29050.06 ,-28457.34 ,-27738.06 ,-25846.31 ,-20280.27 ,-13946.77 ,-4251.542 ,809.8948 ,869.1384 ,322.8247 ,103.7868 ,40.65859 ,25.07294 ,16.48444 ,13.74981 ,9.03749 ,4.99457 ,3.42154 ,2.91387 ,3.36411 ,1.63071 ,1.03067 ,2.34959 ,0.15332 ,4.2498 ,1.96459 ,-10.19137 ,-687.8765 ,-7145.207 ,-35450.77 ,-63843.22 ,-63685.54 ,-55426.35 ,-48162.39 ,-40965.46 ,-33243.44 ,-25304.19 ,-17722.34 ,-11145.8 ,-6098.889 ,-2809.303 ,-1050.796 ,-316.6984 ,-84.65969 ,-21.84333 ,-3.22108 ,-0.52455 ,0.11353 ,1.77465 
l3000e,2013-12-31,12:58:36,0,="",1975N,ZR6,2000.0,0,64,6,42,-4.71633 ,-5.85923 ,-4.3571 ,-7.61843 ,-2.24351 ,-2123.624 ,-39253.44 ,-32981.63 ,-33228.76 ,-32974.49 ,-32542.98 ,-32053.14 ,-31557.26 ,-31066.22 ,-30585.09 ,-30084.17 ,-29586.67 ,-29045.51 ,-28455.81 ,-27733.89 ,-25844.56 ,-20284.84 ,-13949.75 ,-4237.76 ,817.3372 ,877.9485 ,318.8508 ,105.6192 ,40.73419 ,24.26993 ,18.92131 ,16.28554 ,13.0265 ,11.26648 ,8.36621 ,0.16687 ,-0.3675 ,1.45658 ,3.58038 ,-0.67043 ,1.25139 ,1.04331 ,-3.14087 ,-12.023 ,-691.9629 ,-7146.31 ,-35450.73 ,-63847.09 ,-63711.53 ,-55431.51 ,-48157.42 ,-40972.2 ,-33238.8 ,-25306.88 ,-17721.59 ,-11141.66 ,-6097.892 ,-2809.245 ,-1047.412 ,-320.8483 ,-90.20065 ,-21.36467 ,-2.426 ,2.84409 ,3.24063 ,3.70258 
l3000e,2013-12-31,12:59:11,0,="",1975N,XR1,2000.0,0,64,6,43,-2.61387 ,-2.44973 ,-0.00373 ,0.95405 ,-3.23001 ,-1510.55 ,-4577.351 ,1051.208 ,981.9382 ,1071.361 ,1094.5 ,1097.122 ,1081.709 ,1069.775 ,1047.886 ,1041.856 ,1024.563 ,1019.088 ,1014.467 ,1029.988 ,1802.156 ,4398.979 ,6136.724 ,6406.704 ,3487.885 ,1129.916 ,281.9256 ,61.05319 ,12.23645 ,2.06808 ,2.33464 ,1.24316 ,-0.15253 ,0.48561 ,1.70263 ,-3.24803 ,0.83686 ,-0.23906 ,0.19907 ,-0.44731 ,0.30804 ,-0.13402 ,1.08302 ,-19.73901 ,-779.9047 ,-5299.28 ,-14901.96 ,-11000.49 ,-890.8639 ,2683.282 ,3019.808 ,2684.587 ,2194.29 ,1664.985 ,1159.673 ,725.203 ,393.6652 ,179.2277 ,65.73836 ,18.04479 ,4.44044 ,0.85531 ,-0.18662 ,-0.06193 ,0.12276 ,-1.40497 
l3000e,2013-12-31,12:59:16,0,="",1975N,XR2,2000.0,0,64,6,44,8.08388 ,-2.6305 ,2.74547 ,-1.63987 ,-5.29757 ,-1520.47 ,-4539.804 ,1068.725 ,1002.091 ,1084.236 ,1113.227 ,1121.374 ,1088.796 ,1081.018 ,1073.428 ,1048.936 ,1043.044 ,1030.218 ,1033.447 ,1041.667 ,1816.545 ,4410.736 ,6150.702 ,6411.797 ,3485.573 ,1123.244 ,279.9853 ,63.45595 ,9.33804 ,2.01291 ,-0.34145 ,1.03477 ,2.00683 ,0.55811 ,0.49011 ,0.06336 ,0.55043 ,0.11352 ,-0.31164 ,0.18976 ,-0.30984 ,-0.1203 ,1.73582 ,-21.07061 ,-782.128 ,-5290.924 ,-14894.86 ,-10969.46 ,-843.8482 ,2709.027 ,3045.896 ,2706.686 ,2212.421 ,1678.815 ,1169.714 ,732.2293 ,397.558 ,180.4926 ,65.96621 ,18.374 ,4.82909 ,1.22898 ,0.13102 ,-0.39184 ,-0.19493 ,-1.60523 
l3000e,2013-12-31,12:59:20,0,="",1975N,XR3,2000.0,0,64,6,45,-0.01807 ,2.01659 ,1.72837 ,-0.22904 ,-0.17774 ,-1514.327 ,-4533.35 ,1086.007 ,1013.012 ,1099.27 ,1130.859 ,1126.387 ,1114.715 ,1097.481 ,1081.295 ,1069.327 ,1053.911 ,1052.571 ,1038.595 ,1052.895 ,1843.433 ,4417.054 ,6139.974 ,6401.104 ,3484.571 ,1130.446 ,283.1629 ,58.77437 ,9.68114 ,2.92165 ,0.53495 ,1.31985 ,1.41072 ,0.95529 ,0.54276 ,-0.08631 ,-0.43957 ,0.0882 ,-0.11434 ,-0.13577 ,-0.2531 ,-0.15761 ,0.6373 ,-15.62084 ,-772.7193 ,-5286.804 ,-14870.66 ,-10935.36 ,-824.7224 ,2736.379 ,3067.506 ,2727.524 ,2226.426 ,1691.081 ,1176.411 ,735.2684 ,399.4455 ,181.5691 ,66.71596 ,18.76673 ,4.52309 ,1.13539 ,0.30434 ,-0.11674 ,0.12325 ,0.53558 
l3000e,2013-12-31,12:59:25,0,="",1975N,XR4,2000.0,0,64,6,46,2.91197 ,1.02164 ,0.19285 ,1.02227 ,1.03333 ,-1511.01 ,-4522.242 ,1099.836 ,1024.974 ,1115.886 ,1141.623 ,1137.066 ,1125.038 ,1109.167 ,1113.182 ,1053.292 ,1069.701 ,1051.273 ,1055.252 ,1063.626 ,1836.467 ,4422.337 ,6161.589 ,6418.61 ,3480.633 ,1122.555 ,281.8055 ,60.34564 ,12.53622 ,2.29679 ,2.39275 ,1.55632 ,1.33487 ,0.22891 ,-0.28318 ,-0.17382 ,-0.38376 ,-0.65629 ,-0.38057 ,-0.47017 ,-0.15914 ,0.29636 ,-0.65966 ,-19.72723 ,-792.7755 ,-5281.555 ,-14857.59 ,-10908.33 ,-801.413 ,2744.661 ,3111.579 ,2739.824 ,2238.661 ,1696.267 ,1180.008 ,740.3276 ,400.4701 ,183.1458 ,66.95712 ,19.41095 ,4.7024 ,1.22933 ,0.08657 ,-0.12183 ,0.59065 ,2.36552 
l3000e,2013-12-31,12:59:29,0,="",1975N,XR5,2000.0,0,64,6,47,-1.95978 ,0.96287 ,-0.47444 ,-2.65769 ,0.53658 ,-1518.379 ,-4498.709 ,1107.832 ,1034.988 ,1126.165 ,1150.113 ,1151.753 ,1137.195 ,1118.228 ,1103.002 ,1089.377 ,1078.19 ,1064.147 ,1063.069 ,1076.48 ,1843.003 ,4423.812 ,6165.197 ,6407.904 ,3482.214 ,1127.161 ,278.9901 ,60.08179 ,12.98429 ,3.84325 ,0.37584 ,1.90171 ,1.03454 ,-0.34015 ,-0.36449 ,-0.24441 ,-0.1435 ,-0.64636 ,-0.24627 ,0.65013 ,-0.23678 ,0.06362 ,0.04953 ,-16.82905 ,-771.2618 ,-5274.24 ,-14837.59 ,-10891.63 ,-779.0514 ,2775.466 ,3098.209 ,2753.286 ,2249.645 ,1708.219 ,1190.171 ,742.4412 ,403.6738 ,183.8783 ,67.24639 ,18.70905 ,4.54175 ,1.22164 ,0.01969 ,-0.10156 ,0.26649 ,-0.56437 
l3000e,2013-12-31,12:59:33,0,="",1975N,XR6,2000.0,0,64,6,48,0.41602 ,3.41868 ,-4.80826 ,-2.17245 ,2.12977 ,-1502.374 ,-4502.108 ,1118.169 ,1047.706 ,1132.706 ,1161.901 ,1157.523 ,1145.229 ,1128.626 ,1108.775 ,1100.633 ,1083.145 ,1073.009 ,1072.274 ,1084.603 ,1849.8 ,4435.398 ,6167.905 ,6427.285 ,3483.928 ,1119.563 ,289.8844 ,56.06427 ,11.47684 ,2.57349 ,0.75895 ,1.10765 ,3.57919 ,-0.07129 ,-0.18306 ,0.36836 ,-0.66573 ,-0.61603 ,0.15405 ,-0.42027 ,0.19695 ,0.01421 ,-1.17085 ,-18.83451 ,-783.7585 ,-5289.106 ,-14818.87 ,-10861.88 ,-758.2676 ,2788.761 ,3113.128 ,2760.78 ,2257.41 ,1714.593 ,1193.305 ,747.2938 ,406.0555 ,185.144 ,68.05121 ,18.5863 ,4.71206 ,0.93174 ,0.14069 ,-0.29104 ,0.2491 ,-0.24543 
l3000e,2013-12-31,12:59:58,0,="",1975N,YR1,2000.0,0,64,6,49,0.80001 ,0.50759 ,2.71907 ,1.64176 ,5.87113 ,416.8506 ,320.3118 ,86.09213 ,227.272 ,274.1011 ,300.1646 ,310.3109 ,315.3103 ,317.737 ,320.8716 ,315.6884 ,310.4707 ,308.1273 ,304.5391 ,294.1814 ,92.37728 ,-550.8624 ,-886.9959 ,-583.5116 ,290.0134 ,456.7222 ,279.474 ,143.1199 ,79.64669 ,39.79562 ,20.0311 ,7.65654 ,0.57762 ,2.36706 ,3.70395 ,-0.17257 ,2.61657 ,-0.35029 ,0.06921 ,0.09107 ,0.22462 ,1.37702 ,-0.18559 ,9.5183 ,201.6677 ,1451.568 ,3539.601 ,1051.255 ,-817.7702 ,-296.6557 ,148.9011 ,307.6574 ,336.3282 ,296.1225 ,228.8845 ,151.6817 ,89.77196 ,41.25215 ,14.79361 ,6.59932 ,2.80953 ,-0.16664 ,0.01282 ,-0.0719 ,1.11251 ,2.78464 
l3000e,2013-12-31,13:00:03,0,="",1975N,YR2,2000.0,0,64,6,50,1.51449 ,-1.96309 ,-1.18788 ,-0.70741 ,3.38147 ,407.4363 ,317.7254 ,82.54233 ,224.6885 ,273.5531 ,302.7457 ,313.801 ,327.7579 ,318.7708 ,310.6987 ,314.3914 ,321.6816 ,305.508 ,311.5875 ,298.6593 ,97.23129 ,-552.1241 ,-892.2409 ,-594.0179 ,296.2536 ,459.1465 ,277.7081 ,145.0492 ,77.52477 ,38.26946 ,17.75051 ,8.87096 ,4.58856 ,2.78245 ,3.32669 ,0.99055 ,1.00246 ,-0.37385 ,5.04697 ,-3.74799 ,0.69306 ,0.56144 ,0.11427 ,0.94906 ,179.3564 ,1427.867 ,3539.796 ,1067.006 ,-815.5784 ,-305.5209 ,154.1347 ,305.6606 ,338.6068 ,301.8625 ,228.6766 ,155.2114 ,88.32356 ,46.53881 ,13.78692 ,6.80978 ,2.65784 ,0.83474 ,-0.52551 ,0.73245 ,-0.36485 ,0.57797 
l3000e,2013-12-31,13:00:07,0,="",1975N,YR3,2000.0,0,64,6,51,10.89319 ,7.67163 ,-13.87815 ,1.15607 ,6.74527 ,405.0453 ,314.9491 ,81.62798 ,233.8991 ,278.3203 ,296.2216 ,318.7472 ,326.7406 ,319.5972 ,326.0193 ,322.9115 ,323.7521 ,316.0052 ,302.0127 ,297.9112 ,83.42392 ,-578.5692 ,-883.4549 ,-558.476 ,298.4878 ,438.2262 ,278.7928 ,139.5252 ,72.91487 ,37.10479 ,14.26999 ,11.22723 ,1.43225 ,-1.36686 ,1.09113 ,3.42269 ,5.28043 ,0.43672 ,0.02967 ,0.23196 ,-0.43038 ,0.00464 ,3.12207 ,6.62329 ,190.3691 ,1441.444 ,3541.153 ,1061.81 ,-814.8677 ,-293.101 ,151.742 ,308.0434 ,344.0559 ,295.5114 ,235.8821 ,156.4212 ,89.31317 ,42.40543 ,17.05652 ,6.7949 ,2.37967 ,0.66101 ,0.26609 ,-0.54582 ,1.37308 ,-0.36085 
l3000e,2013-12-31,13:00:12,0,="",1975N,YR4,2000.0,0,64,6,52,-0.74925 ,-1.92081 ,-1.20192 ,0.22505 ,2.2887 ,405.9596 ,322.2893 ,90.76379 ,230.4506 ,276.7249 ,306.6206 ,321.5126 ,324.409 ,329.2694 ,326.9971 ,325.0682 ,319.5851 ,314.3066 ,310.8136 ,296.0571 ,99.35135 ,-554.7248 ,-893.4935 ,-586.0623 ,295.612 ,452.466 ,276.3557 ,144.3918 ,74.58994 ,42.35779 ,20.68901 ,10.28792 ,6.33907 ,2.68842 ,-0.61254 ,0.62795 ,1.83829 ,1.45535 ,0.1311 ,-0.28693 ,-0.0656 ,0.80114 ,-0.20006 ,7.53896 ,189.6517 ,1438.12 ,3539.967 ,1061.25 ,-807.6021 ,-295.1754 ,157.5201 ,314.8665 ,343.3138 ,307.7777 ,236.253 ,152.5399 ,88.96658 ,44.83345 ,17.50967 ,6.18128 ,2.14845 ,1.05668 ,-0.15285 ,-0.13281 ,0.08369 ,-3.05469 
l3000e,2013-12-31,13:00:16,0,="",1975N,YR5,2000.0,0,64,6,53,2.81397 ,-1.40029 ,11.93553 ,8.39063 ,2.56684 ,412.0264 ,316.1234 ,94.70661 ,225.5847 ,277.7322 ,309.0523 ,320.7426 ,322.3493 ,329.6085 ,329.0952 ,318.7219 ,323.7603 ,315.3125 ,311.4652 ,299.0058 ,99.42274 ,-550.1788 ,-891.1164 ,-577.8349 ,305.7446 ,420.4136 ,282.5683 ,171.2049 ,65.71057 ,35.6417 ,19.59295 ,4.59547 ,3.29544 ,3.98041 ,2.63865 ,2.69032 ,2.91046 ,-1.39192 ,0.28757 ,0.17173 ,0.23818 ,1.20172 ,4.63355 ,1.00639 ,197.293 ,1444.665 ,3538.119 ,1069.046 ,-806.8667 ,-283.3519 ,152.6975 ,315.6261 ,346.9705 ,305.7288 ,233.4055 ,155.1607 ,90.00261 ,41.93679 ,17.61522 ,6.08838 ,3.18544 ,0.62145 ,-0.00844 ,-0.37153 ,0.47512 ,1.40887 
l3000e,2013-12-31,13:00:20,0,="",1975N,YR6,2000.0,0,64,6,54,-10.15717 ,5.08484 ,5.96652 ,-1.0863 ,4.99135 ,415.7581 ,323.139 ,92.81926 ,230.2499 ,277.544 ,305.1962 ,319.0686 ,317.7163 ,329.7478 ,327.1846 ,328.6719 ,323.2671 ,323.0492 ,319.41 ,300.5322 ,99.13421 ,-542.0169 ,-884.8232 ,-584.1036 ,288.3104 ,456.8763 ,270.7096 ,141.4666 ,71.83374 ,35.78686 ,16.50397 ,7.18485 ,5.39301 ,5.1679 ,1.78509 ,1.37776 ,-0.79536 ,0.93393 ,0.7861 ,-0.38793 ,0.46109 ,2.33718 ,-1.29604 ,-5.06514 ,186.0245 ,1444.835 ,3544.497 ,1074.686 ,-809.7126 ,-289.7855 ,157.1607 ,311.9803 ,340.6859 ,307.1718 ,238.2985 ,158.5753 ,90.22452 ,42.28308 ,18.47047 ,5.1707 ,1.29743 ,0.48382 ,0.46553 ,0.43992 ,6.65889 ,-62.40505 
l3000e,2013-12-31,13:02:17,0,="",2000N,ZR1,2000.0,0,64,6,55,7.84618 ,-0.69109 ,-0.74438 ,-2.43497 ,-4.53312 ,-1111.997 ,-26971.35 ,-22906.7 ,-22989.73 ,-22798.17 ,-22497.12 ,-22154.13 ,-21806.05 ,-21465.7 ,-21126.73 ,-20789.38 ,-20432.69 ,-20065.29 ,-19650.78 ,-19157.46 ,-18030.54 ,-14741.43 ,-10602.11 ,-3581.17 ,658.4244 ,855.6564 ,356.7928 ,128.5091 ,55.0486 ,31.89109 ,20.88183 ,14.76575 ,14.52352 ,12.57946 ,6.04861 ,0.13937 ,0.77032 ,1.7881 ,3.081 ,0.23154 ,1.18428 ,0.97753 ,-3.10993 ,-5.99432 ,-285.3351 ,-3644.452 ,-21537.29 ,-43266.93 ,-44675.91 ,-38641.59 ,-33354.67 ,-28309.05 ,-22973.34 ,-17512.69 ,-12285.68 ,-7727.439 ,-4237.646 ,-1956.284 ,-725.2726 ,-221.7965 ,-60.42643 ,-15.26913 ,0.2748 ,0.19547 ,1.97612 ,3.22391 
l3000e,2013-12-31,13:02:22,0,="",2000N,ZR2,2000.0,0,64,6,56,-10.44464 ,-7.24648 ,-7.58185 ,-11.27617 ,-7.4971 ,-1104.929 ,-26955.66 ,-22897.59 ,-22985.56 ,-22796.48 ,-22487.62 ,-22146.62 ,-21801.27 ,-21459.28 ,-21123.28 ,-20787.4 ,-20438.81 ,-20066.01 ,-19656.84 ,-19161.2 ,-18029.29 ,-14729.39 ,-10591.29 ,-3577.891 ,657.7255 ,852.6112 ,351.9724 ,125.5658 ,54.12575 ,34.45464 ,26.74033 ,21.80669 ,15.07672 ,3.82216 ,4.90338 ,0.90108 ,0.44628 ,2.42358 ,3.72235 ,0.76355 ,1.04875 ,-3.7666 ,-1.2286 ,-0.93468 ,-287.2641 ,-3660.275 ,-21564.53 ,-43255.09 ,-44656.51 ,-38638.56 ,-33335.26 ,-28293.45 ,-22958.22 ,-17502.28 ,-12280.16 ,-7736.264 ,-4240.92 ,-1949.233 ,-732.5975 ,-221.7733 ,-61.28309 ,-12.90185 ,-3.68035 ,2.70621 ,1.94939 ,-1.4579 
l3000e,2013-12-31,13:02:26,0,="",2000N,ZR3,2000.0,0,64,6,57,6.81712 ,-3.09916 ,-5.32912 ,-4.34017 ,-3.37896 ,-1099.6 ,-26954.08 ,-22891.68 ,-22984.73 ,-22798.59 ,-22493.17 ,-22149.24 ,-21805.93 ,-21460.29 ,-21124.14 ,-20784.03 ,-20441.39 ,-20063.91 ,-19656.71 ,-19154.52 ,-18023.42 ,-14717.34 ,-10575.41 ,-3572.126 ,664.6343 ,857.9902 ,359.786 ,133.9517 ,62.2828 ,36.08891 ,24.01557 ,14.30775 ,10.83318 ,11.08491 ,8.09444 ,-2.19597 ,3.91307 ,4.43012 ,0.95531 ,0.3065 ,1.1355 ,-1.34401 ,3.69904 ,2.24919 ,-283.6969 ,-3649.387 ,-21536.24 ,-43240.8 ,-44644.35 ,-38627.61 ,-33330.23 ,-28292.14 ,-22969.12 ,-17509.33 ,-12278.21 ,-7730.636 ,-4234.498 ,-1955.78 ,-733.1669 ,-222.2967 ,-61.50292 ,-12.91491 ,-2.1078 ,2.3247 ,-0.83516 ,-5.09991 
l3000e,2013-12-31,13:02:30,0,="",2000N,ZR4,2000.0,0,64,6,58,2.21708 ,-2.76913 ,-4.24902 ,-2.36093 ,-7.12622 ,-1101.462 ,-26954.99 ,-22897.76 ,-22988.09 ,-22795.07 ,-22501.49 ,-22144.72 ,-21800.02 ,-21456.86 ,-21119.43 ,-20775.88 ,-20429.07 ,-20058.24 ,-19643.94 ,-19158.38 ,-18022.87 ,-14723.68 ,-10587.23 ,-3577.905 ,659.7197 ,853.5944 ,352.66 ,124.939 ,52.88905 ,27.2383 ,19.65572 ,14.47857 ,12.63061 ,6.83225 ,0.7869 ,3.51509 ,2.56499 ,4.27824 ,1.05452 ,3.05254 ,-0.79354 ,2.37103 ,-0.26217 ,-10.00641 ,-287.0269 ,-3636.69 ,-21518.67 ,-43240.61 ,-44661.69 ,-38634.6 ,-33339.82 ,-28302.97 ,-22967.34 ,-17498.64 ,-12270.88 ,-7726.264 ,-4237.54 ,-1958.551 ,-732.1635 ,-224.8606 ,-57.49928 ,-12.9911 ,-3.57009 ,2.2531 ,-1.09437 ,2.15324 
l3000e,2013-12-31,13:02:35,0,="",2000N,ZR5,2000.0,0,64,6,59,-0.49784 ,-4.1733 ,-0.05905 ,7.76281 ,5.46642 ,-1101.327 ,-26959.91 ,-22889.55 ,-22980.3 ,-22794.46 ,-22489.55 ,-22150.38 ,-21800.09 ,-21460.83 ,-21127.29 ,-20784.52 ,-20435.2 ,-20063.41 ,-19653.1 ,-19159.89 ,-18023.59 ,-14721.09 ,-10572.98 ,-3561.907 ,659.0246 ,855.5875 ,351.535 ,129.7262 ,54.22511 ,31.25833 ,24.7487 ,12.27842 ,8.05862 ,7.2071 ,9.54942 ,3.49132 ,5.18011 ,1.59558 ,-0.46319 ,1.8551 ,-0.6263 ,3.70543 ,5.39394 ,-0.01048 ,-282.0769 ,-3640.076 ,-21521.11 ,-43232.57 ,-44642.88 ,-38631.76 ,-33333.34 ,-28293.57 ,-22949.94 ,-17473.7 ,-12253.73 ,-7720.314 ,-4236.398 ,-1961.789 ,-741.2351 ,-223.7218 ,-58.46799 ,-16.7279 ,-3.26753 ,0.5225 ,1.86242 ,0.3734 
l3000e,2013-12-31,13:02:39,0,="",2000N,ZR6,2000.0,0,64,6,60,8.73061 ,2.54051 ,7.41773 ,-4.34737 ,-3.52066 ,-1111.124 ,-26968.07 ,-22898.46 ,-22988.68 ,-22800.84 ,-22488.85 ,-22146.23 ,-21796.8 ,-21461.63 ,-21119.08 ,-20786.2 ,-20427.85 ,-20057.84 ,-19654.37 ,-19165.52 ,-18003.77 ,-14750.06 ,-10616.44 ,-3577.867 ,677.4768 ,848.3456 ,337.7775 ,139.4234 ,53.45043 ,27.10242 ,18.09409 ,9.207 ,12.62735 ,10.45621 ,4.51448 ,3.21824 ,4.31587 ,1.05725 ,0.59505 ,1.99349 ,-0.73145 ,7.88284 ,3.59172 ,-1.48327 ,-284.5933 ,-3642.053 ,-21530.23 ,-43241.56 ,-44655.34 ,-38638.48 ,-33341.59 ,-28293.58 ,-22948.37 ,-17472.63 ,-12259.37 ,-7726.273 ,-4238.193 ,-1964.86 ,-730.9836 ,-224.1193 ,-58.85348 ,-16.93003 ,-0.86215 ,-1.31908 ,-0.40014 ,2.36383 
l3000e,2013-12-31,13:03:13,0,="",2000N,XR1,2000.0,0,64,6,61,2.77639 ,-0.70895 ,-12.62678 ,1.18332 ,-2.33084 ,-1161.537 ,-5649.639 ,254.2955 ,172.2808 ,282.9429 ,325.4238 ,336.4482 ,337.4959 ,337.6748 ,337.1712 ,326.6671 ,331.9466 ,337.8159 ,339.7488 ,375.8043 ,1011.875 ,3256.951 ,5063.698 ,5999.105 ,3710.741 ,1337.737 ,366.0419 ,82.00823 ,28.43574 ,8.56532 ,5.34526 ,3.37594 ,0.4783 ,-0.07218 ,0.91492 ,-0.3399 ,0.1646 ,-0.35688 ,-0.23224 ,-0.0464 ,-0.03915 ,0.49499 ,-0.61587 ,-15.13171 ,-522.0389 ,-4068.18 ,-13505.1 ,-12545.19 ,-3144.604 ,1058.589 ,1761.287 ,1661.148 ,1377.327 ,1054.801 ,732.6752 ,460.857 ,249.9347 ,113.1138 ,40.21997 ,11.88938 ,2.28606 ,0.47515 ,0.06475 ,-0.31179 ,-0.52742 ,1.63567 
l3000e,2013-12-31,13:03:17,0,="",2000N,XR2,2000.0,0,64,6,62,5.65352 ,0.72378 ,-0.14289 ,0.19297 ,-5.36018 ,-1168.986 ,-5639.348 ,261.5785 ,186.8071 ,288.2082 ,331.4788 ,342.6686 ,347.4836 ,346.8881 ,336.6906 ,329.0271 ,352.5083 ,339.6671 ,346.1578 ,382.9306 ,1012.484 ,3263.674 ,5082.215 ,5999.336 ,3715.131 ,1332.037 ,365.1864 ,85.36927 ,22.91729 ,7.87166 ,3.8043 ,2.08605 ,2.27184 ,1.29866 ,0.34911 ,-0.02026 ,-0.10053 ,-0.59649 ,-0.06656 ,0.23072 ,-0.1263 ,0.47776 ,-0.37991 ,-14.76509 ,-508.0292 ,-4054.872 ,-13501.7 ,-12536.34 ,-3136.638 ,1068.681 ,1773.925 ,1673.774 ,1385.581 ,1059.768 ,738.0427 ,462.1819 ,250.8599 ,113.1467 ,42.15064 ,11.34796 ,2.70722 ,-0.12212 ,0.07696 ,0.02627 ,-0.17752 ,0.08777 
l3000e,2013-12-31,13:03:22,0,="",2000N,XR3,2000.0,0,64,6,63,1.95424 ,4.76444 ,0.42289 ,0.54189 ,0.80657 ,-1172.802 ,-5628.261 ,264.7653 ,191.5721 ,294.6636 ,334.63 ,356.7592 ,347.1404 ,349.2404 ,345.3243 ,342.3133 ,344.0733 ,346.0737 ,354.9841 ,383.3069 ,1011.161 ,3258.837 ,5078.242 ,6009.493 ,3716.376 ,1338.94 ,359.6311 ,88.32891 ,22.64445 ,6.98863 ,3.38765 ,3.97044 ,1.74415 ,1.43935 ,-0.38471 ,0.13751 ,-0.77006 ,-0.18937 ,-0.6377 ,0.28044 ,-0.13951 ,0.31839 ,-1.17371 ,-11.97536 ,-524.1737 ,-4057.932 ,-13499.86 ,-12535.21 ,-3107.295 ,1060.753 ,1788.161 ,1680.593 ,1390.523 ,1063.489 ,738.5522 ,464.5835 ,251.054 ,113.519 ,41.25653 ,11.51117 ,1.96969 ,0.40613 ,-0.31252 ,-0.17477 ,0.66229 ,1.59508 
l3000e,2013-12-31,13:03:26,0,="",2000N,XR4,2000.0,0,64,6,64,3.65742 ,-0.8794 ,2.28141 ,-0.15434 ,-2.07974 ,-1170.816 ,-5623.525 ,267.8892 ,194.7588 ,301.0716 ,335.083 ,360.7516 ,351.3976 ,360.4396 ,336.0179 ,349.438 ,348.1977 ,346.4104 ,361.8793 ,361.1436 ,1125.49 ,3223.629 ,4964.144 ,5877.856 ,3823.694 ,1353.07 ,318.8054 ,119.3436 ,8.45185 ,10.84361 ,5.95289 ,0.40631 ,1.62594 ,0.46556 ,-0.53963 ,-0.51317 ,-0.48546 ,-0.2777 ,-0.59314 ,-0.02437 ,-0.11502 ,0.4968 ,1.45618 ,-17.54956 ,-505.0208 ,-4040.287 ,-13500.93 ,-12537.12 ,-3083.2 ,1072.615 ,1792.622 ,1681.95 ,1399.35 ,1066.069 ,742.8182 ,464.0244 ,252.6194 ,113.7379 ,40.93692 ,11.38538 ,0.91723 ,2.27059 ,-0.12069 ,0.3114 ,-0.63511 ,0.74679 
l3000e,2013-12-31,13:03:30,0,="",2000N,XR5,2000.0,0,64,6,65,1.95352 ,-1.0733 ,0.0159 ,-4.17912 ,-0.14442 ,-1175.215 ,-5615.363 ,267.9821 ,205.8249 ,300.7055 ,342.4376 ,358.1824 ,358.662 ,355.7654 ,349.8935 ,349.6954 ,348.3988 ,351.8744 ,361.6224 ,387.0324 ,1036.217 ,3277.658 ,5059.207 ,5986.223 ,3731.325 ,1332.441 ,358.77 ,91.07499 ,22.10742 ,9.23648 ,3.90809 ,3.00327 ,2.84197 ,-2.08486 ,0.82744 ,-0.64784 ,0.30437 ,-0.66618 ,-0.0376 ,0.2183 ,-0.15988 ,-1.27641 ,2.1454 ,-9.06787 ,-519.308 ,-4064.362 ,-13467.03 ,-12510.87 ,-3110.688 ,1089.348 ,1793.991 ,1686.077 ,1395.76 ,1067.146 ,745.9959 ,465.8657 ,253.7045 ,113.6925 ,41.98651 ,11.85644 ,2.1919 ,0.89961 ,-0.44333 ,0.55194 ,-0.50969 ,-0.64815 
l3000e,2013-12-31,13:03:35,0,="",2000N,XR6,2000.0,0,64,6,66,-8.97695 ,3.33507 ,-5.81406 ,7.91859 ,-9.03313 ,-1172.178 ,-5610.984 ,273.7301 ,203.3896 ,309.0429 ,344.6762 ,359.4218 ,360.9522 ,362.7128 ,352.8888 ,351.4747 ,351.6299 ,353.0593 ,367.8682 ,388.1583 ,1024.707 ,3280.578 ,5081.605 ,6008.498 ,3710.57 ,1339.92 ,361.1959 ,87.36678 ,24.6036 ,8.18918 ,3.19016 ,2.17643 ,1.82592 ,2.56941 ,-1.13823 ,0.13233 ,-0.64541 ,-0.10662 ,0.05703 ,-0.022 ,0.01395 ,-0.29884 ,1.76354 ,-12.13518 ,-524.4331 ,-4056.631 ,-13485.55 ,-12501.97 ,-3102.509 ,1094.783 ,1796.688 ,1688.787 ,1400.948 ,1070.001 ,747.642 ,467.0152 ,254.1187 ,114.9872 ,42.3663 ,11.1346 ,2.30303 ,0.14328 ,0.01651 ,-0.02338 ,0.36281 ,-5.22301 
l3000e,2013-12-31,13:04:00,0,="",2000N,YR1,2000.0,0,64,6,67,0.78049 ,-4.54492 ,12.90576 ,12.69078 ,-1.00541 ,330.2423 ,651.5332 ,111.0021 ,136.8972 ,310.2464 ,247.8136 ,313.4397 ,297.5756 ,309.4437 ,312.4767 ,306.2795 ,302.1507 ,295.6306 ,291.3187 ,284.4737 ,109.2892 ,-510.3149 ,-911.8827 ,-815.9302 ,51.26972 ,370.1678 ,246.9397 ,152.7704 ,68.26942 ,39.46932 ,16.16673 ,5.95518 ,3.16647 ,4.2256 ,0.92499 ,1.5929 ,1.76411 ,-0.26743 ,-0.01437 ,-0.13858 ,0.38612 ,3.36435 ,1.80057 ,-0.18156 ,138.6662 ,1206.046 ,3566.276 ,1766.087 ,-482.3046 ,-310.3601 ,85.20285 ,234.694 ,274.5311 ,255.1048 ,201.2127 ,139.4292 ,80.72547 ,36.8516 ,16.57583 ,4.76281 ,2.80713 ,-0.58975 ,0.71919 ,-0.20475 ,0.69384 ,1.55714 
l3000e,2013-12-31,13:04:04,0,="",2000N,YR2,2000.0,0,64,6,68,-1.54625 ,7.7503 ,-1.23088 ,1.10695 ,-0.30694 ,345.2376 ,646.1833 ,60.87148 ,223.973 ,265.2819 ,292.4359 ,305.9605 ,312.2275 ,311.1762 ,310.6844 ,312.9018 ,308.0194 ,302.0328 ,294.5164 ,277.1782 ,111.7527 ,-505.5913 ,-919.0002 ,-814.3542 ,51.93212 ,352.2313 ,260.6116 ,132.7496 ,71.86333 ,35.16172 ,17.6284 ,12.43606 ,6.04025 ,0.0922 ,-0.96051 ,1.23415 ,0.74708 ,0.3582 ,0.22989 ,0.79578 ,-0.00227 ,-1.95479 ,0.44629 ,2.77753 ,127.8541 ,1200.663 ,3573.436 ,1765.207 ,-481.5897 ,-301.7623 ,84.16015 ,245.4275 ,287.7701 ,267.7089 ,202.2741 ,135.8266 ,78.83681 ,39.79631 ,14.07279 ,6.3181 ,2.40717 ,1.06745 ,-0.24125 ,0.59791 ,0.03656 ,-0.45697 
l3000e,2013-12-31,13:04:09,0,="",2000N,YR3,2000.0,0,64,6,69,-0.78075 ,-1.44271 ,1.62553 ,-0.25423 ,0.57174 ,350.9747 ,655.7514 ,61.49805 ,225.0253 ,269.7206 ,292.0156 ,307.0574 ,312.2428 ,314.2178 ,308.6349 ,307.5933 ,304.8413 ,302.0611 ,295.2284 ,285.3873 ,111.2578 ,-512.9951 ,-915.7979 ,-814.6952 ,55.51986 ,370.2094 ,254.2321 ,141.875 ,81.49049 ,37.17651 ,26.73387 ,8.595 ,0.51578 ,1.07311 ,4.16045 ,-1.37077 ,2.14749 ,0.55772 ,0.04911 ,-1.76831 ,1.59152 ,-2.86132 ,1.01111 ,3.54671 ,158.2869 ,1216.129 ,3578.98 ,1769.689 ,-473.5535 ,-300.4915 ,58.54338 ,266.8531 ,290.5514 ,263.057 ,208.3013 ,136.8513 ,84.88479 ,41.96383 ,10.80326 ,6.04852 ,1.94367 ,2.16704 ,-1.13016 ,0.49197 ,0.39526 ,-3.2909 
l3000e,2013-12-31,13:04:13,0,="",2000N,YR4,2000.0,0,64,6,70,-1.04655 ,-1.05349 ,-5.59718 ,-5.19741 ,-4.54893 ,342.0661 ,649.0914 ,63.23222 ,230.1848 ,276.5861 ,299.3424 ,311.5816 ,317.8494 ,319.6685 ,314.7422 ,308.0111 ,293.4102 ,318.8205 ,287.4322 ,288.0006 ,95.07835 ,-512.4628 ,-909.4458 ,-813.1338 ,54.85065 ,369.3317 ,247.9557 ,139.4257 ,78.99437 ,40.06216 ,22.83511 ,11.82592 ,6.46584 ,0.04195 ,2.00482 ,0.34996 ,0.10371 ,0.53966 ,0.78114 ,-0.25219 ,0.45126 ,-1.08651 ,-3.62105 ,-5.41443 ,127.3334 ,1194.943 ,3569.298 ,1770.999 ,-468.5913 ,-298.0645 ,90.50914 ,251.6268 ,296.6455 ,269.8565 ,207.7016 ,135.079 ,81.53435 ,42.87206 ,14.55249 ,6.42452 ,0.7469 ,1.04279 ,-0.20864 ,0.61923 ,-0.30451 ,-1.68199 
l3000e,2013-12-31,13:04:18,0,="",2000N,YR5,2000.0,0,64,6,71,-0.65898 ,-2.71446 ,-2.35052 ,1.00217 ,1.16425 ,345.4965 ,655.4939 ,74.83067 ,225.8005 ,266.8401 ,293.0382 ,314.5067 ,309.9319 ,318.7423 ,312.4654 ,312.1644 ,308.6539 ,306.5001 ,297.9983 ,291.3288 ,115.9896 ,-505.0532 ,-911.9507 ,-809.74 ,51.85301 ,368.3483 ,259.0795 ,142.6715 ,80.28212 ,39.91644 ,21.2626 ,10.75411 ,1.61088 ,1.76171 ,2.6904 ,-0.78593 ,1.31084 ,1.72115 ,-0.10801 ,-0.25576 ,0.4935 ,-2.41815 ,1.40164 ,13.8402 ,136.1212 ,1193.59 ,3566.442 ,1784.893 ,-462.5898 ,-287.2254 ,88.87384 ,252.3154 ,294.0909 ,265.0974 ,205.3553 ,139.8239 ,81.76789 ,41.60122 ,13.57759 ,6.42413 ,0.62719 ,2.70311 ,-1.20335 ,0.58534 ,-0.26762 ,-3.18076 
l3000e,2013-12-31,13:04:22,0,="",2000N,YR6,2000.0,0,64,6,72,-3.80627 ,8.25722 ,2.43445 ,-6.0224 ,-5.13992 ,348.744 ,655.7025 ,64.13914 ,225.2848 ,271.4128 ,293.6205 ,310.2375 ,314.6092 ,319.7655 ,322.3334 ,315.0769 ,320.7988 ,315.9204 ,309.6558 ,289.0144 ,106.8401 ,-531.6429 ,-901.9868 ,-785.0946 ,35.86739 ,361.754 ,256.6704 ,133.3146 ,75.89536 ,31.65906 ,20.28893 ,8.64943 ,6.89005 ,4.21982 ,-1.31552 ,2.86096 ,-1.04306 ,0.28503 ,0.33467 ,0.93773 ,-0.20497 ,0.44103 ,-3.32593 ,-8.26251 ,153.0384 ,1211.928 ,3553.602 ,1778.398 ,-462.5603 ,-296.6741 ,89.21592 ,250.8693 ,295.0084 ,266.1492 ,211.4186 ,144.9144 ,81.3357 ,39.04611 ,16.76067 ,4.91593 ,4.62284 ,-0.285 ,-0.30189 ,0.75159 ,-0.84821 ,5.21775 
l3000e,2013-12-31,13:06:40,0,="",2025N,ZR1,2000.0,0,64,6,73,-1.91559 ,-2.92813 ,1.11926 ,9.45278 ,14.20183 ,-892.6084 ,-21214 ,-17056.78 ,-17106.54 ,-16944.22 ,-16709.24 ,-16447.16 ,-16193.41 ,-15932.07 ,-15683.58 ,-15430 ,-15168.3 ,-14892.32 ,-14581.83 ,-14209.53 ,-13307.95 ,-10642.18 ,-7299.967 ,-1740.42 ,1291.763 ,1023.404 ,390.3989 ,129.0354 ,55.25764 ,28.3749 ,21.15871 ,8.58497 ,10.31496 ,13.68264 ,8.22638 ,4.03653 ,5.33132 ,0.43174 ,0.53395 ,0.48746 ,0.27814 ,3.32765 ,5.30348 ,-3.60329 ,-236.4402 ,-2967.377 ,-17550.53 ,-34619.47 ,-34452.32 ,-28903.46 ,-24637 ,-20839.59 ,-16883.19 ,-12848.97 ,-9001.676 ,-5658.568 ,-3091.882 ,-1424.26 ,-531.2515 ,-161.7474 ,-39.79848 ,-11.14293 ,-0.28236 ,-0.27529 ,2.06495 ,3.646 
l3000e,2013-12-31,13:06:45,0,="",2025N,ZR2,2000.0,0,64,6,74,1.04688 ,-1.10774 ,-2.44821 ,1.31163 ,5.09648 ,-892.9805 ,-21210.34 ,-17055.31 ,-17107.27 ,-16943.73 ,-16710.23 ,-16445.9 ,-16190.72 ,-15931.43 ,-15678.77 ,-15427.62 ,-15163.81 ,-14893.81 ,-14576.47 ,-14207.74 ,-13312.05 ,-10647.65 ,-7299.287 ,-1736.02 ,1297.112 ,1016.642 ,388.2699 ,128.9068 ,53.97214 ,27.75654 ,21.32648 ,15.568 ,7.6582 ,11.9795 ,7.04541 ,4.67882 ,4.87068 ,-1.70326 ,-0.02516 ,1.72061 ,0.67067 ,3.79906 ,5.39749 ,6.4861 ,-224.7996 ,-2957.312 ,-17546.9 ,-34630.86 ,-34463.61 ,-28909.14 ,-24636.45 ,-20840.99 ,-16894.22 ,-12857.08 ,-9002.333 ,-5657.666 ,-3092.284 ,-1426.299 ,-528.6833 ,-161.1264 ,-39.42732 ,-11.99626 ,-0.93017 ,-0.07906 ,1.9535 ,0.74438 
l3000e,2013-12-31,13:06:49,0,="",2025N,ZR3,2000.0,0,64,6,75,-5.67148 ,-6.66988 ,-4.2496 ,-0.87353 ,-0.11653 ,-898.2617 ,-21216.83 ,-17059.35 ,-17107.91 ,-16942.86 ,-16708.75 ,-16446.4 ,-16187.77 ,-15937.35 ,-15679.87 ,-15431.89 ,-15166.75 ,-14891.1 ,-14583.28 ,-14213.45 ,-13315.85 ,-10643.77 ,-7304.789 ,-1745.532 ,1295.903 ,1019.484 ,392.7198 ,132.4568 ,53.88533 ,29.20294 ,23.27658 ,17.1717 ,12.81184 ,9.99775 ,9.63285 ,5.51208 ,2.91388 ,0.6279 ,0.892 ,-0.59557 ,0.52047 ,0.21252 ,2.03297 ,-3.22699 ,-236.9732 ,-2972.188 ,-17566.13 ,-34652.79 ,-34485.81 ,-28919.95 ,-24650.41 ,-20849.61 ,-16890.8 ,-12856.72 ,-9004.793 ,-5657.899 ,-3090.424 ,-1419.716 ,-525.5183 ,-158.1864 ,-44.63282 ,-10.95092 ,-0.06717 ,1.40507 ,5.11419 ,0.74032 
l3000e,2013-12-31,13:06:53,0,="",2025N,ZR4,2000.0,0,64,6,76,-0.03192 ,0.91654 ,0.69398 ,-4.16697 ,-17.5094 ,-901.1659 ,-21210.87 ,-17079.09 ,-17099.21 ,-16959.36 ,-16710.62 ,-16453.21 ,-16192.6 ,-15942.79 ,-15688.93 ,-15430.92 ,-15180.87 ,-14897.19 ,-14593.7 ,-14221.68 ,-13321.66 ,-10649.87 ,-7302.365 ,-1738.146 ,1295.234 ,1021.233 ,390.5473 ,129.9183 ,54.21526 ,32.07075 ,25.83871 ,17.73605 ,12.68106 ,7.37714 ,0.70243 ,3.87873 ,1.88436 ,1.94238 ,-0.02194 ,1.68698 ,0.60848 ,1.80166 ,0.41709 ,-4.80893 ,-227.2909 ,-2957.86 ,-17558.53 ,-34676.25 ,-34513.9 ,-28939.19 ,-24660.39 ,-20845.7 ,-16892.83 ,-12854.57 ,-9011.277 ,-5660.103 ,-3097.624 ,-1421.938 ,-530.616 ,-159.1283 ,-41.18781 ,-9.5748 ,-1.031 ,1.53828 ,0.86386 ,2.38612 
l3000e,2013-12-31,13:06:58,0,="",2025N,ZR5,2000.0,0,64,6,77,1.40909 ,-0.05825 ,-5.23506 ,-4.6826 ,-12.62245 ,-911.8896 ,-21231.35 ,-17066.45 ,-17114.14 ,-16950.42 ,-16718.63 ,-16456.51 ,-16202.12 ,-15942.02 ,-15689.22 ,-15436.37 ,-15175.77 ,-14899.91 ,-14594.58 ,-14222.65 ,-13330.71 ,-10645.55 ,-7297.253 ,-1729.599 ,1291.373 ,1009.496 ,378.6953 ,125.5742 ,44.20464 ,23.59682 ,21.02436 ,20.48997 ,15.16764 ,6.49419 ,6.6026 ,6.91298 ,1.231 ,-1.81297 ,1.93278 ,2.19626 ,1.64723 ,-1.64623 ,-0.6781 ,-3.94164 ,-232.2549 ,-2969.754 ,-17584.24 ,-34697.48 ,-34530.92 ,-28957.08 ,-24669.97 ,-20851.61 ,-16891.99 ,-12858.18 ,-9001.571 ,-5658.593 ,-3098.454 ,-1421.475 ,-528.0561 ,-157.4092 ,-42.11084 ,-11.19034 ,-0.97642 ,1.97208 ,2.78186 ,4.36386 
l3000e,2013-12-31,13:07:02,0,="",2025N,ZR6,2000.0,0,64,6,78,-2.27878 ,-7.2002 ,-1.26651 ,-4.76779 ,-1.89345 ,-901.8557 ,-21238.88 ,-17070.97 ,-17108.63 ,-16952.39 ,-16714.87 ,-16453.24 ,-16191.7 ,-15940.63 ,-15690.19 ,-15432.84 ,-15176.35 ,-14898.91 ,-14588.8 ,-14220.86 ,-13331.04 ,-10661.05 ,-7314.812 ,-1746.16 ,1287.551 ,1013.425 ,380.8499 ,123.7742 ,47.64869 ,24.41098 ,21.12373 ,17.99399 ,14.41916 ,7.61288 ,4.38251 ,6.20244 ,0.20733 ,-3.49346 ,2.61131 ,2.71949 ,2.23897 ,3.20911 ,-3.93085 ,-1.42567 ,-234.8423 ,-2972.974 ,-17585.86 ,-34706.91 ,-34545.28 ,-28971.18 ,-24681.72 ,-20867.54 ,-16902.65 ,-12860.16 ,-9007.298 ,-5656.444 ,-3097.184 ,-1415.363 ,-527.1108 ,-157.1797 ,-42.99407 ,-10.46555 ,-0.01482 ,1.54888 ,2.03875 ,5.22933 
l3000e,2013-12-31,13:07:59,0,="",2025N,XR1,2000.0,0,64,6,79,0.08729 ,2.75408 ,-3.47968 ,2.55345 ,-3.1492 ,-794.4016 ,-4756.891 ,99.00434 ,31.26743 ,108.7817 ,144.9478 ,152.2343 ,158.1554 ,155.5115 ,155.5517 ,151.3221 ,153.7563 ,159.0313 ,171.8357 ,193.5797 ,638.4439 ,2280.306 ,3709.364 ,4680.304 ,3093.51 ,1140.259 ,309.141 ,65.83183 ,11.69877 ,4.45744 ,1.50813 ,0.42317 ,1.04357 ,0.70655 ,-0.12744 ,-0.10881 ,-0.37347 ,-0.57439 ,0.09131 ,-0.10659 ,0.10803 ,1.64691 ,-2.75271 ,-6.52405 ,-307.3083 ,-2748.359 ,-10174.35 ,-10549.2 ,-3129.797 ,575.6944 ,1262.626 ,1199.792 ,993.2875 ,750.0498 ,519.0019 ,324.494 ,173.9196 ,78.25753 ,27.70234 ,7.5258 ,1.68199 ,0.18452 ,-0.0643 ,-0.21945 ,0.40736 ,0.12546 
l3000e,2013-12-31,13:08:03,0,="",2025N,XR2,2000.0,0,64,6,80,1.16902 ,3.00433 ,-3.74743 ,0.30308 ,0.2322 ,-796.8751 ,-4751.821 ,104.0726 ,37.48469 ,109.4803 ,143.0308 ,156.7257 ,154.1486 ,159.6915 ,160.0874 ,149.936 ,161.5645 ,160.0539 ,176.7902 ,191.6228 ,650.3729 ,2273.471 ,3705.762 ,4681.368 ,3092.122 ,1146.323 ,298.2044 ,72.56571 ,12.53696 ,4.00364 ,2.29142 ,2.30516 ,-0.71433 ,0.71875 ,-0.05328 ,-0.1852 ,-0.52309 ,0.01993 ,-0.39393 ,-0.15306 ,-0.19659 ,0.90413 ,-1.55732 ,-6.78022 ,-321.5028 ,-2750.136 ,-10173.27 ,-10546.6 ,-3128.379 ,579.3574 ,1270.363 ,1201.981 ,993.7572 ,753.8162 ,523.0908 ,324.1436 ,175.4478 ,77.32628 ,27.2095 ,6.29298 ,2.03635 ,-0.27614 ,-0.07919 ,-0.17573 ,-0.36264 ,3.6496 
l3000e,2013-12-31,13:08:08,0,="",2025N,XR3,2000.0,0,64,6,81,0.16002 ,-2.1524 ,3.53134 ,-4.02781 ,2.41569 ,-799.4859 ,-4748.725 ,105.9748 ,35.45969 ,112.6838 ,146.0296 ,156.271 ,161.6275 ,159.6313 ,158.1211 ,159.9858 ,157.5588 ,162.6388 ,174.764 ,196.4648 ,648.2156 ,2286.197 ,3710.9 ,4680.891 ,3085.858 ,1147.151 ,302.0755 ,67.01112 ,13.64308 ,3.21359 ,3.23833 ,2.21017 ,1.42153 ,0.23027 ,-0.01413 ,-0.41091 ,0.52195 ,0.61791 ,-1.2973 ,-0.12333 ,0.03911 ,-0.2739 ,-0.69314 ,-8.68295 ,-316.0397 ,-2740.77 ,-10174.73 ,-10556.23 ,-3118.097 ,584.5765 ,1264.031 ,1209.185 ,996.3354 ,756.4951 ,523.1938 ,324.6225 ,176.159 ,78.63737 ,27.92044 ,7.7362 ,1.72294 ,-0.19103 ,-0.08137 ,-0.04215 ,0.07389 ,1.91917 
l3000e,2013-12-31,13:08:12,0,="",2025N,XR4,2000.0,0,64,6,82,-2.88475 ,-3.86254 ,4.81964 ,-2.79711 ,-5.45301 ,-798.6532 ,-4746.738 ,110.232 ,33.49618 ,116.0007 ,149.7781 ,158.2481 ,166.556 ,159.5287 ,161.0314 ,158.8064 ,160.7126 ,167.5354 ,174.2756 ,197.3916 ,645.059 ,2277.781 ,3712.97 ,4685.238 ,3086.812 ,1147.77 ,300.9019 ,67.52844 ,14.44697 ,4.37215 ,2.03837 ,1.59495 ,2.33104 ,0.19311 ,-0.11403 ,0.33726 ,-0.65833 ,0.86754 ,-0.42442 ,-0.55314 ,0.15055 ,-0.47297 ,-0.56641 ,-7.72127 ,-323.7363 ,-2754.85 ,-10175.13 ,-10542.99 ,-3122.083 ,585.5917 ,1269.554 ,1210.038 ,1000.993 ,755.6896 ,523.9342 ,325.6621 ,175.3704 ,78.62497 ,28.11991 ,7.31851 ,1.35167 ,0.48096 ,-0.25021 ,0.06256 ,-0.02739 ,-0.82916 
l3000e,2013-12-31,13:08:17,0,="",2025N,XR5,2000.0,0,64,6,83,0.91607 ,0.87668 ,-0.43714 ,2.58158 ,1.48504 ,-799.2608 ,-4743.395 ,109.203 ,37.01989 ,112.5196 ,154.6636 ,161.5049 ,164.4572 ,162.2332 ,162.9902 ,160.5879 ,162.7002 ,165.4324 ,178.5343 ,199.9494 ,649.1817 ,2280.709 ,3711.629 ,4681.304 ,3093.225 ,1143.463 ,305.6365 ,68.83328 ,14.04258 ,4.22787 ,1.43167 ,0.89441 ,1.70919 ,0.51039 ,-2.80149 ,1.2554 ,0.02507 ,-0.37927 ,0.36751 ,-0.5784 ,0.01291 ,0.13532 ,0.70392 ,-7.94861 ,-328.6353 ,-2742.937 ,-10174.94 ,-10546.02 ,-3120.097 ,595.7583 ,1270.026 ,1212.163 ,1002.163 ,759.9761 ,529.6865 ,322.5217 ,174.2455 ,79.69277 ,27.55022 ,7.38095 ,1.80068 ,0.08329 ,-0.40936 ,-0.21509 ,0.14702 ,-1.75822 
l3000e,2013-12-31,13:08:21,0,="",2025N,XR6,2000.0,0,64,6,84,0.55577 ,-1.53503 ,-1.51233 ,2.60826 ,1.58798 ,-795.6164 ,-4746.424 ,112.9635 ,39.53644 ,115.2844 ,153.0899 ,162.7924 ,164.0416 ,164.2341 ,161.5258 ,163.5708 ,161.604 ,168.0298 ,177.7101 ,201.5729 ,650.3687 ,2277.468 ,3709.758 ,4680.838 ,3091.878 ,1143.298 ,303.0445 ,68.86665 ,12.36067 ,4.1 ,1.73581 ,2.28281 ,0.94883 ,-0.42067 ,0.45412 ,0.45596 ,-0.55906 ,-0.33807 ,-0.02026 ,0.19225 ,-0.07313 ,0.81807 ,-1.00811 ,-3.31863 ,-311.2031 ,-2744.167 ,-10189.02 ,-10545.06 ,-3106.816 ,595.4903 ,1274.231 ,1216.354 ,1002.768 ,759.0128 ,526.1129 ,327.1129 ,175.195 ,78.38862 ,28.3421 ,7.26316 ,1.36072 ,0.26133 ,-0.07147 ,-0.27831 ,1.09403 ,-1.42338 
l3000e,2013-12-31,13:09:05,0,="",2025N,YR1,2000.0,0,64,6,85,-2.43858 ,-2.26111 ,7.60513 ,-5.3114 ,-5.44183 ,234.4099 ,416.7205 ,-164.6636 ,22.84113 ,73.02465 ,93.17345 ,118.645 ,116.3629 ,122.8646 ,133.5205 ,126.5559 ,128.3779 ,129.3862 ,121.0101 ,119.8603 ,3.06177 ,-449.6549 ,-781.7807 ,-732.0366 ,12.19299 ,338.6841 ,256.2863 ,143.6278 ,75.85415 ,46.80529 ,11.53533 ,14.62982 ,5.09679 ,-7.63249 ,9.31834 ,3.16129 ,-0.01669 ,-0.24033 ,0.43245 ,0.52403 ,-0.28775 ,-2.50761 ,2.95043 ,1.49342 ,65.45498 ,807.1596 ,2772.035 ,1429.303 ,-709.1555 ,-604.7869 ,-200.1106 ,14.30731 ,102.249 ,123.4952 ,107.6829 ,75.38965 ,45.60048 ,23.72794 ,9.30139 ,4.01809 ,1.82758 ,1.60365 ,-1.43889 ,0.40038 ,-0.19715 ,-2.28926 
l3000e,2013-12-31,13:09:10,0,="",2025N,YR2,2000.0,0,64,6,86,18.85248 ,-1.72288 ,36.17429 ,-18.17751 ,-26.37799 ,263.0991 ,397.8196 ,-144.6055 ,4.28585 ,74.94777 ,90.15927 ,90.84125 ,126.9469 ,125.3001 ,139.5864 ,119.2034 ,142.5305 ,126.0479 ,129.1112 ,121.8669 ,1.07326 ,-462.6128 ,-785.2167 ,-733.2064 ,21.7341 ,325.4106 ,267.8889 ,145.2552 ,74.47418 ,43.04088 ,18.95175 ,6.7523 ,4.74656 ,9.10262 ,0.6569 ,2.62749 ,-0.09709 ,-0.32479 ,-1.30617 ,1.3915 ,-0.67555 ,1.21531 ,4.37941 ,-0.30422 ,83.36175 ,817.1429 ,2771.653 ,1444.632 ,-706.3049 ,-610.9507 ,-202.1033 ,8.23584 ,103.1332 ,122.486 ,108.3613 ,78.91258 ,46.20564 ,21.1532 ,11.89594 ,3.48893 ,1.70533 ,0.60206 ,0.61893 ,-0.50493 ,0.30135 ,3.11866 
l3000e,2013-12-31,13:09:14,0,="",2025N,YR3,2000.0,0,64,6,87,1.56192 ,2.58652 ,2.88079 ,-0.11777 ,4.06192 ,233.5921 ,427.0063 ,-153.2017 ,25.39735 ,71.02476 ,96.95597 ,116.757 ,121.4393 ,127.0164 ,123.2932 ,125.721 ,131.3099 ,121.199 ,123.2871 ,128.1818 ,-0.27665 ,-438.6364 ,-805.4876 ,-734.9407 ,44.27717 ,309.079 ,278.3865 ,134.9628 ,82.29215 ,44.39276 ,19.15303 ,11.25601 ,2.19199 ,2.07215 ,3.65624 ,-0.24755 ,3.04797 ,-0.18724 ,-0.14484 ,-0.00884 ,-0.29011 ,-0.26119 ,1.47199 ,2.2891 ,71.25083 ,815.4183 ,2776.84 ,1437.83 ,-703.709 ,-607.6552 ,-181.9211 ,48.47491 ,92.41658 ,115.549 ,109.7165 ,76.61311 ,46.57339 ,24.16014 ,6.73558 ,5.60991 ,1.91191 ,0.81301 ,-1.16249 ,-0.1094 ,0.78969 ,-2.59546 
l3000e,2013-12-31,13:09:19,0,="",2025N,YR4,2000.0,0,64,6,88,-10.99969 ,3.99756 ,-9.74184 ,-2.26442 ,-3.46757 ,228.1146 ,426.3534 ,-161.8322 ,19.61973 ,67.06403 ,100.5905 ,117.3458 ,128.6936 ,136.7945 ,133.7593 ,134.6804 ,139.1662 ,131.8096 ,128.5618 ,122.9981 ,3.38913 ,-455.1527 ,-785.0119 ,-742.871 ,13.76326 ,342.4625 ,252.4715 ,144.368 ,84.48568 ,35.32792 ,19.49238 ,14.37715 ,5.14405 ,2.17515 ,-2.57153 ,4.16346 ,1.19712 ,0.7864 ,-0.75417 ,1.4053 ,-0.42102 ,-0.05701 ,2.01875 ,-57.3229 ,76.9631 ,880.3707 ,2830.999 ,1397.237 ,-725.7827 ,-584.7261 ,-207.4532 ,1.46119 ,126.8918 ,123.4408 ,108.9698 ,73.45028 ,44.07362 ,26.34388 ,10.98501 ,5.17528 ,0.84693 ,0.52306 ,-0.27135 ,0.81251 ,-1.57481 ,10.57679 
l3000e,2013-12-31,13:09:23,0,="",2025N,YR5,2000.0,0,64,6,89,10.44569 ,-5.79658 ,7.97124 ,0.2434 ,-1.3683 ,233.1007 ,422.0415 ,-155.8025 ,13.76492 ,68.19153 ,96.26625 ,112.1018 ,127.8959 ,128.2556 ,136.0035 ,132.1312 ,139.7095 ,133.1176 ,129.3706 ,129.2551 ,11.46044 ,-457.6079 ,-787.0245 ,-735.5087 ,25.41573 ,346.3378 ,258.3516 ,146.4109 ,77.41206 ,38.97914 ,16.45745 ,11.74466 ,6.35506 ,4.36357 ,-0.33061 ,0.84198 ,0.59073 ,1.79912 ,-1.01762 ,0.34171 ,-0.18927 ,4.05577 ,0.18253 ,-5.34137 ,67.43986 ,809.5347 ,2776.677 ,1429.554 ,-699.0227 ,-610.217 ,-195.1719 ,12.76147 ,105.1617 ,125.1723 ,112.5167 ,78.06705 ,49.60111 ,20.56478 ,10.96926 ,1.78316 ,2.71425 ,0.30851 ,0.33524 ,0.05796 ,-1.27607 ,1.89035 
l3000e,2013-12-31,13:09:27,0,="",2025N,YR6,2000.0,0,64,6,90,0.26322 ,-7.38173 ,2.52866 ,-4.58716 ,-2.97821 ,230.6571 ,427.8745 ,-161.0222 ,18.95705 ,72.20698 ,94.37203 ,111.69 ,124.1752 ,134.8724 ,137.2328 ,137.7713 ,136.004 ,132.5809 ,133.0021 ,121.1241 ,21.49306 ,-465.3295 ,-804.7487 ,-749.2481 ,25.98885 ,350.3748 ,247.571 ,146.5039 ,75.72487 ,40.38334 ,19.15041 ,14.2736 ,9.00067 ,3.59867 ,-0.04355 ,2.843 ,-0.73355 ,1.97279 ,-3.1905 ,2.49298 ,-0.62845 ,0.24491 ,-2.67886 ,19.07106 ,-69.97352 ,690.9372 ,2753.864 ,1602.869 ,-770.1983 ,-607.1498 ,-188.262 ,22.80297 ,103.6747 ,130.7438 ,116.6753 ,78.48601 ,44.9689 ,23.29218 ,11.00434 ,2.82745 ,0.23004 ,1.63868 ,0.52618 ,0.0715 ,-1.38637 ,4.24401 
l3000e,2013-12-31,13:10:56,0,="",2050N,ZR1,2000.0,0,64,6,91,2.31366 ,-3.758 ,-5.69748 ,-3.45677 ,-5.31282 ,-493.5906 ,-15761.3 ,-13423.65 ,-13372.32 ,-13239.67 ,-13053.41 ,-12840.46 ,-12638.71 ,-12439.08 ,-12243.72 ,-12041.88 ,-11838.21 ,-11622.1 ,-11379.55 ,-11097.82 ,-10512.21 ,-8863.39 ,-6611.183 ,-2392.521 ,565.4794 ,789.3651 ,368.1306 ,148.3545 ,69.2222 ,36.27237 ,27.31878 ,20.30224 ,14.91039 ,11.4794 ,6.94397 ,0.66416 ,-0.55273 ,0.42406 ,2.91241 ,-0.99011 ,1.66702 ,0.16447 ,-0.47525 ,-6.56536 ,-110.4348 ,-1606.825 ,-11158.73 ,-25228.19 ,-27211.9 ,-23256.08 ,-19730.03 ,-16585.14 ,-13377.97 ,-10129.88 ,-7050.218 ,-4397.793 ,-2377.491 ,-1081.194 ,-397.5595 ,-118.2306 ,-33.86106 ,-6.59218 ,1.15939 ,0.97845 ,2.77238 ,-1.92784 
l3000e,2013-12-31,13:11:00,0,="",2050N,ZR2,2000.0,0,64,6,92,-1.1479 ,-2.53129 ,1.07375 ,3.8086 ,0.64536 ,-488.9635 ,-15749.24 ,-13422.41 ,-13363.5 ,-13237.99 ,-13047.23 ,-12841.58 ,-12634.77 ,-12439.25 ,-12236.98 ,-12042.33 ,-11833.27 ,-11618.55 ,-11381.7 ,-11097.69 ,-10513.83 ,-8851.909 ,-6602.019 ,-2394.818 ,561.1645 ,783.1968 ,368.1979 ,139.7861 ,64.98618 ,35.24848 ,26.13716 ,17.55111 ,12.01794 ,7.11557 ,4.11907 ,3.37408 ,1.80796 ,1.9914 ,0.68744 ,2.29911 ,1.21476 ,-1.0167 ,1.48768 ,1.49887 ,-109.3247 ,-1609.422 ,-11164.77 ,-25226.43 ,-27204.84 ,-23252.84 ,-19722.19 ,-16585.5 ,-13369.1 ,-10127.28 ,-7052.751 ,-4400.774 ,-2380.215 ,-1079.737 ,-399.0603 ,-118.3676 ,-32.59278 ,-5.72956 ,-1.46607 ,2.88297 ,0.44539 ,3.3036 
l3000e,2013-12-31,13:11:05,0,="",2050N,ZR3,2000.0,0,64,6,93,0.25332 ,0.87244 ,-5.16111 ,-6.71905 ,-7.70735 ,-495.2464 ,-15749.15 ,-13425.71 ,-13368.97 ,-13238.46 ,-13044.74 ,-12840.42 ,-12638.74 ,-12430.58 ,-12238.16 ,-12038.76 ,-11834.91 ,-11617.8 ,-11381.16 ,-11094.7 ,-10516.27 ,-8862.169 ,-6604.527 ,-2384.583 ,560.4493 ,788.8422 ,363.9511 ,141.7894 ,66.58533 ,36.63836 ,27.86239 ,20.96994 ,22.12933 ,9.3312 ,1.59915 ,2.98322 ,-1.93643 ,1.22088 ,2.11401 ,0.29765 ,1.65901 ,1.45039 ,-2.78114 ,-3.01129 ,-119.5865 ,-1622.731 ,-11173.84 ,-25231.04 ,-27203.9 ,-23256.13 ,-19721.75 ,-16588.1 ,-13366.73 ,-10115.26 ,-7033.864 ,-4386.629 ,-2383.88 ,-1079.373 ,-399.578 ,-120.7315 ,-31.97641 ,-6.19093 ,-0.43 ,1.0849 ,0.4987 ,-0.15673 
l3000e,2013-12-31,13:11:09,0,="",2050N,ZR4,2000.0,0,64,6,94,-6.94755 ,-6.4801 ,-3.55882 ,-4.0052 ,-5.45203 ,-495.3077 ,-15745.89 ,-13424.81 ,-13364.14 ,-13236.15 ,-13044.99 ,-12836.56 ,-12633.03 ,-12433.18 ,-12239.89 ,-12038.87 ,-11834.79 ,-11621.63 ,-11383.48 ,-11096.79 ,-10513.89 ,-8861.239 ,-6611.27 ,-2392.899 ,559.9889 ,782.7497 ,368.5579 ,143.3666 ,68.5239 ,38.38039 ,32.21362 ,22.23481 ,16.12613 ,7.74883 ,4.78736 ,0.2327 ,1.59507 ,1.71198 ,1.55347 ,-0.23194 ,1.70211 ,-2.61272 ,-1.76894 ,2.01985 ,-111.1708 ,-1618.568 ,-11174.66 ,-25223.15 ,-27199.85 ,-23241.05 ,-19718.6 ,-16578.4 ,-13366.45 ,-10122.37 ,-7051.006 ,-4396.772 ,-2379.324 ,-1075.248 ,-397.1549 ,-118.3685 ,-31.99805 ,-6.26001 ,-2.46195 ,1.46709 ,0.9399 ,-1.57828 
l3000e,2013-12-31,13:11:14,0,="",2050N,ZR5,2000.0,0,64,6,95,-6.39353 ,-0.55877 ,-2.17552 ,0.57865 ,3.19239 ,-486.2165 ,-15749.46 ,-13419.95 ,-13361.25 ,-13237.38 ,-13042.76 ,-12840.28 ,-12636.81 ,-12431.6 ,-12236.3 ,-12034.2 ,-11834.18 ,-11615.62 ,-11380.7 ,-11093.9 ,-10510.43 ,-8861.836 ,-6607.398 ,-2385.644 ,561.8542 ,782.6037 ,367.104 ,138.778 ,65.96139 ,37.02057 ,24.08941 ,16.51222 ,9.55549 ,6.33616 ,7.24086 ,3.32243 ,4.48397 ,0.39559 ,-0.36505 ,2.09924 ,0.90809 ,3.54738 ,1.62254 ,5.49406 ,-102.4357 ,-1606.069 ,-11149.61 ,-25204.77 ,-27198.15 ,-23244.2 ,-19715.08 ,-16577.41 ,-13365.96 ,-10124.71 ,-7055.802 ,-4401.379 ,-2379.274 ,-1081.444 ,-400.1705 ,-117.3666 ,-29.64261 ,-8.35327 ,-0.86312 ,1.58192 ,2.6294 ,3.57191 
l3000e,2013-12-31,13:11:18,0,="",2050N,ZR6,2000.0,0,64,6,96,-7.16134 ,-2.70489 ,-4.57161 ,-5.03564 ,-4.56586 ,-498.0502 ,-15756.81 ,-13425.27 ,-13369.35 ,-13240.63 ,-13050.48 ,-12844.22 ,-12639.92 ,-12437.71 ,-12243.14 ,-12045.04 ,-11845.95 ,-11627.31 ,-11384.37 ,-11102.42 ,-10519.09 ,-8861.957 ,-6609.959 ,-2393.542 ,556.282 ,774.8611 ,364.7861 ,136.3249 ,62.90007 ,39.24752 ,30.20371 ,23.16386 ,15.47485 ,6.94214 ,7.55375 ,5.22516 ,1.61781 ,-0.58024 ,3.38218 ,2.23606 ,0.66703 ,-3.07725 ,-0.20631 ,-3.72687 ,-101.8969 ,-1604.777 ,-11161.54 ,-25234.82 ,-27211.87 ,-23258.1 ,-19728.22 ,-16592.61 ,-13372.68 ,-10123.98 ,-7052.936 ,-4398.816 ,-2382.006 ,-1078.706 ,-395.9011 ,-115.4781 ,-32.32406 ,-7.50177 ,-0.09447 ,1.12667 ,4.5159 ,-3.98151 
l3000e,2013-12-31,13:11:45,0,="",2050N,XR1,2000.0,0,64,6,97,-1.55726 ,-0.25718 ,0.17656 ,-1.1174 ,2.00295 ,-747.1746 ,-5611.813 ,207.7664 ,144.8684 ,241.3931 ,286.5023 ,297.8231 ,303.16 ,295.7549 ,296.2989 ,294.6979 ,295.7642 ,298.0917 ,304.642 ,327.6133 ,760.9267 ,2401.585 ,3995.785 ,5370.632 ,3835.62 ,1531.528 ,423.1944 ,102.6507 ,26.35905 ,7.90502 ,3.71989 ,2.84715 ,2.9896 ,0.95405 ,0.24123 ,-0.74022 ,-0.22054 ,0.2203 ,-0.70347 ,0.2037 ,-0.21338 ,0.00508 ,-0.33637 ,0.09472 ,-272.488 ,-2554.293 ,-10651.02 ,-12438.19 ,-4156.122 ,657.3194 ,1622.657 ,1580.728 ,1313.514 ,999.3237 ,690.6505 ,427.8403 ,231.1055 ,102.4208 ,36.20986 ,9.14362 ,2.29713 ,0.85304 ,-0.34032 ,0.38924 ,-0.31637 ,-1.97605 
l3000e,2013-12-31,13:11:50,0,="",2050N,XR2,2000.0,0,64,6,98,1.26637 ,2.0053 ,0.95905 ,0.36536 ,1.24162 ,-743.2998 ,-5612.551 ,213.684 ,146.1055 ,243.8836 ,287.2342 ,302.1839 ,303.5607 ,299.647 ,299.3231 ,291.8695 ,298.8699 ,297.652 ,310.9678 ,333.2296 ,752.4277 ,2417.94 ,4011.718 ,5369.28 ,3839.364 ,1521.394 ,428.7487 ,97.6009 ,28.47992 ,9.46898 ,2.80064 ,3.61208 ,0.85247 ,1.6235 ,-0.54176 ,-0.24633 ,-0.17673 ,-0.25042 ,-0.27534 ,-0.02711 ,-0.05606 ,0.43363 ,-0.32628 ,-5.96386 ,-262.5703 ,-2546.847 ,-10658.13 ,-12435.47 ,-4137.368 ,658.976 ,1630.28 ,1583.607 ,1315.955 ,1000.556 ,691.0657 ,429.5443 ,231.2066 ,103.8737 ,36.15369 ,9.88173 ,2.06128 ,0.43573 ,-0.53992 ,0.12889 ,0.32769 ,-0.35813 
l3000e,2013-12-31,13:11:54,0,="",2050N,XR3,2000.0,0,64,6,99,0.65372 ,-1.31384 ,-1.36599 ,0.56094 ,-0.29092 ,-744.4236 ,-5607.667 ,215.2752 ,149.0765 ,246.1424 ,290.9189 ,304.473 ,304.2378 ,305.7671 ,295.4558 ,301.9274 ,300.8726 ,294.9035 ,316.7656 ,328.3698 ,765.5255 ,2422.642 ,4008.593 ,5377.764 ,3832.748 ,1523.196 ,417.8153 ,108.0806 ,24.43738 ,6.89609 ,2.36553 ,4.476 ,0.79334 ,-0.56129 ,1.31011 ,-0.23263 ,-0.11542 ,-0.05719 ,0.07618 ,-0.1923 ,0.15285 ,0.08167 ,-0.00141 ,-8.0728 ,-259.0937 ,-2551.978 ,-10656.82 ,-12428.81 ,-4134.886 ,662.5338 ,1638.884 ,1586.065 ,1316.769 ,1000.955 ,694.2568 ,428.7678 ,233.1937 ,103.5979 ,36.27211 ,9.75055 ,2.15566 ,0.01196 ,0.11704 ,-0.16245 ,0.18884 ,-1.1286 
l3000e,2013-12-31,13:11:59,0,="",2050N,XR4,2000.0,0,64,6,100,0.11525 ,1.53331 ,-3.59586 ,0.60014 ,0.1716 ,-744.5722 ,-5606.623 ,217.8668 ,150.1919 ,252.1511 ,292.3012 ,309.2576 ,301.1438 ,309.7009 ,305.0182 ,297.9948 ,301.8251 ,307.4881 ,308.8629 ,337.7219 ,764.7478 ,2395.126 ,4002.308 ,5376.488 ,3839.611 ,1516.284 ,432.2635 ,100.5222 ,24.36918 ,7.14153 ,3.38402 ,0.57021 ,0.46499 ,2.65674 ,0.19756 ,0.43074 ,-0.07184 ,-0.10536 ,-0.15735 ,0.00815 ,-0.23132 ,0.26667 ,-0.37266 ,0.90562 ,-264.3894 ,-2543.233 ,-10653.87 ,-12428.75 ,-4132.454 ,664.3846 ,1641.575 ,1588.599 ,1318.245 ,1004.082 ,694.9125 ,431.2912 ,232.0989 ,103.1094 ,37.06391 ,9.55096 ,1.61981 ,0.56211 ,0.0431 ,-0.14142 ,0.13849 ,0.68055 
l3000e,2013-12-31,13:12:03,0,="",2050N,XR5,2000.0,0,64,6,101,-1.05705 ,1.50707 ,0.26617 ,0.53658 ,1.73212 ,-744.6121 ,-5610.827 ,217.9999 ,144.0831 ,267.7318 ,285.9391 ,304.018 ,307.7358 ,322.8252 ,290.7554 ,308.8225 ,300.1368 ,304.0707 ,319.2882 ,335.0828 ,763.5329 ,2400.615 ,4011.634 ,5380.344 ,3840.494 ,1516.475 ,437.5475 ,95.96314 ,22.47277 ,11.51065 ,5.44315 ,3.86921 ,1.04094 ,1.84252 ,-1.02867 ,-1.27835 ,2.37849 ,-0.71067 ,0.7762 ,-0.56727 ,0.02016 ,0.14537 ,-2.01154 ,1.09305 ,-256.669 ,-2535.015 ,-10645.94 ,-12435.34 ,-4125.864 ,664.866 ,1640.104 ,1589.917 ,1322.481 ,1010.509 ,692.9517 ,432.4593 ,229.8253 ,105.1536 ,37.06728 ,10.19091 ,2.10537 ,0.19774 ,-0.29912 ,0.23756 ,0.21443 ,1.7081 
l3000e,2013-12-31,13:12:08,0,="",2050N,XR6,2000.0,0,64,6,102,0.57246 ,1.41854 ,-0.04503 ,3.96222 ,-1.86167 ,-745.1525 ,-5604.584 ,223.3126 ,149.1908 ,255.2021 ,290.1095 ,309.8537 ,311.5889 ,308.9621 ,305.8292 ,303.7611 ,308.9615 ,303.1618 ,317.942 ,338.3625 ,773.2378 ,2418.817 ,4008.66 ,5369.256 ,3842.295 ,1524.349 ,432.3506 ,98.322 ,26.01035 ,8.81117 ,2.84454 ,4.25156 ,3.5559 ,-1.10448 ,-0.35932 ,0.52348 ,-0.02101 ,0.15086 ,-0.10431 ,-0.81711 ,0.35914 ,-0.47802 ,1.48565 ,-9.50103 ,-278.3716 ,-2533.779 ,-10647.78 ,-12432.24 ,-4127.837 ,667.7978 ,1646.102 ,1591.732 ,1324.452 ,1007.261 ,696.9192 ,432.6911 ,232.9 ,104.2549 ,37.11953 ,9.39862 ,2.02949 ,0.58439 ,0.25545 ,-0.33127 ,-0.15287 ,0.91516 
l3000e,2013-12-31,13:12:45,0,="",2050N,YR1,2000.0,0,64,6,103,-8.61771 ,14.4416 ,2.94626 ,2.11911 ,1.61147 ,171.2287 ,473.9862 ,-190.1675 ,10.17121 ,55.58918 ,88.106 ,110.1795 ,108.1453 ,122.6017 ,121.7801 ,123.6247 ,124.9571 ,131.7862 ,122.2348 ,120.572 ,26.76332 ,-341.8499 ,-669.711 ,-704.267 ,-23.8652 ,309.3272 ,267.1725 ,153.3011 ,86.19146 ,40.7483 ,20.52104 ,6.9578 ,3.91763 ,1.76944 ,6.61198 ,-0.40019 ,3.2591 ,-0.79962 ,1.35347 ,-0.5155 ,-0.24475 ,1.89098 ,6.10045 ,-4.18043 ,36.89365 ,597.1246 ,2401.493 ,1532.132 ,-568.3075 ,-616.5038 ,-215.0146 ,6.06147 ,102.6439 ,125.8024 ,107.3004 ,78.61573 ,48.42742 ,24.39119 ,8.15293 ,4.40119 ,3.02986 ,-0.24844 ,0.3319 ,-0.67525 ,1.16367 ,-1.16532 
l3000e,2013-12-31,13:12:50,0,="",2050N,YR2,2000.0,0,64,6,104,2.05208 ,1.68243 ,-1.46653 ,1.76758 ,3.94478 ,179.6806 ,468.9665 ,-193.8923 ,12.03544 ,76.78343 ,77.33726 ,105.406 ,111.4967 ,122.9307 ,125.2197 ,130.664 ,132.3472 ,132.9774 ,130.3503 ,125.2578 ,28.88832 ,-333.9625 ,-655.5836 ,-699.198 ,-40.76154 ,321.3264 ,265.2236 ,153.6367 ,83.39489 ,44.33663 ,20.6226 ,8.23917 ,0.65302 ,6.97585 ,5.0395 ,1.00614 ,3.07979 ,-0.19829 ,-0.20359 ,-0.0268 ,-0.36093 ,0.77858 ,3.58941 ,0.4115 ,52.88725 ,605.9761 ,2414.326 ,1505.693 ,-540.5543 ,-622.783 ,-210.8639 ,5.85049 ,94.46437 ,122.0545 ,111.447 ,79.48505 ,49.66884 ,23.11564 ,11.55452 ,3.76105 ,2.74453 ,-0.68541 ,0.29882 ,0.44416 ,1.06132 ,3.95376 
l3000e,2013-12-31,13:12:54,0,="",2050N,YR3,2000.0,0,64,6,105,2.62056 ,2.14998 ,0.51314 ,1.19309 ,4.45081 ,175.2948 ,462.8496 ,-178.5327 ,14.25021 ,62.24692 ,96.25615 ,108.0116 ,117.6002 ,121.185 ,120.6293 ,123.704 ,123.031 ,128.4792 ,131.3152 ,122.3357 ,27.77153 ,-354.4691 ,-660.1295 ,-682.5645 ,-30.86601 ,322.2521 ,263.0934 ,159.0173 ,86.36923 ,43.48185 ,20.94757 ,10.44924 ,1.61968 ,2.25975 ,5.49673 ,-0.75768 ,3.04624 ,0.14616 ,0.2365 ,0.1782 ,0.30952 ,1.97335 ,2.83977 ,3.6689 ,54.73197 ,609.4358 ,2401.629 ,1528.325 ,-567.1828 ,-614.6126 ,-179.2372 ,-17.38473 ,103.6276 ,127.145 ,106.8703 ,78.5995 ,48.04693 ,23.38927 ,7.77254 ,4.69555 ,2.73411 ,-0.11328 ,0.25624 ,-0.88785 ,1.50705 ,0.50734 
l3000e,2013-12-31,13:12:59,0,="",2050N,YR4,2000.0,0,64,6,106,0.51833 ,-2.51781 ,-1.15074 ,-5.50493 ,-3.37795 ,178.3246 ,463.4315 ,-180.7807 ,14.57585 ,69.31559 ,90.96558 ,121.7491 ,113.7518 ,135.467 ,131.9248 ,127.9976 ,137.4484 ,122.7644 ,131.4212 ,108.075 ,45.06265 ,-358.5354 ,-671.8521 ,-674.8206 ,-23.51304 ,281.5038 ,270.6423 ,156.3277 ,79.67288 ,46.41371 ,17.89561 ,13.85149 ,7.42404 ,1.47502 ,-0.79238 ,3.23867 ,1.18174 ,-0.14934 ,-0.30852 ,2.02152 ,-0.56714 ,-1.323 ,-2.84039 ,0.43078 ,52.90331 ,604.8462 ,2400.688 ,1530.62 ,-566.44 ,-604.3591 ,-212.7752 ,10.51525 ,107.4058 ,133.8784 ,110.6007 ,83.74965 ,43.00054 ,24.67437 ,9.68575 ,5.19968 ,1.15201 ,2.00554 ,-1.07376 ,-0.0066 ,1.57588 ,-1.02585 
l3000e,2013-12-31,13:13:03,0,="",2050N,YR5,2000.0,0,64,6,107,-4.39216 ,5.79082 ,3.71337 ,-1.22322 ,-1.02604 ,177.2972 ,459.7518 ,-183.3689 ,7.90262 ,56.48471 ,92.06643 ,105.1301 ,119.5067 ,131.1061 ,129.691 ,134.3473 ,133.8705 ,134.184 ,132.4444 ,119.3447 ,38.13375 ,-291.3245 ,-629.2955 ,-710.1248 ,-62.81195 ,331.6548 ,271.6079 ,152.1728 ,83.04803 ,45.96599 ,17.86733 ,8.45608 ,6.9789 ,5.2318 ,1.37454 ,0.49554 ,1.41195 ,0.7289 ,0.25122 ,0.23037 ,-0.1261 ,-6.44556 ,2.99045 ,8.52211 ,46.97125 ,594.0703 ,2399.977 ,1536.094 ,-576.5731 ,-607.9854 ,-206.5934 ,2.58997 ,107.8592 ,133.231 ,117.6674 ,84.19872 ,54.45006 ,23.39999 ,10.27525 ,0.87774 ,2.73893 ,-0.60916 ,0.47827 ,-0.35686 ,-0.46463 ,4.62533 
l3000e,2013-12-31,13:13:07,0,="",2050N,YR6,2000.0,0,64,6,108,5.28956 ,-2.45068 ,6.29732 ,6.23204 ,-0.46161 ,178.1623 ,465.1613 ,-181.375 ,5.20295 ,63.18206 ,91.35024 ,103.6591 ,126.1609 ,125.2261 ,132.3033 ,132.8187 ,133.9462 ,144.2006 ,120.6013 ,126.9402 ,24.9627 ,-335.3087 ,-656.7981 ,-696.2911 ,-23.53115 ,316.2358 ,260.672 ,158.6409 ,88.60911 ,39.7198 ,22.76945 ,10.67775 ,3.12345 ,2.84327 ,2.77154 ,-0.37085 ,2.53978 ,2.03624 ,-2.46623 ,0.45065 ,0.35538 ,0.02329 ,6.27392 ,-22.91664 ,38.93813 ,605.1982 ,2415.056 ,1534.562 ,-577.9553 ,-599.0044 ,-213.645 ,7.46663 ,105.7848 ,124.9804 ,113.2583 ,82.80105 ,53.68902 ,20.22966 ,10.10662 ,4.60722 ,2.8493 ,0.65311 ,-0.07047 ,-0.21159 ,-0.99532 ,0.17326 
