eb-21-52,7/19/2021,9:32:26 AM,0,="",20,ZR1,2000.0,0,64,2,1,9.67881 ,9.01467 ,8.83691 ,5.34302 ,-0.5257 ,2883.462 ,44508.16 ,37691.33 ,38198.47 ,38120.66 ,37750.43 ,37284.49 ,36813.58 ,36355.08 ,35892.72 ,35419.82 ,34912.28 ,34354.94 ,33697.45 ,32677.51 ,22901.7 ,8445.832 ,3843.649 ,1061.767 ,291.2921 ,116.8825 ,75.46721 ,57.32636 ,47.90607 ,29.88409 ,16.75275 ,15.79351 ,4.99342 ,7.10444 ,2.1043 ,2.16303 ,2.62076 ,0.9922 ,0.70178 ,0.60148 ,0.40352 ,0.18724 ,0.07857 ,0.17929 ,444.1002 ,5803.502 ,22566.56 ,57626.74 ,74049.6 ,71333.1 ,65106.51 ,57364.87 ,48519.44 ,39053.24 ,29154.31 ,19832.26 ,12030.59 ,6296.697 ,2792.728 ,1037.263 ,334.1226 ,91.4231 ,25.0067 ,4.34038 ,-0.24469 ,-0.46922 ,-0.43607 ,-0.8566 
eb-21-52,7/19/2021,9:32:36 AM,0,="",20,ZR2,2000.0,0,64,2,2,-0.64821 ,-1.17757 ,-11.68924 ,-14.75572 ,-12.56794 ,2875.303 ,44517.39 ,37694.32 ,38200.26 ,38120.57 ,37751.1 ,37287.72 ,36819.3 ,36355.99 ,35895.84 ,35422.2 ,34910.04 ,34354.6 ,33703.82 ,32670.78 ,22919.22 ,8459.357 ,3856.841 ,1071.414 ,303.7741 ,108.7967 ,77.73987 ,62.6943 ,44.69177 ,29.89058 ,21.10718 ,13.62274 ,7.92455 ,5.42076 ,3.32001 ,1.90589 ,1.43373 ,1.08762 ,1.08862 ,0.82006 ,0.38244 ,0.22909 ,0.1202 ,0.14742 ,449.6809 ,5812.957 ,22562.76 ,57611.93 ,74062.58 ,71335.12 ,65093.64 ,57359.21 ,48517.37 ,39048.08 ,29148.26 ,19838.89 ,12013.5 ,6311.446 ,2805.611 ,1029.997 ,322.9804 ,101.6133 ,22.49492 ,5.22992 ,1.18043 ,-0.52046 ,-0.80454 ,-4.57914 
eb-21-52,7/19/2021,9:32:50 AM,0,="",20,ZR3,2000.0,0,64,2,3,3.44595 ,-1.78078 ,-22.40681 ,-17.55107 ,-12.16725 ,2877.654 ,44526.18 ,37693.82 ,38208.63 ,38121.48 ,37753.35 ,37294.74 ,36824.93 ,36367.99 ,35910.72 ,35432.7 ,34921.54 ,34361.64 ,33709.08 ,32671.88 ,22910.86 ,8446.574 ,3846.24 ,1057.772 ,295.4315 ,122.4944 ,74.27109 ,55.78498 ,48.09802 ,30.88169 ,20.35108 ,12.84173 ,8.02618 ,4.83512 ,3.992 ,1.86749 ,1.67455 ,1.30685 ,0.99984 ,0.93315 ,0.47099 ,0.32647 ,0.16235 ,-0.85681 ,452.9753 ,5824.49 ,22583.52 ,57629.36 ,74078.15 ,71365.69 ,65139.36 ,57389.07 ,48542.29 ,39069.37 ,29157.49 ,19835.11 ,12005.9 ,6296.669 ,2798.456 ,1034.609 ,327.8947 ,98.27634 ,25.44337 ,4.52822 ,-0.52511 ,-0.61927 ,-0.17811 ,-3.62611 
eb-21-52,7/19/2021,9:32:59 AM,0,="",20,ZR4,2000.0,0,64,2,4,-2.44443 ,5.68339 ,7.6726 ,16.04527 ,7.026 ,2882.11 ,44507.76 ,37696.56 ,38208.56 ,38127.37 ,37761.1 ,37294.24 ,36829.42 ,36374.28 ,35916.63 ,35441.26 ,34927.25 ,34371.85 ,33723.91 ,32679 ,22917.98 ,8449.701 ,3845.366 ,1059.149 ,299.21 ,106.989 ,81.53808 ,56.8598 ,47.33614 ,30.42674 ,21.51243 ,12.89297 ,9.01575 ,5.28152 ,3.80276 ,2.07165 ,1.53434 ,1.13129 ,1.19789 ,0.8011 ,0.13347 ,0.23675 ,0.00586 ,0.167 ,433.0986 ,5788.267 ,22540.84 ,57612.47 ,74077.36 ,71354.9 ,65120.86 ,57375.21 ,48531.12 ,39074.72 ,29172.48 ,19857.88 ,12028.21 ,6297.895 ,2789.308 ,1028.812 ,340.1655 ,88.91161 ,24.77817 ,3.75071 ,2.31318 ,-0.37478 ,-0.93542 ,4.48153 
eb-21-52,7/19/2021,9:35:05 AM,0,="",30,ZR1,2000.0,0,64,2,5,-6.88688 ,-1.63742 ,-12.64947 ,4.67175 ,-12.10348 ,2853.06 ,43895.51 ,37222.43 ,37701.18 ,37636.09 ,37267.21 ,36808.4 ,36343.51 ,35880.31 ,35437.69 ,34958.68 ,34461.91 ,33908.41 ,33268.92 ,32244.06 ,22605.45 ,8309.189 ,3807.541 ,1079.501 ,277.8946 ,103.6504 ,81.05673 ,54.71406 ,47.49021 ,33.5152 ,17.07421 ,15.73218 ,5.85747 ,3.54666 ,3.98209 ,2.61396 ,1.13127 ,0.69891 ,1.58817 ,0.32053 ,0.66817 ,0.37251 ,0.08758 ,0.66866 ,435.4859 ,5666.403 ,22147.08 ,56800.75 ,73137.16 ,70456.13 ,64309.54 ,56657.21 ,47919.53 ,38586.45 ,28794.38 ,19577.95 ,11846.71 ,6202.474 ,2759.174 ,1026.356 ,317.8485 ,98.28663 ,22.19494 ,5.29534 ,0.40423 ,-0.64741 ,-0.55848 ,-2.25666 
eb-21-52,7/19/2021,9:35:14 AM,0,="",30,ZR2,2000.0,0,64,2,6,-1.68595 ,7.69421 ,-14.29922 ,1.18414 ,-6.07617 ,2827.731 ,43920.95 ,37196.71 ,37709.95 ,37636.43 ,37257.08 ,36808.26 ,36347.51 ,35880.31 ,35432.89 ,34957.93 ,34464.54 ,33913.31 ,33276.01 ,32252.41 ,22657.43 ,8362.501 ,3797.559 ,1035.557 ,301.666 ,112.0894 ,76.25898 ,54.51585 ,43.09547 ,32.78436 ,17.6465 ,13.27195 ,6.90749 ,5.27872 ,2.87434 ,2.24041 ,1.7815 ,1.23783 ,0.64019 ,0.7895 ,0.72601 ,0.2667 ,0.11744 ,-0.71257 ,403.4861 ,5623.274 ,22133.74 ,56852.79 ,73189.7 ,70447.1 ,64280.76 ,56656.84 ,47896.36 ,38568.43 ,28787.17 ,19586.66 ,11861.68 ,6212.737 ,2753.588 ,1023.496 ,327.4095 ,93.35694 ,23.2637 ,4.89808 ,0.28245 ,-0.55192 ,-0.31941 ,-1.03948 
eb-21-52,7/19/2021,9:35:23 AM,0,="",30,ZR3,2000.0,0,64,2,7,-7.61973 ,-0.41049 ,-1.53779 ,-2.69762 ,1.69013 ,2830.855 ,43926.23 ,37198.93 ,37700.8 ,37629.27 ,37260.12 ,36805.08 ,36345.35 ,35891.28 ,35440.5 ,34965.46 ,34456.65 ,33907.6 ,33271.01 ,32255.71 ,22671.41 ,8386.393 ,3818.442 ,1054.204 ,282.0652 ,124.2054 ,71.48659 ,54.8614 ,49.02174 ,30.94892 ,20.47816 ,12.3537 ,7.93321 ,4.40417 ,3.14718 ,2.37536 ,1.5463 ,1.11526 ,0.88364 ,0.61133 ,0.41756 ,0.16255 ,0.10328 ,0.77299 ,429.257 ,5676.098 ,22155.63 ,56819.25 ,73157.4 ,70472.58 ,64315.17 ,56659.85 ,47913.5 ,38566.78 ,28777.61 ,19581.28 ,11850.99 ,6203.876 ,2752.259 ,1021.59 ,326.0525 ,95.17938 ,26.55577 ,2.04479 ,1.15016 ,-0.68282 ,-0.23874 ,-0.02896 
eb-21-52,7/19/2021,9:35:32 AM,0,="",30,ZR4,2000.0,0,64,2,8,-4.08799 ,0.53183 ,9.13083 ,3.75002 ,-4.31606 ,2826.852 ,43929.52 ,37202.63 ,37703.93 ,37628.08 ,37266.83 ,36815.01 ,36345.82 ,35892.07 ,35439.28 ,34963.35 ,34462.08 ,33912.44 ,33276.04 ,32251.32 ,22644.08 ,8356.181 ,3809.94 ,1061.097 ,285.9677 ,110.0537 ,80.51479 ,55.09032 ,47.42604 ,28.01253 ,21.91375 ,11.86188 ,7.88486 ,5.77415 ,2.87332 ,2.78659 ,1.9488 ,0.97899 ,0.7163 ,0.54989 ,0.68549 ,0.03858 ,0.01328 ,-0.40148 ,429.7206 ,5661.697 ,22134.68 ,56797.76 ,73130.18 ,70454.9 ,64298.19 ,56651.89 ,47909.7 ,38564.7 ,28786.4 ,19592.75 ,11863.09 ,6210.674 ,2750.958 ,1020.862 ,325.0104 ,94.9226 ,23.05549 ,4.84116 ,1.01958 ,-0.84473 ,-0.29775 ,-0.79058 
eb-21-52,7/19/2021,9:36:19 AM,0,="",40,ZR1,2000.0,0,64,2,9,-3.23322 ,-3.90731 ,-5.29358 ,-6.97082 ,-5.7498 ,2752.547 ,43196.11 ,36609.76 ,37083.7 ,37025.77 ,36669.13 ,36215.6 ,35763.25 ,35311.09 ,34865.17 ,34397.57 ,33908.99 ,33361.71 ,32729.65 ,31730.45 ,22299.92 ,8247.619 ,3757.523 ,1040.065 ,289.0712 ,95.78506 ,89.20192 ,48.52378 ,44.71611 ,30.68991 ,17.95582 ,10.43362 ,7.72549 ,5.03506 ,2.60329 ,2.80326 ,1.75303 ,1.34847 ,0.5925 ,2.69639 ,-1.35854 ,0.36866 ,0.00769 ,-0.07483 ,414.0085 ,5527.115 ,21697.05 ,55815.36 ,71962.18 ,69344.42 ,63277.84 ,55752.65 ,47144.97 ,37955.48 ,28319.99 ,19269.29 ,11657.86 ,6105.922 ,2708.036 ,1003.943 ,317.866 ,97.54231 ,20.32821 ,4.93137 ,1.75498 ,-0.71252 ,-0.47328 ,-1.35048 
eb-21-52,7/19/2021,9:36:28 AM,0,="",40,ZR2,2000.0,0,64,2,10,-7.71156 ,-12.79122 ,-3.18367 ,2.28666 ,5.78617 ,2765.293 ,43206.51 ,36608.4 ,37092.03 ,37023.63 ,36668.36 ,36215.56 ,35762.03 ,35314.21 ,34872.97 ,34403.34 ,33910.94 ,33371.28 ,32735.73 ,31725.15 ,22287.64 ,8227.329 ,3732.356 ,1020.223 ,288.0539 ,123.5837 ,68.51291 ,58.07986 ,43.3026 ,29.17675 ,18.92371 ,12.91488 ,7.95316 ,5.66816 ,2.25042 ,2.58708 ,1.29065 ,1.60514 ,0.68895 ,0.43145 ,-0.01972 ,0.28207 ,0.09488 ,0.83299 ,412.4041 ,5512.975 ,21680.97 ,55835.65 ,71992.3 ,69357.05 ,63294.67 ,55756.77 ,47141.83 ,37959.28 ,28328.25 ,19263.34 ,11645.41 ,6114.032 ,2706.559 ,1004.47 ,313.8522 ,96.08085 ,23.33253 ,4.18519 ,0.83702 ,-0.04734 ,-0.54271 ,0.83248 
eb-21-52,7/19/2021,9:36:37 AM,0,="",40,ZR3,2000.0,0,64,2,11,-15.14216 ,44.1048 ,-17.66987 ,1.0693 ,-15.16153 ,2749.123 ,43211.31 ,36603.73 ,37093.2 ,37016.74 ,36660.7 ,36206.17 ,35753.72 ,35307.57 ,34863.75 ,34391.35 ,33901.9 ,33360.23 ,32722.43 ,31723.56 ,22258.37 ,8218.967 ,3751.193 ,1042.449 ,301.3883 ,100.3844 ,73.33977 ,59.07931 ,42.18327 ,31.15108 ,18.15578 ,10.78242 ,7.65155 ,5.26433 ,3.20783 ,2.08356 ,1.75184 ,1.09908 ,0.69279 ,0.50515 ,0.53306 ,0.24121 ,0.1823 ,0.75952 ,416.5029 ,5521.303 ,21666.4 ,55793.08 ,71941.75 ,69320.95 ,63260.89 ,55732.33 ,47136.71 ,37957.64 ,28335.76 ,19276.64 ,11667.63 ,6100.542 ,2699.203 ,1014.52 ,313.9037 ,97.4671 ,18.76045 ,4.61429 ,2.85884 ,-1.04938 ,-0.55384 ,-0.14598 
eb-21-52,7/19/2021,9:36:46 AM,0,="",40,ZR4,2000.0,0,64,2,12,14.34877 ,10.42519 ,-0.78628 ,-6.35967 ,-1.575 ,2763.312 ,43210.31 ,36595.05 ,37088.06 ,37011.38 ,36654.44 ,36210.5 ,35752.43 ,35309.23 ,34857.96 ,34400.03 ,33905.11 ,33361.74 ,32732.11 ,31722.51 ,22246.9 ,8183.278 ,3726.721 ,1034.393 ,288.9114 ,106.6179 ,76.24962 ,56.69333 ,46.44547 ,29.79065 ,17.88766 ,11.43023 ,7.7648 ,5.06408 ,3.00854 ,1.82588 ,1.79864 ,1.28753 ,0.79311 ,0.83911 ,0.0045 ,0.26271 ,0.08112 ,0.05705 ,419.4074 ,5520.488 ,21682.65 ,55825.49 ,71968.89 ,69340.62 ,63272.7 ,55741.78 ,47144.28 ,37946.2 ,28323.44 ,19263.14 ,11655.58 ,6110.811 ,2699.479 ,1004.761 ,322.3793 ,93.37032 ,23.33348 ,4.58989 ,0.63242 ,-0.63531 ,-0.3897 ,0.0816 
eb-21-52,7/19/2021,9:37:33 AM,0,="",50,ZR1,2000.0,0,64,2,13,9.9346 ,7.12659 ,-0.82255 ,-1.78436 ,-6.04018 ,2694.227 ,42332.97 ,35868.65 ,36362 ,36290.13 ,35935.04 ,35498.39 ,35046.51 ,34614.03 ,34166.97 ,33710.44 ,33223.57 ,32688.84 ,32080.76 ,31097.17 ,21870.46 ,8096.663 ,3686.003 ,1012.371 ,282.3176 ,109.4767 ,69.50881 ,58.85048 ,43.49439 ,28.92133 ,19.2097 ,13.43531 ,7.73298 ,2.66774 ,4.52968 ,2.58381 ,1.44389 ,1.06784 ,1.77474 ,0.23661 ,0.41669 ,0.24829 ,0.07146 ,1.27773 ,414.2703 ,5364.156 ,21130.75 ,54626.36 ,70560.2 ,68008.19 ,62041.02 ,54656.49 ,46197.96 ,37188.5 ,27754.05 ,18886.26 ,11445.67 ,5997.39 ,2641.858 ,989.7944 ,309.4366 ,93.37493 ,21.75282 ,4.23324 ,1.10989 ,-0.84397 ,-0.39883 ,1.51494 
eb-21-52,7/19/2021,9:37:42 AM,0,="",50,ZR2,2000.0,0,64,2,14,-12.59995 ,-15.19104 ,-17.83041 ,-18.91779 ,-7.62943 ,2681.276 ,42334.42 ,35861.42 ,36351.39 ,36276.82 ,35931.05 ,35490.1 ,35045.54 ,34601.28 ,34171.52 ,33710.85 ,33224.45 ,32692.29 ,32071.42 ,31095.78 ,21898.44 ,8111.698 ,3690.948 ,1007.672 ,283.3006 ,108.0054 ,75.39337 ,53.52925 ,45.58698 ,29.27789 ,19.37756 ,11.48624 ,8.07329 ,3.14249 ,3.64991 ,2.08915 ,-2.72084 ,4.28588 ,1.24324 ,-0.2312 ,0.62598 ,0.24413 ,-0.01643 ,-0.45845 ,412.3164 ,5354.575 ,21125.04 ,54633.2 ,70566.94 ,67994.53 ,62051.77 ,54649.69 ,46201.56 ,37202.55 ,27756.31 ,18877.16 ,11416.01 ,5989.633 ,2664.795 ,983.9292 ,304.5016 ,93.86653 ,23.42352 ,4.31216 ,-0.60014 ,-0.63284 ,-0.47831 ,-3.77816 
eb-21-52,7/19/2021,9:37:51 AM,0,="",50,ZR3,2000.0,0,64,2,15,-4.74182 ,-7.48683 ,0.08222 ,46.39731 ,-10.47352 ,2667.14 ,42337.32 ,35843.33 ,36353.18 ,36264.33 ,35930.73 ,35487.24 ,35034.17 ,34603.36 ,34162.01 ,33701.5 ,33226.79 ,32690.74 ,32071.76 ,31095.59 ,21900.05 ,8122.813 ,3703.442 ,1010.949 ,294.4799 ,111.2107 ,69.02508 ,55.65242 ,45.31636 ,29.36484 ,18.76591 ,12.39238 ,7.67831 ,4.83476 ,2.34765 ,1.96349 ,1.33881 ,0.92801 ,0.86079 ,0.4039 ,0.28085 ,0.16804 ,0.37464 ,-3.1024 ,402.6762 ,5348.888 ,21121.29 ,54623.9 ,70547.27 ,67978.62 ,62035.7 ,54637.59 ,46201.74 ,37203.45 ,27756.37 ,18881.3 ,11419.74 ,5994.462 ,2644.881 ,983.4084 ,309.8658 ,90.4217 ,24.14698 ,3.25351 ,0.33849 ,-0.29675 ,-0.25794 ,1.73055 
eb-21-52,7/19/2021,9:38:00 AM,0,="",50,ZR4,2000.0,0,64,2,16,15.38917 ,39.30257 ,-6.55243 ,13.96824 ,-14.69613 ,2686.595 ,42338.54 ,35865.17 ,36347.7 ,36260.77 ,35931.35 ,35483.3 ,35037.54 ,34596.94 ,34159.65 ,33703.65 ,33218.51 ,32679.13 ,32074.54 ,31085.92 ,21888.87 ,8123.428 ,3698.858 ,1015.628 ,281.5202 ,107.3546 ,70.9156 ,53.02229 ,45.64181 ,27.10827 ,16.85886 ,12.1484 ,12.21332 ,0.34598 ,5.0905 ,0.77609 ,1.36462 ,0.31609 ,0.89373 ,0.35523 ,0.82152 ,0.19876 ,0.10368 ,-2.80653 ,409.7839 ,5374.217 ,21145.71 ,54624.3 ,70530.55 ,67967.78 ,62025.36 ,54637.76 ,46204.76 ,37203.45 ,27767.43 ,18888.79 ,11426.89 ,5974.835 ,2643.436 ,991.2515 ,312.62 ,93.94889 ,21.46514 ,1.87309 ,1.58283 ,-0.93189 ,0.15515 ,0.7138 
eb-21-52,7/19/2021,9:38:12 AM,0,="",50,ZR5,2000.0,0,64,2,17,-18.68653 ,-16.48687 ,-16.8576 ,-10.15185 ,-6.21826 ,2681.816 ,42330.94 ,35863.54 ,36351.37 ,36272.76 ,35925.06 ,35480.82 ,35031.44 ,34594.86 ,34162.67 ,33700.88 ,33219.86 ,32689.32 ,32076.81 ,31093.54 ,21869.89 ,8096.761 ,3674.474 ,1005.231 ,287.6739 ,105.6233 ,71.64046 ,56.20426 ,43.39068 ,28.02297 ,18.87752 ,13.33326 ,10.2892 ,-0.30217 ,3.5658 ,3.15484 ,0.97299 ,0.41561 ,1.47903 ,0.71228 ,0.46363 ,0.28918 ,0.16977 ,0.15927 ,402.8185 ,5350.697 ,21112.27 ,54592.1 ,70515.18 ,67956.19 ,61994.73 ,54631.9 ,46175.67 ,37189.82 ,27757.04 ,18876.62 ,11417.87 ,5994.488 ,2667.451 ,986.191 ,299.338 ,96.00725 ,18.65852 ,7.30359 ,0.20004 ,-0.35595 ,-0.32787 ,-2.46386 
eb-21-52,7/19/2021,9:38:21 AM,0,="",50,ZR6,2000.0,0,64,2,18,3.94472 ,6.40752 ,12.7192 ,3.64976 ,18.30892 ,2669.75 ,42325.42 ,35854.07 ,36348.06 ,36256.06 ,35921.03 ,35477.67 ,35025.45 ,34591.39 ,34160.41 ,33715.87 ,33201.19 ,32696.8 ,32057.55 ,31073.08 ,21849.13 ,8089.863 ,3677.193 ,1002.923 ,290.8021 ,110.3053 ,47.19791 ,95.60607 ,25.32452 ,29.18982 ,17.29615 ,11.70152 ,6.12745 ,5.13188 ,3.50206 ,2.09609 ,1.15928 ,1.32394 ,0.3727 ,0.5462 ,0.31689 ,0.18701 ,0.03613 ,-0.44792 ,402.5163 ,5337.796 ,21086.24 ,54586.88 ,70529.68 ,67955.7 ,62031.59 ,54629.66 ,46196.86 ,37192.01 ,27746.35 ,18878.59 ,11429.64 ,5987.009 ,2639.988 ,982.5743 ,308.7753 ,92.27838 ,21.90984 ,3.49334 ,1.98441 ,-0.34843 ,-0.74509 ,3.86006 
eb-21-52,7/19/2021,9:38:57 AM,0,="",60,ZR1,2000.0,0,64,2,19,0.18334 ,4.37746 ,3.79864 ,2.62044 ,-4.52625 ,2594.065 ,41321.88 ,35007.39 ,35487.36 ,35405.97 ,35073.09 ,34641.22 ,34209.83 ,33785.15 ,33350.99 ,32907.42 ,32436.32 ,31920.09 ,31314.71 ,30353.56 ,21408.27 ,7953.83 ,3621.943 ,995.1166 ,273.793 ,113.4777 ,65.30862 ,58.28907 ,43.46145 ,28.82963 ,18.11839 ,10.99308 ,8.23152 ,3.5172 ,3.16338 ,2.39308 ,1.62034 ,1.56903 ,0.78676 ,0.38763 ,0.54121 ,0.17385 ,0.17492 ,-0.43479 ,394.3354 ,5162.845 ,20512.14 ,53276.23 ,68910.11 ,66400.75 ,60612.81 ,53367.02 ,45126.14 ,36316.19 ,27092.09 ,18423.63 ,11151.83 ,5843.587 ,2591.372 ,953.8721 ,309.6291 ,84.78281 ,25.51131 ,2.12783 ,-0.13144 ,-0.0582 ,-0.43709 ,1.16237 
eb-21-52,7/19/2021,9:39:06 AM,0,="",60,ZR2,2000.0,0,64,2,20,0.61467 ,-6.51555 ,-4.07344 ,-2.10099 ,5.9538 ,2606.011 ,41309.04 ,35008.75 ,35484.06 ,35423.68 ,35077.28 ,34648.51 ,34207.45 ,33780.05 ,33355.53 ,32913.18 ,32437.57 ,31916.23 ,31317.03 ,30340.82 ,21425.37 ,7978.441 ,3637.016 ,997.7669 ,279.6976 ,93.31249 ,73.02157 ,54.29167 ,43.13141 ,25.88593 ,18.82221 ,10.59363 ,6.97194 ,4.57492 ,2.88788 ,1.93996 ,1.98271 ,1.24396 ,0.03532 ,0.83839 ,0.3207 ,0.26183 ,0.12739 ,-0.29191 ,388.8345 ,5163.812 ,20501.5 ,53255.05 ,68900.62 ,66404.4 ,60605.65 ,53370.73 ,45135.79 ,36330.33 ,27098.96 ,18424.18 ,11148.17 ,5846.456 ,2583.786 ,957.4244 ,305.5775 ,86.96487 ,23.22392 ,2.70907 ,1.90652 ,-0.23871 ,-0.39656 ,0.45924 
eb-21-52,7/19/2021,9:39:15 AM,0,="",60,ZR3,2000.0,0,64,2,21,0.61358 ,1.98562 ,11.77962 ,12.66928 ,11.13075 ,2604.512 ,41314.29 ,35013.04 ,35484.98 ,35412.87 ,35075.53 ,34643.93 ,34209.07 ,33776.4 ,33348.89 ,32895.72 ,32429.05 ,31914.15 ,31311.5 ,30346.6 ,21369.23 ,7914.055 ,3602.807 ,990.3518 ,276.7762 ,104.0063 ,70.76551 ,53.06688 ,47.01095 ,27.64963 ,17.03511 ,11.03281 ,7.23418 ,3.4305 ,3.89083 ,1.7158 ,1.45861 ,0.85614 ,1.08851 ,0.44454 ,-1.8281 ,0.65384 ,0.15254 ,-0.148 ,404.8141 ,5197.101 ,20486.84 ,53185.83 ,68901.52 ,66433.74 ,60586.9 ,53376.18 ,45126.53 ,36320.05 ,27083.2 ,18427.4 ,11160.59 ,5840.202 ,2584.214 ,964.216 ,301.6153 ,89.94926 ,23.39964 ,2.46715 ,1.2533 ,-0.74987 ,-0.00887 ,-1.22487 
eb-21-52,7/19/2021,9:39:24 AM,0,="",60,ZR4,2000.0,0,64,2,22,5.49197 ,10.37272 ,2.75084 ,-6.47533 ,-2.22413 ,2602.963 ,41313.51 ,35009.32 ,35479.73 ,35404.23 ,35065.89 ,34621.45 ,34199.53 ,33768.09 ,33350.58 ,32907.77 ,32427.58 ,31909.5 ,31310.94 ,30346.62 ,21396.61 ,7954.224 ,3624.163 ,993.9797 ,285.2276 ,93.42031 ,79.39207 ,49.10415 ,41.34154 ,28.70619 ,18.47238 ,11.71578 ,6.98379 ,5.50307 ,2.81645 ,2.35311 ,1.95964 ,1.42623 ,0.78475 ,0.51504 ,0.49716 ,0.28925 ,0.21218 ,-0.18904 ,381.7549 ,5152.627 ,20488.65 ,53247.97 ,68889.01 ,66392.5 ,60586.01 ,53367.98 ,45118.66 ,36323.72 ,27102.38 ,18427.96 ,11147.97 ,5825.752 ,2590.03 ,954.7947 ,309.5723 ,87.84103 ,22.08214 ,4.75202 ,0.73211 ,-0.91287 ,-0.44391 ,2.15144 
eb-21-52,7/19/2021,9:39:55 AM,0,="",70,ZR1,2000.0,0,64,2,23,1.67428 ,2.03028 ,7.50619 ,8.18453 ,6.40087 ,2521.398 ,39937.21 ,33843.52 ,34307.79 ,34229.09 ,33902.79 ,33489.21 ,33067.86 ,32646.33 ,32238.36 ,31812.17 ,31353.34 ,30845.93 ,30258.97 ,29334.77 ,20672.57 ,7685.869 ,3509.036 ,966.2946 ,268.4697 ,97.90834 ,70.67964 ,50.93831 ,40.12734 ,27.07233 ,19.0071 ,9.99341 ,6.72305 ,4.52385 ,2.70417 ,1.85144 ,1.06452 ,0.55732 ,0.43035 ,0.33151 ,0.43014 ,0.25941 ,0.12502 ,-0.04531 ,373.223 ,4963.567 ,19761.59 ,51437.72 ,66580.26 ,64197.01 ,58572.82 ,51592.66 ,43618.62 ,35115.64 ,26193.21 ,17827.37 ,10783.07 ,5647.099 ,2490.527 ,926.0299 ,290.1493 ,87.60616 ,18.39897 ,5.57544 ,1.79313 ,-0.47898 ,-0.48268 ,1.96799 
eb-21-52,7/19/2021,9:40:04 AM,0,="",70,ZR2,2000.0,0,64,2,24,19.00318 ,17.21826 ,1.3886 ,-1.8594 ,-6.07259 ,2496.472 ,39920.12 ,33845.86 ,34299.41 ,34227.46 ,33899.66 ,33482.31 ,33064.67 ,32646.2 ,32231.58 ,31799.4 ,31342.3 ,30846.16 ,30262.81 ,29330.75 ,20688.14 ,7699.498 ,3507.805 ,960.2605 ,267.2989 ,103.5766 ,68.43821 ,49.89702 ,41.37706 ,27.69811 ,19.75006 ,7.80161 ,7.62025 ,5.13709 ,2.87004 ,2.59068 ,0.91842 ,1.00419 ,0.6102 ,0.47543 ,0.23372 ,0.21243 ,0.10137 ,0.29082 ,371.8195 ,4947.549 ,19726.84 ,51424.27 ,66620.92 ,64223.27 ,58602.67 ,51601.92 ,43621.86 ,35124.63 ,26201.78 ,17805.83 ,10763.99 ,5629.435 ,2498.522 ,929.204 ,293.4864 ,84.86618 ,22.46985 ,1.53275 ,0.5726 ,-0.41996 ,-0.03945 ,-2.73763 
eb-21-52,7/19/2021,9:40:13 AM,0,="",70,ZR3,2000.0,0,64,2,25,-3.32479 ,-1.54007 ,-5.18202 ,-3.58626 ,-8.56712 ,2491.547 ,39923.95 ,33826.1 ,34297.92 ,34220.02 ,33892.2 ,33472.35 ,33049.14 ,32639.23 ,32227.35 ,31806.05 ,31346.22 ,30833.44 ,30254.45 ,29345.78 ,20721.58 ,7713.217 ,3510.829 ,959.7253 ,271.1089 ,104.5698 ,66.58199 ,50.39583 ,40.11092 ,26.51364 ,18.07674 ,10.62906 ,7.08217 ,4.31516 ,1.74165 ,2.13221 ,1.77716 ,1.00061 ,0.83295 ,0.46601 ,0.12172 ,0.15396 ,0.11678 ,0.16745 ,376.1239 ,4956.791 ,19740.09 ,51427.25 ,66601.37 ,64202.87 ,58585.85 ,51598.61 ,43620.35 ,35114.2 ,26203.04 ,17812.58 ,10764.53 ,5633.525 ,2498.191 ,920.3772 ,294.7851 ,85.71338 ,21.0954 ,4.65296 ,-0.27219 ,-0.14303 ,-0.65817 ,-0.95494 
eb-21-52,7/19/2021,9:40:22 AM,0,="",70,ZR4,2000.0,0,64,2,26,0.8696 ,-0.82258 ,-2.82843 ,0.0652 ,-8.21933 ,2502.143 ,39916.15 ,33828.43 ,34293 ,34216.67 ,33893.16 ,33476.52 ,33052.01 ,32636.97 ,32224.69 ,31797.85 ,31337.63 ,30835.98 ,30258.34 ,29328.96 ,20704.46 ,7712.19 ,3511.088 ,960.805 ,269.1914 ,104.385 ,67.45276 ,55.8175 ,42.46519 ,23.9499 ,18.07188 ,11.46019 ,5.98392 ,4.10644 ,2.55802 ,2.06596 ,0.99694 ,0.96233 ,0.7917 ,0.40146 ,0.82441 ,0.08008 ,0.04031 ,0.01541 ,372.5796 ,4961.867 ,19747.5 ,51415.47 ,66573.46 ,64180.01 ,58565.7 ,51572.23 ,43591.19 ,35118.56 ,26187.92 ,17808.24 ,10774.1 ,5634.658 ,2496.808 ,928.6789 ,293.8982 ,86.05592 ,20.55102 ,3.9426 ,1.07192 ,-0.49193 ,-0.54747 ,-0.35905 
eb-21-52,7/19/2021,9:41:05 AM,0,="",80,ZR1,2000.0,0,64,2,27,8.48684 ,0.66458 ,-4.73401 ,-3.34818 ,-5.87998 ,2445.71 ,39093.64 ,33126.78 ,33584.88 ,33513.79 ,33183.45 ,32783.54 ,32366.42 ,31905.17 ,31560.53 ,31175.81 ,30649.81 ,30190.16 ,29623.35 ,28688.94 ,20321.81 ,7566.033 ,3409.187 ,896.7914 ,250.4437 ,107.26 ,70.89953 ,61.36678 ,46.84983 ,41.3887 ,27.93243 ,19.6552 ,8.59211 ,4.94224 ,4.5843 ,2.74631 ,1.56362 ,0.42428 ,0.82585 ,0.44497 ,-0.03344 ,0.22946 ,0.09679 ,0.07863 ,378.359 ,4834.35 ,19288.99 ,50323.05 ,65199.29 ,62837.1 ,57340.88 ,50503.15 ,42700.84 ,34382.85 ,25648.98 ,17447.53 ,10551.08 ,5517.894 ,2450.156 ,905.3736 ,290.5417 ,83.76772 ,20.69882 ,4.28652 ,0.04467 ,-0.54477 ,-0.23058 ,0.6585 
eb-21-52,7/19/2021,9:41:14 AM,0,="",80,ZR2,2000.0,0,64,2,28,-4.14411 ,61.60037 ,-68.73921 ,-27.95115 ,52.68107 ,2415.456 ,39103.96 ,33122.92 ,33571.04 ,33505.84 ,33171.83 ,32776.93 ,32357.41 ,31955.9 ,31551.43 ,31127.12 ,30684.4 ,30195.72 ,29627.35 ,28725.13 ,20287.05 ,7575.403 ,3458.529 ,936.5495 ,259.177 ,104.8139 ,66.50096 ,52.28059 ,39.9067 ,26.78994 ,18.24296 ,12.23928 ,7.15316 ,4.95493 ,2.20895 ,1.56016 ,1.90685 ,1.07265 ,0.5387 ,0.55751 ,0.16211 ,0.14502 ,0.03859 ,0.88155 ,365.2168 ,4835.995 ,19311.05 ,50346.9 ,65200.12 ,62847.54 ,57340.48 ,50523.92 ,42694.99 ,34366.94 ,25640.51 ,17438.73 ,10542.28 ,5520.868 ,2444.55 ,904.419 ,291.0647 ,86.22221 ,21.63756 ,2.88217 ,0.25691 ,-0.90014 ,-0.00454 ,0.28078 
eb-21-52,7/19/2021,9:41:23 AM,0,="",80,ZR3,2000.0,0,64,2,29,6.71234 ,7.6202 ,17.97692 ,19.951 ,6.36725 ,2443.536 ,39091.48 ,33127.68 ,33573.64 ,33507.03 ,33184.1 ,32776.66 ,32361.68 ,31961.49 ,31554.92 ,31130.5 ,30687.38 ,30187.76 ,29635.9 ,28696.17 ,20295.67 ,7564.066 ,3474.454 ,938.0813 ,227.3149 ,92.89662 ,86.44437 ,39.69373 ,45.66061 ,26.04914 ,16.46073 ,12.64454 ,7.43755 ,3.61981 ,2.81331 ,2.9129 ,0.57726 ,0.44702 ,0.25496 ,0.98632 ,-0.06979 ,0.14423 ,0.13064 ,-0.21067 ,372.5941 ,4825.633 ,19296.89 ,50350.16 ,65227.73 ,62857.72 ,57356.08 ,50515.03 ,42701.66 ,34376.12 ,25650.97 ,17438.38 ,10542.32 ,5511.488 ,2446.749 ,912.7724 ,291.5694 ,81.45206 ,25.66313 ,-0.28907 ,1.10761 ,-0.89683 ,0.20535 ,-1.95284 
eb-21-52,7/19/2021,9:41:32 AM,0,="",80,ZR4,2000.0,0,64,2,30,8.5478 ,3.22884 ,3.21803 ,-4.78525 ,-6.49963 ,2443.785 ,39087.47 ,33122.93 ,33566.91 ,33504.33 ,33180.55 ,32772.65 ,32352.83 ,31948.52 ,31544.04 ,31117.31 ,30679.41 ,30188.55 ,29628.54 ,28716.04 ,20273.71 ,7547.113 ,3437.766 ,936.9446 ,255.0795 ,102.5413 ,66.31239 ,50.81164 ,38.77331 ,27.84627 ,16.472 ,12.42469 ,5.23024 ,4.15598 ,3.64465 ,1.69811 ,1.83836 ,1.21985 ,0.89975 ,0.39391 ,0.55772 ,0.30819 ,0.04841 ,0.44848 ,366.1588 ,4837.975 ,19302.94 ,50344.57 ,65202.76 ,62848.57 ,57336.71 ,50492.51 ,42689.94 ,34364.34 ,25637.22 ,17436.93 ,10549.2 ,5512.971 ,2445.388 ,904.9092 ,292.1973 ,83.89402 ,19.49304 ,4.63494 ,0.56451 ,-0.82583 ,-0.24306 ,0.30872 
eb-21-52,7/19/2021,9:42:19 AM,0,="",90,ZR1,2000.0,0,64,2,31,13.81031 ,8.57159 ,1.98995 ,-2.47495 ,0.6231 ,2353.488 ,37682.38 ,31939.39 ,32373.94 ,32306.23 ,31996.83 ,31605.99 ,31206.93 ,30800.74 ,30431.92 ,30013.32 ,29590.63 ,29106.88 ,28561.64 ,27687.21 ,19557.71 ,7290.228 ,3324.403 ,909.5957 ,249.7902 ,97.27296 ,61.27858 ,51.65122 ,40.94181 ,27.04425 ,15.23869 ,11.09797 ,6.01727 ,4.30793 ,3.31627 ,3.02422 ,1.25473 ,0.6443 ,0.53432 ,1.01574 ,-0.24625 ,0.13255 ,0.02203 ,-0.17139 ,351.3719 ,4630.661 ,18552.82 ,48507.69 ,62869.38 ,60603.22 ,55298.82 ,48697.65 ,41168.46 ,33141.82 ,24728.08 ,16815.31 ,10170.04 ,5322.141 ,2355.736 ,876.1736 ,279.8953 ,77.4711 ,20.43614 ,3.23772 ,0.04065 ,-0.18878 ,-0.18507 ,-0.16983 
eb-21-52,7/19/2021,9:42:28 AM,0,="",90,ZR2,2000.0,0,64,2,32,2.62929 ,1.03639 ,4.46379 ,6.43552 ,3.60186 ,2351.264 ,37681.02 ,31933.28 ,32370.28 ,32304 ,31993.01 ,31604.66 ,31201.53 ,30802.15 ,30425.3 ,30013.82 ,29587.92 ,29109.33 ,28560.51 ,27688.56 ,19550.66 ,7270.005 ,3306.761 ,903.3559 ,258.7383 ,90.36689 ,69.67556 ,46.63639 ,39.47375 ,26.07135 ,15.58349 ,10.7515 ,6.44247 ,3.96052 ,2.66348 ,1.99743 ,0.79573 ,0.41639 ,0.50548 ,0.83367 ,0.51751 ,0.14013 ,0.09488 ,-0.24111 ,347.901 ,4645.725 ,18576.3 ,48506.08 ,62852.13 ,60581.74 ,55282.64 ,48694.17 ,41160.19 ,33134.67 ,24722.29 ,16812.54 ,10173.58 ,5325.955 ,2357.465 ,874.4435 ,280.1488 ,77.89662 ,19.94035 ,3.55057 ,0.51688 ,-0.22929 ,-0.19316 ,-1.03884 
eb-21-52,7/19/2021,9:42:37 AM,0,="",90,ZR3,2000.0,0,64,2,33,-8.97413 ,-5.74145 ,19.84426 ,-3.88371 ,5.30296 ,2335.194 ,37687.06 ,31919.71 ,32369.27 ,32324.3 ,31969.05 ,31602.43 ,31206.55 ,30815.37 ,30422.32 ,29995.81 ,29602.28 ,29111.66 ,28562.94 ,27676.5 ,19598.98 ,7314.881 ,3335.795 ,895.664 ,239.9452 ,100.77 ,63.65426 ,47.75184 ,40.8644 ,22.86143 ,18.79212 ,10.75047 ,6.24721 ,2.94667 ,2.47429 ,1.54781 ,0.73128 ,1.08865 ,0.73914 ,0.13885 ,0.18308 ,0.09307 ,0.10694 ,0.72286 ,346.9821 ,4617.339 ,18519.06 ,48466.86 ,62852.91 ,60585.73 ,55284.39 ,48683.33 ,41160.61 ,33135.57 ,24728.34 ,16813.15 ,10169.21 ,5324.404 ,2358.699 ,874.8925 ,287.4286 ,77.62614 ,20.8947 ,2.81998 ,-0.29819 ,-0.24997 ,-0.33791 ,-0.20381 
eb-21-52,7/19/2021,9:42:46 AM,0,="",90,ZR4,2000.0,0,64,2,34,11.81015 ,-0.11606 ,-8.67081 ,-5.50244 ,-3.8853 ,2352.939 ,37677.83 ,31938.18 ,32362.25 ,32296.44 ,31988.43 ,31596.31 ,31197.27 ,30804.7 ,30414.92 ,30010.76 ,29578.94 ,29107.43 ,28560.05 ,27682.39 ,19561.82 ,7291.867 ,3321.549 ,907.3699 ,252.5169 ,97.38225 ,65.0207 ,48.89994 ,38.52132 ,24.80707 ,17.07159 ,11.70197 ,5.45344 ,2.94234 ,3.73393 ,4.19033 ,-1.80716 ,0.59833 ,1.51215 ,0.46202 ,0.49089 ,0.16789 ,0.09494 ,0.26564 ,347.3098 ,4638.197 ,18572.82 ,48517.44 ,62875.25 ,60603.89 ,55293.13 ,48691.31 ,41166.82 ,33144.76 ,24730.9 ,16809.46 ,10160.11 ,5315.943 ,2358.221 ,879.2524 ,281.5026 ,79.65532 ,21.7457 ,1.49166 ,-0.28986 ,-0.50257 ,-0.16745 ,-4.72205 
eb-21-52,7/19/2021,9:43:17 AM,0,="",90,ZR5,2000.0,0,64,2,35,-0.87538 ,-6.56077 ,0.33391 ,-11.18068 ,-0.01268 ,2343.297 ,37673.03 ,31934.91 ,32371.48 ,32300.61 ,31993.36 ,31598.21 ,31203.81 ,30809.93 ,30422.24 ,30015.97 ,29591.31 ,29113.95 ,28560.41 ,27687.06 ,19577.63 ,7301.657 ,3326.489 ,912.3392 ,254.2686 ,93.42097 ,66.51629 ,45.07491 ,41.89907 ,24.86976 ,17.86573 ,9.45649 ,7.48305 ,3.18405 ,2.06292 ,1.70205 ,1.32239 ,0.6662 ,0.69213 ,0.21178 ,0.14625 ,0.21629 ,0.09618 ,-0.55983 ,350.7585 ,4617.022 ,18513.72 ,48462.9 ,62853.21 ,60584.12 ,55281.09 ,48687.76 ,41158.11 ,33137.09 ,24716.96 ,16810.05 ,10170.12 ,5335.652 ,2362.816 ,872.7118 ,282.792 ,77.88072 ,21.41186 ,2.61956 ,-0.25378 ,-0.10452 ,-0.48999 ,-0.1216 
eb-21-52,7/19/2021,9:43:26 AM,0,="",90,ZR6,2000.0,0,64,2,36,18.61284 ,-1.97344 ,3.74775 ,0.12897 ,10.80839 ,2343.012 ,37690.78 ,31934.56 ,32370.1 ,32301.24 ,31994.62 ,31602.57 ,31200.92 ,30811.37 ,30418.85 ,30012.97 ,29577.4 ,29106.07 ,28558.5 ,27684.23 ,19571.41 ,7291.388 ,3326.206 ,908.8138 ,249.7021 ,90.50274 ,69.22602 ,47.26268 ,39.38333 ,25.78017 ,16.9287 ,9.21505 ,6.1849 ,3.18293 ,3.18546 ,2.03861 ,1.90762 ,0.65568 ,0.50879 ,0.34295 ,0.15886 ,0.1922 ,0.15894 ,0.4463 ,343.4593 ,4630.655 ,18537.07 ,48479.07 ,62865.56 ,60606.26 ,55295.01 ,48703.67 ,41178.52 ,33155.05 ,24731.2 ,16813.23 ,10166.57 ,5311.249 ,2357.905 ,879.7025 ,280.9282 ,78.75244 ,19.49206 ,1.43998 ,1.68427 ,-0.64698 ,-0.27301 ,0.40669 
eb-21-52,7/19/2021,9:43:59 AM,0,="",100,ZR1,2000.0,0,64,2,37,-3.1232 ,-1.03294 ,1.87152 ,5.73071 ,8.70134 ,2294.496 ,36512.15 ,30972.67 ,31385.67 ,31316.4 ,31018.3 ,30640.26 ,30248.99 ,29874.93 ,29495.88 ,29101.5 ,28685.96 ,28218.26 ,27684.62 ,26842.94 ,18967.53 ,7075.034 ,3224.022 ,883.0518 ,243.3573 ,95.01808 ,57.80195 ,48.41767 ,35.2409 ,24.95556 ,14.40847 ,12.49066 ,5.05986 ,4.10703 ,2.84 ,1.06789 ,3.13437 ,0.88497 ,-0.12506 ,0.67427 ,0.16597 ,0.22611 ,0.25819 ,-0.2989 ,336.4499 ,4459.844 ,17925.94 ,46985.98 ,60967.5 ,58783.67 ,53622.29 ,47232.23 ,39921.6 ,32138.09 ,23968.32 ,16304.25 ,9848.58 ,5159.618 ,2282.698 ,849.2541 ,271.8423 ,77.07708 ,20.05774 ,2.07944 ,0.30836 ,-0.41283 ,-0.13154 ,-0.5582 
eb-21-52,7/19/2021,9:44:08 AM,0,="",100,ZR2,2000.0,0,64,2,38,11.23102 ,12.25334 ,7.14334 ,7.19275 ,-0.8721 ,2253.315 ,36517.77 ,30954.99 ,31372.81 ,31315.07 ,31016.91 ,30639.79 ,30251.38 ,29873.92 ,29488.79 ,29098.28 ,28681.33 ,28221.36 ,27680.38 ,26842.32 ,18965.18 ,7083.241 ,3232.979 ,894.3829 ,239.1071 ,93.61945 ,57.45469 ,50.38957 ,34.96439 ,25.93044 ,15.52765 ,8.95371 ,6.05631 ,3.45505 ,1.97743 ,-0.80734 ,3.17784 ,0.83726 ,0.65664 ,0.51918 ,0.40873 ,0.14217 ,0.05257 ,0.36415 ,329.8195 ,4440.433 ,17882.04 ,46938.48 ,60958.07 ,58774.44 ,53622.83 ,47223.82 ,39917.59 ,32134.62 ,23969.57 ,16298.28 ,9855.34 ,5150.64 ,2281.609 ,847.5133 ,274.8073 ,73.32778 ,20.752 ,1.29456 ,2.01782 ,-0.51766 ,-0.35209 ,1.74544 
eb-21-52,7/19/2021,9:44:17 AM,0,="",100,ZR3,2000.0,0,64,2,39,-0.7268 ,2.3785 ,-4.00278 ,-7.83096 ,-8.07663 ,2259.285 ,36525.94 ,30962.12 ,31376.65 ,31312.55 ,31017.47 ,30635.92 ,30252.46 ,29869 ,29485.25 ,29097 ,28681.43 ,28220.54 ,27684.59 ,26860.94 ,18928.35 ,7071.291 ,3222.372 ,883.5145 ,268.392 ,82.30805 ,52.9128 ,53.8194 ,34.53213 ,23.85935 ,16.20819 ,10.81965 ,6.29825 ,3.4169 ,3.39608 ,1.1986 ,1.99259 ,0.47092 ,0.81625 ,0.39085 ,0.33303 ,0.25457 ,0.07233 ,0.3004 ,340.3243 ,4455.081 ,17902.72 ,46952.32 ,60937.85 ,58752.35 ,53604.49 ,47209.97 ,39903.98 ,32132.54 ,23964.47 ,16304.6 ,9858.688 ,5153.293 ,2289.825 ,845.7146 ,267.507 ,79.0359 ,19.24749 ,3.66706 ,0.99812 ,-0.50968 ,-0.05825 ,-0.73739 
eb-21-52,7/19/2021,9:44:26 AM,0,="",100,ZR4,2000.0,0,64,2,40,4.08386 ,3.07352 ,5.32009 ,4.22863 ,1.37362 ,2266.933 ,36512.63 ,30956.56 ,31371.22 ,31308.72 ,31012.19 ,30635.82 ,30245.9 ,29864.54 ,29490.7 ,29092.56 ,28670.42 ,28215.29 ,27683.56 ,26838.91 ,18944.65 ,7057.733 ,3243.706 ,962.4194 ,196.8525 ,71.44315 ,92.39781 ,26.58847 ,46.83434 ,21.71689 ,14.87087 ,12.57404 ,5.59433 ,4.91346 ,2.04917 ,1.36931 ,1.67361 ,1.32235 ,0.40384 ,0.384 ,0.37238 ,0.19285 ,0.01831 ,0.88291 ,337.6937 ,4462.716 ,17910.57 ,46959.18 ,60950.18 ,58771.46 ,53610.67 ,47217.33 ,39909.62 ,32128.58 ,23963.53 ,16295.84 ,9844.356 ,5155.526 ,2278.871 ,850.2134 ,266.824 ,77.33189 ,21.46447 ,2.32492 ,0.55167 ,-0.17197 ,-0.20912 ,-1.41882 
eb-21-52,7/19/2021,9:45:05 AM,0,="",110,ZR1,2000.0,0,64,2,41,-1.35938 ,6.74762 ,-4.34137 ,-6.03649 ,-2.89832 ,2156.737 ,35044.06 ,29721.39 ,30128.86 ,30073.99 ,29784.81 ,29415.8 ,29042.13 ,28683.27 ,28300.8 ,27935.66 ,27527.76 ,27090.16 ,26584.79 ,25767.95 ,18239.61 ,6824.965 ,3112.182 ,848.5697 ,234.9911 ,90.6826 ,60.13481 ,43.12117 ,37.96089 ,22.07948 ,14.31034 ,7.84453 ,5.60216 ,4.1972 ,2.95053 ,1.44016 ,1.20543 ,0.53929 ,0.81429 ,-0.00768 ,0.24174 ,0.24098 ,0.13665 ,0.22871 ,310.0955 ,4218.899 ,17076.78 ,45004.83 ,58524.34 ,56426.51 ,51481.44 ,45340.95 ,38312.91 ,30850.08 ,23020.6 ,15654.19 ,9458.342 ,4950.852 ,2186.31 ,808.8757 ,257.6233 ,80.67845 ,15.81182 ,4.38934 ,1.22126 ,-0.28739 ,-0.65345 ,3.38965 
eb-21-52,7/19/2021,9:45:14 AM,0,="",110,ZR2,2000.0,0,64,2,42,-7.87434 ,-8.09171 ,-8.57238 ,0.52907 ,3.26879 ,2160.02 ,35053.84 ,29717.11 ,30120.17 ,30062.54 ,29778.55 ,29410.95 ,29045.53 ,28678.07 ,28312.53 ,27936.39 ,27530.54 ,27094.16 ,26585 ,25770.79 ,18250.84 ,6834.042 ,3118.924 ,855.6289 ,239.3895 ,82.46777 ,63.35329 ,41.90576 ,36.15498 ,23.27139 ,15.57539 ,8.89876 ,7.02097 ,4.54732 ,2.25494 ,2.45911 ,1.48302 ,1.25192 ,0.84501 ,0.16746 ,0.44818 ,0.32778 ,0.19024 ,-0.34263 ,317.0225 ,4243.156 ,17112 ,45027.99 ,58526.99 ,56445.2 ,51504.57 ,45353.55 ,38332.43 ,30854.43 ,23011.09 ,15640.49 ,9453.406 ,4949.943 ,2186.726 ,808.376 ,262.928 ,75.74932 ,16.36434 ,4.32531 ,1.74143 ,-0.32206 ,-0.41529 ,0.61155 
eb-21-52,7/19/2021,9:45:24 AM,0,="",110,ZR3,2000.0,0,64,2,43,5.04717 ,-12.47264 ,10.49547 ,4.5307 ,0.06933 ,2159.379 ,35050.78 ,29712.05 ,30126.38 ,30063.39 ,29780.69 ,29412.57 ,29035.03 ,28673.17 ,28306.65 ,27918.58 ,27539.92 ,27092.02 ,26583.32 ,25760.89 ,18221.54 ,6855.876 ,3142.08 ,848.1347 ,210.4081 ,88.2174 ,68.05954 ,42.70701 ,36.28225 ,23.21428 ,13.94184 ,6.30113 ,9.38826 ,2.27586 ,2.59038 ,2.2959 ,-0.39208 ,1.38206 ,0.62322 ,0.28666 ,0.3498 ,0.22049 ,-0.01391 ,2.08305 ,317.2074 ,4220.56 ,17098.2 ,45034.39 ,58547.79 ,56440.93 ,51494.31 ,45344.37 ,38330.62 ,30855.98 ,23009.95 ,15645.02 ,9451.059 ,4946.638 ,2190.92 ,812.4232 ,260.3429 ,74.26562 ,18.96579 ,2.65357 ,0.64421 ,-0.25059 ,-0.12059 ,-1.86478 
eb-21-52,7/19/2021,9:45:33 AM,0,="",110,ZR4,2000.0,0,64,2,44,-4.19371 ,-4.60185 ,1.32461 ,0.59704 ,4.94736 ,2159.146 ,35053.37 ,29720.1 ,30129.17 ,30066.93 ,29774.66 ,29409.48 ,29039.7 ,28672.51 ,28311.12 ,27932.86 ,27535.25 ,27095.04 ,26574.22 ,25767.63 ,18252.71 ,6831.985 ,3116.693 ,852.4159 ,236.8839 ,86.51742 ,62.74197 ,42.93122 ,35.99046 ,23.71432 ,14.74119 ,10.01506 ,7.09006 ,2.98081 ,2.76373 ,1.0599 ,1.46341 ,0.75986 ,0.56565 ,0.71751 ,0.40074 ,0.25577 ,0.06803 ,-0.1695 ,318.1797 ,4231.677 ,17102.04 ,45017.89 ,58536.16 ,56453.54 ,51501.89 ,45350.67 ,38332 ,30859.34 ,23011.38 ,15644.51 ,9455.434 ,4948.972 ,2190.229 ,814.6505 ,262.4684 ,74.78907 ,17.4143 ,2.70896 ,0.98688 ,-0.41828 ,-0.09269 ,-2.3193 
eb-21-52,7/19/2021,9:48:04 AM,0,="",120,ZR1,2000.0,0,64,2,45,-17.24881 ,-12.04828 ,0.55997 ,0.10248 ,-0.43753 ,2058.622 ,33625.02 ,28507.38 ,28891.23 ,28814.12 ,28658.38 ,28146.6 ,27862.21 ,27505.98 ,27156.84 ,26780.87 ,26411.84 ,25982.64 ,25496.71 ,24713.18 ,17498.61 ,6536.258 ,2975.863 ,816.232 ,224.1347 ,82.19132 ,58.06576 ,44.1659 ,36.32229 ,25.10955 ,11.71325 ,4.92273 ,6.849 ,2.74003 ,3.88522 ,0.60157 ,2.26957 ,0.58114 ,0.74885 ,-0.24205 ,0.272 ,0.21262 ,-0.10626 ,-0.75671 ,299.658 ,4054.146 ,16406.56 ,43220.68 ,56175.11 ,54149.84 ,49404.15 ,43501.23 ,36765.15 ,29599.66 ,22078.73 ,14996.44 ,9050.973 ,4750.095 ,2103.136 ,779.5857 ,249.7937 ,69.7045 ,19.08037 ,1.23354 ,0.8236 ,-0.13751 ,-0.31498 ,-1.3491 
eb-21-52,7/19/2021,9:48:13 AM,0,="",120,ZR2,2000.0,0,64,2,46,1.77859 ,7.06259 ,7.9762 ,-0.16575 ,5.65055 ,2066.894 ,33636.11 ,28500.69 ,28888.85 ,28824.49 ,28544.71 ,28202.87 ,27855.43 ,27510.89 ,27150.66 ,26801.43 ,26404.3 ,25975.71 ,25491.22 ,24721.13 ,17490.29 ,6529.225 ,2966.824 ,812.1773 ,236.0627 ,78.76971 ,55.42173 ,40.43407 ,26.18155 ,22.039 ,14.10374 ,10.66258 ,4.72711 ,4.88251 ,1.40991 ,2.09898 ,0.65807 ,1.33371 ,0.43731 ,0.97577 ,0.57315 ,0.10299 ,0.12035 ,-2.18643 ,300.7924 ,4062.088 ,16406.14 ,43217.86 ,56169.22 ,54143.96 ,49414.9 ,43504.8 ,36761.71 ,29598.67 ,22077.22 ,14996.57 ,9062.57 ,4736.56 ,2104.238 ,774.6872 ,252.0718 ,68.91062 ,18.91853 ,2.50513 ,-0.05476 ,-0.1291 ,-0.18171 ,-0.30684 
eb-21-52,7/19/2021,9:48:22 AM,0,="",120,ZR3,2000.0,0,64,2,47,-0.50452 ,0.11985 ,-0.4805 ,5.14564 ,11.71762 ,2079.113 ,33618.37 ,28496.27 ,28882.3 ,28822.08 ,28550.4 ,28201.12 ,27839.52 ,27487.56 ,27136.78 ,26780 ,26398.17 ,25976.92 ,25485.71 ,24698.25 ,17470.94 ,6523.446 ,2967.087 ,806.4444 ,212.0572 ,82.95387 ,55.33548 ,38.19723 ,38.12871 ,27.32198 ,19.7528 ,12.01074 ,3.80684 ,2.05501 ,3.3642 ,2.10354 ,0.27864 ,1.30349 ,0.46757 ,0.82125 ,0.38901 ,0.24866 ,0.1558 ,-3.25263 ,393.7859 ,4093.87 ,16403.98 ,43194.3 ,56147.36 ,54135.73 ,49417.08 ,43483.65 ,36748.19 ,29580.33 ,22063.64 ,14995.62 ,9058.759 ,4743.495 ,2091.412 ,787.1752 ,251.1843 ,67.06017 ,22.42443 ,-0.51063 ,0.59893 ,-0.07355 ,-0.19601 ,-4.11572 
eb-21-52,7/19/2021,9:48:31 AM,0,="",120,ZR4,2000.0,0,64,2,48,-1.01715 ,-0.42572 ,1.05274 ,0.77564 ,1.28473 ,2059.588 ,33627.31 ,28497.44 ,28886.91 ,28824.86 ,28548.83 ,28199.44 ,27841.43 ,27495.7 ,27147.52 ,26791.92 ,26411.2 ,25995.21 ,25495.87 ,24710.6 ,17490.42 ,6523.493 ,2966.071 ,804.977 ,219.2481 ,74.76483 ,53.56567 ,40.82282 ,33.93847 ,22.84246 ,10.03531 ,8.46838 ,5.32793 ,7.2179 ,-1.00473 ,2.29023 ,0.85218 ,1.03392 ,0.2926 ,0.70463 ,0.66702 ,-0.00752 ,0.1708 ,-0.58021 ,304.5268 ,4051.598 ,16413.17 ,43245.26 ,56191.88 ,54164.32 ,49418.66 ,43508.68 ,36759.78 ,29590.35 ,22069.16 ,15001.63 ,9061.601 ,4740.196 ,2096.712 ,776.5525 ,249.1532 ,74.14458 ,14.97435 ,5.06595 ,0.06295 ,-0.5706 ,-0.43904 ,-0.91784 
eb-21-52,7/19/2021,9:49:01 AM,0,="",120,ZR5,2000.0,0,64,2,49,3.625 ,-47.10821 ,15.2115 ,-7.36339 ,3.56836 ,2072.23 ,33622.77 ,28495.42 ,28888.33 ,28831.9 ,28552.05 ,28195.62 ,27840.07 ,27495.57 ,27142.26 ,26781.43 ,26398.97 ,25968.41 ,25483.41 ,24700.13 ,17485.16 ,6528.122 ,2970.546 ,810.5846 ,221.0504 ,88.26168 ,59.98487 ,48.83578 ,39.73489 ,28.66839 ,18.73429 ,5.19314 ,4.66502 ,1.42977 ,3.83079 ,0.18807 ,3.01585 ,1.04113 ,0.88013 ,-0.48829 ,0.92072 ,0.20244 ,-0.01994 ,0.62123 ,302.2826 ,4058.858 ,16407.04 ,43218.2 ,56172.02 ,54154.76 ,49410.89 ,43498.85 ,36758.2 ,29591.14 ,22068.23 ,14992.81 ,9057.083 ,4744.092 ,2095.578 ,778.9739 ,249.1928 ,72.65161 ,17.92683 ,3.61954 ,0.86756 ,-0.72715 ,-0.54341 ,-1.65146 
eb-21-52,7/19/2021,9:49:10 AM,0,="",120,ZR6,2000.0,0,64,2,50,-14.52007 ,-5.37476 ,1.30997 ,5.71721 ,6.73047 ,2062.032 ,33619.83 ,28494.92 ,28879.86 ,28831.34 ,28541.1 ,28194.75 ,27841.33 ,27490.52 ,27154.98 ,26787.87 ,26398.99 ,25976.79 ,25477.59 ,24692.5 ,17508.83 ,6540.375 ,2969.417 ,796.343 ,215.7422 ,83.36195 ,48.36511 ,42.96838 ,39.71296 ,28.33166 ,13.45272 ,4.51337 ,7.69662 ,4.88711 ,-0.23548 ,4.95875 ,-0.89481 ,1.09669 ,1.31239 ,-0.19264 ,0.24564 ,-0.03498 ,0.26491 ,-2.34846 ,303.1912 ,4055.123 ,16404.62 ,43220.99 ,56190.23 ,54165.43 ,49415.42 ,43508.47 ,36785.17 ,29594.86 ,22046.72 ,14989.78 ,9060.207 ,4750.501 ,2095.588 ,775.1743 ,249.1486 ,75.29882 ,14.20605 ,4.3615 ,0.87926 ,-0.50992 ,-0.62908 ,0.4916 
eb-21-52,7/19/2021,9:49:34 AM,0,="",120,ZR7,2000.0,0,128,2,51,-2.81487 ,-1.47528 ,-3.90303 ,-4.63396 ,-0.31637 ,2059.078 ,33618.77 ,28504.26 ,28895.35 ,28838.48 ,28546.65 ,28210.34 ,27849.95 ,27494.94 ,27145.31 ,26783.07 ,26393.77 ,25965.53 ,25486.65 ,24711.22 ,17529.87 ,6556.071 ,2983.252 ,813.0389 ,230.4606 ,89.49332 ,62.36576 ,43.06754 ,34.17143 ,20.53888 ,15.02422 ,6.78007 ,6.28202 ,2.3215 ,2.4277 ,1.00053 ,1.73075 ,0.74555 ,0.45466 ,0.46624 ,0.52335 ,0.10348 ,0.11042 ,1.81631 ,309.2022 ,4039.277 ,16359.55 ,43172.97 ,56158.86 ,54152.56 ,49399.17 ,43490.37 ,36750.84 ,29590.38 ,22072.24 ,15002.36 ,9062.092 ,4738.36 ,2096.909 ,778.4941 ,249.9098 ,72.63378 ,17.26098 ,2.25183 ,0.71967 ,-0.28606 ,-0.32332 ,1.2256 
eb-21-52,7/19/2021,9:49:49 AM,0,="",120,ZR8,2000.0,0,128,2,52,8.71383 ,4.6204 ,0.74278 ,3.11566 ,0.66903 ,2065.757 ,33615.16 ,28495.04 ,28885.49 ,28827.11 ,28548.14 ,28199.53 ,27840.19 ,27489.55 ,27141.58 ,26780.12 ,26390.83 ,25975.26 ,25481.8 ,24700.02 ,17503.25 ,6537.683 ,2977.013 ,813.9247 ,228.5471 ,80.71252 ,61.19409 ,37.08791 ,36.31094 ,22.31141 ,14.29803 ,9.56873 ,6.75072 ,3.31874 ,1.23245 ,2.36879 ,0.86422 ,1.79287 ,0.08713 ,0.2494 ,0.37363 ,0.10535 ,0.13283 ,1.17407 ,303.0498 ,4046.725 ,16385.37 ,43208.29 ,56183.69 ,54155.31 ,49406.14 ,43499.91 ,36754.06 ,29588.71 ,22045.63 ,15003.35 ,9052.01 ,4733.95 ,2093.704 ,788.1361 ,249.2187 ,69.16039 ,21.24772 ,1.29494 ,-1.50344 ,0.35498 ,-0.01065 ,-3.66052 
eb-21-52,7/19/2021,9:50:28 AM,0,="",130,ZR1,2000.0,0,128,2,53,-10.05505 ,-3.3621 ,3.1475 ,9.65807 ,18.32649 ,1984.299 ,32103.66 ,27208.29 ,27573.12 ,27518.88 ,27260.97 ,26936.68 ,26589.7 ,26252.91 ,25912.41 ,25573.8 ,25211.39 ,24802.22 ,24342.53 ,23594.77 ,16702.2 ,6231.525 ,2837.247 ,778.7557 ,201.5768 ,63.69961 ,42.21391 ,22.75093 ,27.85743 ,29.69815 ,18.40509 ,5.72949 ,5.57965 ,0.23531 ,-0.33289 ,0.32995 ,-1.50213 ,0.96126 ,2.84513 ,1.92012 ,0.12167 ,-0.25097 ,0.19978 ,1.84371 ,282.9994 ,3854.935 ,15646.49 ,41275.47 ,53615.3 ,51694.5 ,47168.8 ,41533.62 ,35100.3 ,28253.38 ,21067.1 ,14321.86 ,8652.467 ,4526.364 ,2001.957 ,744.6487 ,239.7561 ,66.41433 ,16.93069 ,1.4013 ,2.85729 ,-0.45816 ,-0.37193 ,-2.386 
eb-21-52,7/19/2021,9:50:43 AM,0,="",130,ZR2,2000.0,0,128,2,54,5.72703 ,5.27312 ,4.89152 ,6.24986 ,3.58606 ,1971.964 ,32089.11 ,27205.49 ,27572.77 ,27519.13 ,27279.38 ,26919.43 ,26584.22 ,26244.09 ,25909.1 ,25571.24 ,25202.48 ,24803 ,24329.1 ,23580.56 ,16701.24 ,6237.821 ,2837.716 ,776.9904 ,213.1079 ,80.46487 ,53.8577 ,44.03999 ,42.07087 ,24.22792 ,10.00387 ,9.87097 ,5.61836 ,3.68605 ,2.23014 ,-0.55571 ,1.5769 ,0.24571 ,0.88064 ,1.28985 ,0.02203 ,0.0536 ,-0.07101 ,1.73409 ,291.1994 ,3867.017 ,15669.05 ,41292.53 ,53625.66 ,51701.18 ,47167.13 ,41527.07 ,35089.87 ,28251.43 ,21073.31 ,14310.23 ,8646.67 ,4519.276 ,2001.316 ,742.0862 ,240.4031 ,68.92804 ,16.40427 ,2.53551 ,0.52787 ,-0.06416 ,-0.0267 ,0.49594 
eb-21-52,7/19/2021,9:50:59 AM,0,="",130,ZR3,2000.0,0,128,2,55,-0.25367 ,0.98846 ,0.82498 ,6.21419 ,2.67309 ,1969.638 ,32087.35 ,27211.17 ,27575.89 ,27521.23 ,27258.56 ,26922.35 ,26580.76 ,26244.53 ,25914.69 ,25568.08 ,25199.86 ,24797.5 ,24328.42 ,23583.69 ,16683.76 ,6221.284 ,2835.438 ,783.3731 ,216.4829 ,77.48886 ,53.43681 ,42.01378 ,38.13889 ,26.44042 ,11.99276 ,6.40159 ,5.84555 ,4.79265 ,1.0275 ,2.08389 ,1.11194 ,0.79903 ,0.38538 ,0.68914 ,0.38885 ,0.16079 ,0.191 ,-1.64333 ,280.4227 ,3841.815 ,15623.44 ,41260.8 ,53620.49 ,51696.45 ,47169.85 ,41533.9 ,35095.96 ,28253.95 ,21061.73 ,14312.16 ,8644.698 ,4525.346 ,2000.046 ,742.5862 ,238.3872 ,67.44547 ,17.0393 ,3.27999 ,0.52126 ,-0.34411 ,-0.16281 ,-0.86068 
eb-21-52,7/19/2021,9:51:14 AM,0,="",130,ZR4,2000.0,0,128,2,56,6.55232 ,-3.76455 ,1.19544 ,6.92464 ,-6.16937 ,1975.152 ,32091.91 ,27226.7 ,27575.08 ,27519.31 ,27243.31 ,26911.24 ,26565.71 ,26235.74 ,25910.09 ,25563.58 ,25194.66 ,24798.28 ,24330.22 ,23582.25 ,16697.38 ,6242.344 ,2848.837 ,787.2638 ,223.2063 ,83.43155 ,51.37785 ,36.02222 ,24.26273 ,17.3515 ,16.91468 ,4.41429 ,10.73767 ,1.7616 ,0.87509 ,3.83427 ,0.75464 ,1.01737 ,-0.05767 ,0.43404 ,0.42998 ,0.16211 ,0.05587 ,0.80035 ,291.4016 ,3852.376 ,15636.1 ,41265.05 ,53620.82 ,51690.3 ,47161.58 ,41517.43 ,35083.69 ,28244.38 ,21061.43 ,14307.95 ,8643.798 ,4518.599 ,2001.977 ,742.8118 ,241.4178 ,67.57069 ,17.61049 ,1.71174 ,0.33785 ,-0.40746 ,-0.00557 ,0.55804 
eb-21-52,7/19/2021,9:52:43 AM,0,="",140,ZR1,2000.0,0,128,2,57,11.02672 ,20.68789 ,22.39751 ,11.79982 ,4.58646 ,1857.23 ,30607.45 ,25946.36 ,26310.35 ,26266.38 ,26018.99 ,25692.89 ,25367.48 ,25026.01 ,24736.33 ,24394.9 ,24053.46 ,23656.79 ,23209.3 ,22486.21 ,15947.33 ,5956.673 ,2704.243 ,739.994 ,204.2445 ,64.49926 ,58.41181 ,44.43566 ,38.27124 ,18.78192 ,4.39935 ,10.34581 ,5.49876 ,5.14214 ,5.93257 ,-4.74207 ,0.71661 ,1.294 ,1.65196 ,2.5019 ,-1.38353 ,-0.06043 ,0.27854 ,3.87262 ,279.3735 ,3671.929 ,14898.01 ,39374.41 ,51202.37 ,49376.54 ,45023.66 ,39633.01 ,33475.88 ,26945.67 ,20102.81 ,13666.68 ,8254.003 ,4306.864 ,1917.227 ,703.9451 ,228.1566 ,64.86757 ,17.25147 ,0.04401 ,0.85784 ,-0.5918 ,-0.33699 ,1.17865 
eb-21-52,7/19/2021,9:52:58 AM,0,="",140,ZR2,2000.0,0,128,2,58,-1.12664 ,-10.61664 ,1.25562 ,-2.41356 ,-4.89296 ,1874.393 ,30614.24 ,25961.57 ,26313.32 ,26253.55 ,26019.54 ,25687.73 ,25373.9 ,25044.31 ,24719.85 ,24403.99 ,24027.07 ,23657.1 ,23209.89 ,22500.39 ,15952.23 ,5971.546 ,2722.496 ,744.947 ,205.3626 ,76.8449 ,53.9896 ,35.90575 ,33.65054 ,24.34563 ,13.35784 ,-0.63099 ,7.34993 ,4.5937 ,-0.71316 ,2.95813 ,0.71564 ,0.82563 ,0.96147 ,0.39032 ,0.1521 ,0.17513 ,0.02238 ,-0.59948 ,273.7104 ,3659.009 ,14875.4 ,39348.45 ,51179.3 ,49355.16 ,45019.41 ,39633.94 ,33491.06 ,26956.06 ,20099.82 ,13658.62 ,8244.671 ,4314.625 ,1906.516 ,708.8939 ,228.5561 ,64.93765 ,16.2825 ,2.57407 ,0.07758 ,-0.3548 ,-0.14964 ,-0.94456 
eb-21-52,7/19/2021,9:53:14 AM,0,="",140,ZR3,2000.0,0,128,2,59,-2.05666 ,5.32093 ,2.41376 ,0.52274 ,-0.41927 ,1864.982 ,30612.55 ,25958.69 ,26300.65 ,26288.45 ,25985.7 ,25704.81 ,25347.25 ,25044.93 ,24718.52 ,24399.01 ,24046.37 ,23661.27 ,23211.98 ,22502.56 ,15963.48 ,5992.58 ,2703.783 ,728.9937 ,230.9919 ,71.31183 ,56.19492 ,41.95521 ,30.85705 ,17.54146 ,9.10107 ,10.17903 ,9.89273 ,0.34871 ,3.48918 ,-0.3512 ,1.00339 ,0.68067 ,0.75323 ,0.72579 ,0.26249 ,0.14607 ,-0.05361 ,0.61405 ,267.2496 ,3636.008 ,14843.49 ,39324.55 ,51176.76 ,49346.92 ,45025.65 ,39638.8 ,33494.67 ,26964.14 ,20102.88 ,13651.85 ,8248.749 ,4317.039 ,1910.006 ,709.3637 ,228.413 ,65.0826 ,15.89749 ,2.28657 ,0.04936 ,-0.55394 ,-0.11953 ,0.97509 
eb-21-52,7/19/2021,9:53:30 AM,0,="",140,ZR4,2000.0,0,128,2,60,5.43266 ,10.94494 ,2.28255 ,-4.14781 ,-7.89007 ,1873.063 ,30611.02 ,25965.61 ,26313.9 ,26265.95 ,26002.33 ,25684.93 ,25359.36 ,25043.94 ,24730.55 ,24399.76 ,24049.25 ,23651.75 ,23202 ,22496.57 ,15935.51 ,5974.062 ,2728.747 ,753.7952 ,206.6221 ,83.79208 ,55.53892 ,44.96737 ,32.9121 ,17.13286 ,13.42383 ,6.38632 ,3.07104 ,5.20609 ,1.75664 ,1.19004 ,-0.2099 ,1.80122 ,-0.45931 ,0.78248 ,0.4367 ,0.09512 ,-0.0086 ,-2.23964 ,273.2348 ,3662.729 ,14881.28 ,39345.14 ,51177.74 ,49343.5 ,45022.37 ,39627.76 ,33481.88 ,26951.27 ,20098.66 ,13654.47 ,8257.104 ,4315.209 ,1909.736 ,707.6578 ,227.5126 ,65.3597 ,14.8649 ,3.31221 ,0.60648 ,-0.46539 ,-0.20096 ,0.51674 
eb-21-52,7/19/2021,9:54:47 AM,0,="",150,ZR1,2000.0,0,128,2,61,-6.59229 ,-34.01301 ,-52.70633 ,-50.92353 ,-26.72091 ,1782.866 ,29107.4 ,24694.82 ,25010.68 ,24936.53 ,24677.12 ,24358.99 ,24051.34 ,23750.17 ,23463.15 ,23151.34 ,22825.05 ,22454.77 ,22035.17 ,21358.49 ,15139.1 ,5666.894 ,2583.458 ,708.3539 ,202.0669 ,86.47347 ,60.85065 ,42.17824 ,29.46821 ,6.29496 ,-11.83443 ,-3.66401 ,7.2548 ,13.97551 ,-6.03646 ,10.50662 ,5.4603 ,-6.34478 ,2.92682 ,2.67289 ,1.80824 ,-0.89542 ,-0.04288 ,1.21923 ,269.8934 ,3451.76 ,14062.71 ,37307.5 ,48598.03 ,46860.8 ,42746.46 ,37639.45 ,31820.02 ,25630.57 ,19094.47 ,12965.87 ,7844.121 ,4099.87 ,1802.134 ,673.1051 ,218.5178 ,63.20386 ,20.12951 ,-2.03444 ,1.48618 ,0.17287 ,-1.3338 ,-10.65202 
eb-21-52,7/19/2021,9:55:02 AM,0,="",150,ZR2,2000.0,0,128,2,62,7.38604 ,8.97529 ,8.68649 ,0.99746 ,3.18119 ,1767.947 ,29064.55 ,24649.42 ,24981.61 ,24930.63 ,24691.3 ,24386.44 ,24079.4 ,23773.56 ,23477.28 ,23161.37 ,22821.64 ,22459.06 ,22031.66 ,21366.5 ,15163.89 ,5701.11 ,2603.236 ,716.2595 ,198.7643 ,71.22371 ,50.76449 ,37.16458 ,30.55231 ,18.94562 ,11.72082 ,8.40367 ,4.42576 ,3.40863 ,1.92661 ,1.1802 ,0.80102 ,0.64077 ,0.40267 ,0.54219 ,0.32555 ,0.19874 ,0.06817 ,0.07346 ,255.5477 ,3434.435 ,14048.59 ,37314.39 ,48622.59 ,46882.68 ,42779.79 ,37646.96 ,31801.26 ,25606 ,19072.08 ,12970.22 ,7833.777 ,4097.37 ,1812.095 ,675.7787 ,215.4957 ,62.17196 ,15.71504 ,2.3642 ,0.5493 ,-0.93583 ,-0.12529 ,-0.02068 
eb-21-52,7/19/2021,9:55:18 AM,0,="",150,ZR3,2000.0,0,128,2,63,1.41084 ,-5.26155 ,-1.97914 ,0.78452 ,-1.80932 ,1769.234 ,29065.18 ,24648.26 ,24979.58 ,24932.81 ,24689.18 ,24387 ,24080.69 ,23772.55 ,23478.22 ,23159.09 ,22826.98 ,22461.83 ,22040.83 ,21356.72 ,15172.68 ,5672.175 ,2578.916 ,710.9574 ,191.4422 ,76.91636 ,48.19873 ,38.58238 ,29.71251 ,19.06529 ,12.75983 ,7.13207 ,5.23609 ,3.1908 ,1.71012 ,0.93397 ,1.05068 ,0.74675 ,0.25503 ,0.36938 ,0.18536 ,0.1428 ,0.07541 ,0.24747 ,259.2696 ,3447.887 ,14069.73 ,37340.86 ,48639.54 ,46896.51 ,42792.12 ,37658.01 ,31811.92 ,25604.95 ,19082.47 ,12961.27 ,7826.293 ,4089.551 ,1813.473 ,672.139 ,216.1324 ,62.22233 ,15.55885 ,1.35675 ,0.05121 ,-0.42953 ,-0.59469 ,-0.53142 
eb-21-52,7/19/2021,9:55:33 AM,0,="",150,ZR4,2000.0,0,128,2,64,-2.03274 ,-1.79955 ,-3.45033 ,-2.50291 ,-5.1908 ,1766.93 ,29062.03 ,24643.5 ,24981.92 ,24924.85 ,24692.68 ,24382.21 ,24071.78 ,23770.76 ,23469.92 ,23153.87 ,22820.89 ,22458.02 ,22031.35 ,21355.99 ,15148.6 ,5688.466 ,2598.073 ,713.9671 ,192.8422 ,71.85345 ,48.41873 ,37.85115 ,30.92895 ,19.13586 ,12.19465 ,7.63365 ,4.249 ,2.72254 ,1.3146 ,1.6628 ,0.76191 ,0.7908 ,0.43319 ,0.33005 ,0.39238 ,0.18942 ,0.00447 ,1.56401 ,255.561 ,3444.174 ,14063.03 ,37330.46 ,48632.89 ,46898.38 ,42780.69 ,37656.23 ,31804.04 ,25601.08 ,19078.84 ,12953.88 ,7824.572 ,4094.415 ,1816.069 ,672.9181 ,212.3434 ,63.87712 ,15.05052 ,3.84053 ,-0.11657 ,-0.5628 ,-0.60228 ,-2.2595 
eb-21-52,7/19/2021,9:55:54 AM,0,="",150,ZR5,2000.0,0,128,2,65,-1.8558 ,1.48917 ,-0.04844 ,3.25048 ,0.70107 ,1762.496 ,29055.07 ,24647.97 ,24974.16 ,24927.94 ,24688.88 ,24385.48 ,24076.96 ,23771.68 ,23471.93 ,23158.04 ,22822.21 ,22460.21 ,22033.14 ,21362.13 ,15181.38 ,5715.303 ,2608.213 ,712.2384 ,194.8353 ,72.73885 ,47.61826 ,38.38055 ,28.08632 ,18.65778 ,12.08583 ,8.48526 ,4.90016 ,2.50468 ,2.06208 ,1.48966 ,1.29263 ,0.73693 ,0.23161 ,0.29519 ,0.32012 ,0.03625 ,-0.01676 ,-0.63331 ,255.2707 ,3424.134 ,14021.54 ,37295.46 ,48619.41 ,46887.68 ,42768.28 ,37646.44 ,31804.06 ,25599.93 ,19083.55 ,12967.58 ,7828.791 ,4094.216 ,1812.397 ,670.3216 ,216.7922 ,62.92139 ,14.77393 ,2.56018 ,0.18531 ,-0.61734 ,-0.36151 ,0.50022 
eb-21-52,7/19/2021,9:56:09 AM,0,="",150,ZR6,2000.0,0,128,2,66,-2.34421 ,-3.61337 ,0.22355 ,8.85358 ,0.86474 ,1768.077 ,29059.22 ,24645.72 ,24979.69 ,24929.54 ,24687.21 ,24387.62 ,24075.33 ,23776.07 ,23470.12 ,23155.53 ,22826.16 ,22459.14 ,22030.65 ,21359.6 ,15154.52 ,5691.126 ,2598.736 ,707.2791 ,194.6032 ,76.35577 ,47.70488 ,36.07391 ,31.22785 ,18.39492 ,14.04856 ,5.87269 ,5.34811 ,3.35418 ,1.85914 ,1.24965 ,0.76189 ,0.69346 ,0.72752 ,0.19597 ,0.28992 ,0.18544 ,0.02781 ,-0.18456 ,255.8292 ,3437.734 ,14041.13 ,37295.79 ,48625.7 ,46882.4 ,42786.25 ,37652.85 ,31810.96 ,25602.57 ,19084.06 ,12965.85 ,7831.89 ,4097.298 ,1811.309 ,674.0209 ,215.1256 ,62.06362 ,15.22085 ,2.25174 ,-0.05158 ,-0.7162 ,-0.4772 ,-0.60838 
eb-21-52,7/19/2021,9:56:58 AM,0,="",160,ZR1,2000.0,0,128,2,67,4.12757 ,-33.81677 ,-67.94946 ,-84.70021 ,-73.91235 ,1613.03 ,27382.65 ,23263 ,23594.64 ,23557.11 ,23324.29 ,23021.83 ,22716.41 ,22415.29 ,22137.05 ,21835.31 ,21496.2 ,21118.43 ,20697.53 ,20071.42 ,14267.17 ,5359.954 ,2447.828 ,676.377 ,201.5606 ,101.0153 ,98.60986 ,100.4139 ,84.50294 ,37.19653 ,-2.73307 ,-2.0297 ,-11.34695 ,19.38708 ,1.70194 ,7.17519 ,-2.61151 ,-14.32856 ,-0.64011 ,7.43605 ,0.17725 ,0.64107 ,-0.75034 ,-0.74002 ,262.6206 ,3248.46 ,13216.51 ,35151.43 ,45866.2 ,44239.99 ,40361.42 ,35516.37 ,29990.9 ,24130.65 ,17979.76 ,12207.48 ,7382.241 ,3870.24 ,1712.138 ,634.5664 ,199.1944 ,52.09267 ,11.65459 ,5.51651 ,1.84025 ,0.22095 ,-1.35782 ,-2.76938 
eb-21-52,7/19/2021,9:57:14 AM,0,="",160,ZR2,2000.0,0,128,2,68,-5.67088 ,-8.95359 ,-6.51902 ,3.32318 ,11.71669 ,1673.487 ,27397.72 ,23238.38 ,23540.56 ,23484.58 ,23260.16 ,22971.63 ,22686.1 ,22401.49 ,22126.76 ,21831.16 ,21519.33 ,21175.44 ,20781.12 ,20143.98 ,14313.82 ,5379.578 ,2452.146 ,670.4601 ,183.1222 ,58.69257 ,28.97734 ,18.9457 ,14.70719 ,17.10836 ,15.17573 ,14.03846 ,6.93421 ,-4.07607 ,4.57829 ,0.15583 ,0.02219 ,1.03962 ,0.39993 ,1.14492 ,-0.07159 ,0.27288 ,-0.18058 ,-1.53907 ,233.0941 ,3216.612 ,13186.17 ,35122.83 ,45841.81 ,44212.9 ,40330.91 ,35505.52 ,29990.2 ,24136.21 ,17979.13 ,12212.92 ,7373.242 ,3865.677 ,1699.904 ,631.3643 ,203.4478 ,57.81682 ,13.62529 ,2.68886 ,-0.29791 ,-0.09265 ,-0.45446 ,1.28732 
eb-21-52,7/19/2021,9:57:29 AM,0,="",160,ZR3,2000.0,0,128,2,69,-0.14369 ,21.89216 ,16.277 ,-7.52025 ,-30.81731 ,1626.156 ,27376.82 ,23245.57 ,23569.7 ,23516.63 ,23273.69 ,22978.2 ,22687.14 ,22413.72 ,22136.78 ,21842.81 ,21514.03 ,21146.28 ,20731.38 ,20115.49 ,14316.49 ,5395.577 ,2473.827 ,700.2067 ,214.9513 ,107.3324 ,78.48878 ,54.49008 ,18.55862 ,-6.56717 ,12.89634 ,13.89655 ,-0.38995 ,3.75324 ,-0.56747 ,2.11361 ,1.87083 ,-0.67708 ,1.3928 ,-0.51968 ,0.81436 ,0.07832 ,0.04964 ,-1.49254 ,212.9322 ,3192.575 ,13159.35 ,35092.84 ,45804.9 ,44183.19 ,40318.9 ,35497.77 ,29997.38 ,24146.81 ,17993.28 ,12204.31 ,7379.242 ,3862.876 ,1702.672 ,635.0421 ,200.5745 ,59.55304 ,14.53671 ,1.19863 ,0.56226 ,0.30891 ,-0.86546 ,0.15403 
eb-21-52,7/19/2021,9:57:45 AM,0,="",160,ZR4,2000.0,0,128,2,70,-6.355 ,16.90418 ,3.70724 ,-10.93538 ,-21.50673 ,1632.112 ,27366.77 ,23234.99 ,23559.49 ,23510.89 ,23273.61 ,22981.77 ,22678.67 ,22411.26 ,22128.79 ,21837.91 ,21515.42 ,21161.98 ,20753.61 ,20129.46 ,14299.27 ,5386.176 ,2472.217 ,677.9219 ,191.0601 ,81.37244 ,54.37321 ,39.85583 ,29.10531 ,19.27869 ,18.53563 ,4.48617 ,8.51658 ,-1.3059 ,0.90021 ,4.26586 ,-2.02718 ,0.99743 ,1.16672 ,-0.11795 ,0.83882 ,0.08017 ,-0.17575 ,12.93502 ,250.4011 ,3220.135 ,13182.68 ,35106.46 ,45793.77 ,44164.16 ,40270.98 ,35445.9 ,29958.44 ,24147.05 ,18003.61 ,12206.63 ,7381.841 ,3848.169 ,1712.421 ,630.3068 ,205.7825 ,58.14106 ,13.763 ,1.81272 ,-0.15987 ,-0.25354 ,-0.40076 ,-0.37904 
eb-21-52,7/19/2021,9:58:01 AM,0,="",160,ZR5,2000.0,0,128,2,71,2.41728 ,-13.26146 ,-15.93999 ,-10.79796 ,12.28821 ,1661.879 ,27387.71 ,23221.07 ,23524.37 ,23482.02 ,23270.17 ,23000.32 ,22721.25 ,22428.48 ,22119.59 ,21809.44 ,21493.33 ,21158.04 ,20770.31 ,20148.71 ,14322.32 ,5390.01 ,2457.975 ,678.3754 ,194.9285 ,61.14694 ,33.45293 ,20.59034 ,18.46754 ,27.09357 ,20.8387 ,-2.1792 ,9.0532 ,0.13328 ,-0.43719 ,5.87076 ,-0.42422 ,1.98513 ,-0.46346 ,-1.13642 ,0.89579 ,0.12364 ,0.14275 ,0.47203 ,244.9077 ,3204.681 ,13159.17 ,35099.83 ,45830.03 ,44213.08 ,40326.94 ,35493.36 ,29982.4 ,24133.12 ,17980.09 ,12212.11 ,7379.937 ,3855.858 ,1707.244 ,636.5167 ,200.9966 ,55.9185 ,15.47171 ,1.51346 ,1.39907 ,-0.8754 ,-0.14484 ,-0.72626 
eb-21-52,7/19/2021,9:58:16 AM,0,="",160,ZR6,2000.0,0,128,2,72,-5.92614 ,-4.45844 ,0.37621 ,1.36655 ,-5.13985 ,1647.037 ,27382.07 ,23244.93 ,23557.86 ,23508.05 ,23273.93 ,22980.67 ,22695.49 ,22411.9 ,22123.28 ,21816.04 ,21496.65 ,21148.34 ,20762.45 ,20138.94 ,14329.34 ,5411.754 ,2486.999 ,700.2185 ,209.9452 ,94.02382 ,63.95812 ,39.08306 ,16.73952 ,7.40643 ,15.29428 ,-9.02838 ,15.16978 ,-0.9677 ,-0.76783 ,3.82809 ,-0.1316 ,1.28713 ,-0.22182 ,0.66729 ,-0.5149 ,0.2706 ,-0.13048 ,3.6539 ,246.2646 ,3213.821 ,13164.21 ,35104.66 ,45835.79 ,44213.45 ,40328.44 ,35484.92 ,29976.25 ,24136.28 ,17993.8 ,12221.34 ,7376.826 ,3854.328 ,1709.134 ,628.999 ,204.4491 ,56.64235 ,16.00002 ,2.37679 ,-0.195 ,-0.39306 ,-0.24209 ,-0.43709 
eb-21-52,7/19/2021,9:58:39 AM,0,="",160,ZR7,2000.0,0,128,2,73,-2.531 ,0.64631 ,-0.85798 ,0.26514 ,28.18836 ,1598.932 ,27382.96 ,23219.52 ,23546.24 ,23505.45 ,23279.67 ,22987.18 ,22689.58 ,22404.38 ,22116.72 ,21826.39 ,21518.2 ,21162.08 ,20765.63 ,20128.86 ,14300.68 ,5382.903 ,2458.105 ,678.4425 ,190.8308 ,74.57037 ,54.56525 ,45.05399 ,30.04045 ,12.6374 ,5.73191 ,9.26574 ,4.65231 ,1.4713 ,2.41417 ,0.13735 ,0.32494 ,1.2015 ,-1.05052 ,1.69839 ,0.11523 ,0.15032 ,-0.09376 ,1.44326 ,244.211 ,3208.537 ,13173.49 ,35133.31 ,45860.72 ,44224.09 ,40340.64 ,35497.97 ,29980.99 ,24129.61 ,17976.69 ,12213.82 ,7375.147 ,3845.032 ,1711.162 ,631.7569 ,203.8788 ,59.28614 ,17.33049 ,1.31684 ,-0.05877 ,-0.70928 ,-0.02247 ,-3.42873 
eb-21-52,7/19/2021,9:58:54 AM,0,="",160,ZR8,2000.0,0,128,2,74,-11.03453 ,-7.68768 ,-1.96977 ,2.2257 ,5.03652 ,1657.389 ,27388.74 ,23233.02 ,23548.18 ,23497.39 ,23264.97 ,22979.11 ,22680.15 ,22400.52 ,22121.14 ,21830.75 ,21516.3 ,21166.66 ,20766.44 ,20139.64 ,14303.8 ,5393.334 ,2473.869 ,677.9024 ,187.7248 ,79.55807 ,53.25596 ,38.53518 ,21.41871 ,4.67175 ,12.04509 ,9.95822 ,6.76515 ,-1.6429 ,3.30065 ,-0.0044 ,1.51553 ,1.78493 ,-0.58457 ,0.53332 ,-0.29468 ,0.08887 ,-0.09833 ,2.70577 ,235.7085 ,3203.028 ,13157.95 ,35110.43 ,45849.54 ,44230.78 ,40345.11 ,35500.85 ,29985.43 ,24134.32 ,17987.44 ,12210.76 ,7366.168 ,3852.69 ,1702.428 ,634.5848 ,203.6231 ,57.80274 ,15.81301 ,0.91506 ,0.90918 ,-0.74556 ,0.00501 ,0.29647 
eb-21-52,7/19/2021,9:59:34 AM,0,="",170,ZR1,2000.0,0,128,2,75,9.32145 ,13.84568 ,12.80025 ,1.18605 ,-7.67462 ,1541.657 ,25874.61 ,21955.66 ,22267.9 ,22229.43 ,22013.56 ,21738.84 ,21450.3 ,21175.7 ,20917.82 ,20646.95 ,20349.69 ,20011.68 ,19630.22 ,19015.97 ,13529.46 ,5105.781 ,2330.462 ,618.2652 ,173.0843 ,54.7885 ,42.83414 ,39.77819 ,28.98084 ,19.13074 ,10.2751 ,9.64977 ,3.73533 ,4.90614 ,-7.0223 ,6.46986 ,-2.57328 ,2.86497 ,2.07815 ,0.5187 ,0.23555 ,-0.30515 ,0.75825 ,-4.92682 ,220.1693 ,3012.817 ,12405.72 ,33177.78 ,43371.44 ,41849.57 ,38181.46 ,33599.03 ,28372.51 ,22818.55 ,16998.59 ,11554.04 ,6963.845 ,3637.872 ,1612.627 ,592.6565 ,189.9479 ,55.29177 ,15.02912 ,4.70439 ,0.25298 ,-1.108 ,-0.0117 ,0.37103 
eb-21-52,7/19/2021,9:59:50 AM,0,="",170,ZR2,2000.0,0,128,2,76,8.28381 ,-2.99441 ,-14.50489 ,-16.46686 ,-13.86393 ,1552.471 ,25891.97 ,21975.21 ,22267.47 ,22218 ,22006.15 ,21740.32 ,21464.16 ,21192.1 ,20909.29 ,20637.05 ,20339.12 ,20005.48 ,19643.71 ,19040.52 ,13543.16 ,5162.517 ,2408.345 ,624.3778 ,130.9236 ,92.08621 ,38.28562 ,24.45887 ,28.30532 ,22.66136 ,9.96097 ,3.87453 ,6.22185 ,4.85741 ,0.05749 ,-3.01718 ,2.91472 ,0.64458 ,0.95098 ,-0.75561 ,0.61098 ,-0.06303 ,0.12634 ,-0.19228 ,221.0297 ,3002.507 ,12386.38 ,33168.11 ,43374.42 ,41845.57 ,38167 ,33591.36 ,28359.03 ,22823.63 ,17020.24 ,11544.24 ,6965.256 ,3646.037 ,1609.821 ,599.681 ,190.7486 ,54.58076 ,13.36798 ,3.31341 ,-0.07584 ,-0.42693 ,-0.34751 ,-1.74169 
eb-21-52,7/19/2021,10:00:05 AM,0,="",170,ZR3,2000.0,0,128,2,77,-11.29914 ,-22.73601 ,-19.42704 ,3.40234 ,8.2313 ,1566.368 ,25892.12 ,21961.57 ,22260.01 ,22226.04 ,22024.17 ,21752.38 ,21465.85 ,21177.21 ,20890.94 ,20617.62 ,20341 ,20032.13 ,19660.3 ,19051.89 ,13549.97 ,5114.189 ,2334.196 ,632.4458 ,163.4533 ,51.58412 ,32.99431 ,26.39201 ,27.32919 ,19.88649 ,4.80135 ,10.93724 ,6.62757 ,-0.22835 ,1.30427 ,-1.91225 ,2.66982 ,-0.19241 ,0.30153 ,1.49932 ,-0.22512 ,-0.13659 ,0.21635 ,2.82192 ,216.0592 ,3005.23 ,12391.33 ,33159.83 ,43355.43 ,41840.23 ,38160.93 ,33587.68 ,28372.2 ,22838.77 ,17016.09 ,11541.64 ,6968.442 ,3644.484 ,1611.414 ,599.5407 ,192.2349 ,53.55258 ,13.73955 ,2.91704 ,0.47723 ,-0.38553 ,-0.40748 ,-2.82299 
eb-21-52,7/19/2021,10:00:21 AM,0,="",170,ZR4,2000.0,0,128,2,78,5.61499 ,-8.98103 ,-18.10814 ,-20.64816 ,-15.7161 ,1573.264 ,25897.86 ,21973.63 ,22259.9 ,22213.33 ,22004.9 ,21742.4 ,21463.9 ,21189.1 ,20911.47 ,20625.2 ,20323.27 ,20011.78 ,19649.53 ,19059.85 ,13557.17 ,5131.623 ,2356.864 ,654.2769 ,177.5162 ,56.45769 ,41.59226 ,17.3171 ,21.16203 ,25.60957 ,4.48697 ,-0.14847 ,17.02425 ,-3.50689 ,5.36507 ,-0.10315 ,-0.19809 ,1.79319 ,-0.37924 ,0.21349 ,0.70327 ,0.261 ,-0.11672 ,-1.97221 ,231.9733 ,3021.308 ,12414.33 ,33190.55 ,43384.12 ,41854.14 ,38178 ,33585.4 ,28368.17 ,22829.19 ,17007.23 ,11539.31 ,6977.433 ,3630.075 ,1612.74 ,596.4597 ,192.4086 ,55.20327 ,11.93726 ,3.58877 ,-0.27133 ,-0.54426 ,-0.13094 ,-3.19554 
eb-21-52,7/19/2021,10:01:12 AM,0,="",170,ZR5,2000.0,0,128,2,79,8.82356 ,4.67937 ,-1.41338 ,-11.41104 ,-12.4795 ,1541.479 ,25879.92 ,21964.34 ,22268.96 ,22229.3 ,22017.24 ,21741.09 ,21464.29 ,21188.28 ,20919.51 ,20635.77 ,20337.57 ,20005.99 ,19637.3 ,19037.61 ,13555.82 ,5114.75 ,2330.416 ,632.7906 ,182.859 ,70.50488 ,44.83254 ,33.5148 ,26.29858 ,17.19413 ,6.68146 ,5.01948 ,3.4162 ,5.05602 ,1.06271 ,1.36917 ,1.18121 ,0.67697 ,1.10727 ,-1.12076 ,0.91881 ,0.14387 ,0.06022 ,0.26294 ,219.2186 ,3002.188 ,12376.39 ,33155.87 ,43377.56 ,41853.56 ,38173.15 ,33598.2 ,28375.63 ,22840.09 ,16995.01 ,11544.19 ,6963.683 ,3642.839 ,1610.024 ,593.7624 ,192.7052 ,56.87451 ,14.07215 ,2.1189 ,0.75836 ,-0.34547 ,-0.38047 ,-1.83889 
eb-21-52,7/19/2021,10:01:28 AM,0,="",170,ZR6,2000.0,0,128,2,80,-10.53417 ,8.9731 ,-4.99172 ,5.42651 ,-3.1228 ,1541.66 ,25880.39 ,21963.37 ,22266.55 ,22221.74 ,22010.84 ,21741.41 ,21453.93 ,21185.21 ,20918.89 ,20636.96 ,20342.79 ,20017.83 ,19632.82 ,19035.96 ,13551.39 ,5117.224 ,2335.675 ,633.7762 ,174.428 ,70.64953 ,42.31613 ,39.37624 ,34.91544 ,11.39264 ,7.8751 ,5.4452 ,1.38767 ,3.70705 ,1.11864 ,-0.0768 ,0.49074 ,1.30738 ,0.44692 ,0.58596 ,0.08257 ,-0.00581 ,-0.09161 ,0.70897 ,219.3005 ,3000.894 ,12376.2 ,33155.55 ,43370.32 ,41844.75 ,38163.35 ,33580.52 ,28361.77 ,22830.54 ,17017.21 ,11544.54 ,6968.054 ,3642.701 ,1610.354 ,594.0467 ,190.9037 ,57.28214 ,13.06687 ,3.01236 ,-0.33358 ,-0.49808 ,-0.37203 ,0.82045 
eb-21-52,7/19/2021,10:02:20 AM,0,="",180,ZR1,2000.0,0,128,2,81,-0.94177 ,0.95718 ,4.95696 ,0.52944 ,9.66717 ,1451.748 ,24421.74 ,20727.31 ,21009.79 ,20975.83 ,20765.51 ,20518.63 ,20236.43 ,20006.02 ,19734.02 ,19477.12 ,19201.38 ,18894.4 ,18521.5 ,17966.27 ,12796.63 ,4858.117 ,2234.381 ,615.9616 ,166.8914 ,61.75237 ,45.3952 ,35.35203 ,30.92043 ,13.45326 ,9.88552 ,10.57613 ,2.76942 ,3.28697 ,3.66509 ,1.70539 ,1.46231 ,-0.90296 ,-0.5701 ,0.56014 ,-0.32311 ,-0.06891 ,0.43739 ,-3.17601 ,221.2181 ,2817.628 ,11631.06 ,31258.7 ,40975.42 ,39523.48 ,36056.94 ,31722.32 ,26776.26 ,21542.64 ,16046.34 ,10892.11 ,6576.771 ,3429.367 ,1516.979 ,559.2297 ,181.3768 ,53.98868 ,12.56631 ,1.2415 ,0.60242 ,-0.32061 ,-0.02118 ,0.78393 
eb-21-52,7/19/2021,10:02:36 AM,0,="",180,ZR2,2000.0,0,128,2,82,-2.7624 ,-8.36424 ,2.95803 ,-3.54909 ,-4.67394 ,1456.711 ,24425.19 ,20733.68 ,21018.01 ,20973.41 ,20771.46 ,20514.34 ,20253.4 ,20000.06 ,19746.21 ,19476.88 ,19198.41 ,18886.5 ,18532.14 ,17969.88 ,12810.84 ,4846.599 ,2214.919 ,607.2293 ,173.1634 ,60.75387 ,43.48178 ,33.89263 ,21.51615 ,15.14457 ,10.28059 ,4.81059 ,4.57936 ,1.70663 ,1.08855 ,1.39625 ,0.17896 ,0.34671 ,-0.11753 ,0.90666 ,0.18658 ,0.15026 ,-0.01494 ,-0.38234 ,210.1409 ,2810.636 ,11631.39 ,31267.57 ,40962.42 ,39533.12 ,36054.03 ,31722.75 ,26780.18 ,21548.35 ,16052.06 ,10889.73 ,6572.857 ,3433.887 ,1514.141 ,561.821 ,178.5309 ,52.9284 ,13.18375 ,2.44631 ,0.69951 ,-0.21456 ,-0.28735 ,0.28457 
eb-21-52,7/19/2021,10:02:52 AM,0,="",180,ZR3,2000.0,0,128,2,83,4.71301 ,-2.47576 ,-2.45453 ,-0.07628 ,-0.53225 ,1458.587 ,24423.18 ,20731.68 ,21012.81 ,20969.81 ,20769.18 ,20512.96 ,20252.4 ,19994.06 ,19746.49 ,19478.22 ,19199.18 ,18892.05 ,18536.2 ,17956.44 ,12823.26 ,4841.709 ,2193.209 ,571.4882 ,163.8598 ,89.07951 ,30.112 ,32.88057 ,27.02607 ,15.76191 ,8.20634 ,4.95086 ,5.04918 ,2.17032 ,1.667 ,0.48638 ,0.8871 ,0.24011 ,-0.07865 ,0.51014 ,-0.02637 ,0.00047 ,0.16205 ,0.34729 ,212.0274 ,2809.831 ,11626.53 ,31262.08 ,40957.43 ,39522.72 ,36047.82 ,31715.32 ,26780.22 ,21554.29 ,16051.32 ,10890.93 ,6569.97 ,3430.419 ,1516.063 ,563.0588 ,180.4277 ,52.53177 ,13.62106 ,2.11392 ,0.37803 ,-0.28305 ,-0.21775 ,-0.38325 
eb-21-52,7/19/2021,10:03:07 AM,0,="",180,ZR4,2000.0,0,128,2,84,-1.00961 ,-0.367 ,-1.49484 ,1.04191 ,-0.88031 ,1449.61 ,24421.61 ,20729.21 ,21010.11 ,20968.32 ,20768.01 ,20517.95 ,20253.91 ,19997.68 ,19741.72 ,19477.64 ,19196.19 ,18888.53 ,18534.1 ,17965.55 ,12814.53 ,4854.64 ,2217.504 ,607.0195 ,164.1852 ,65.2623 ,34.74359 ,38.34757 ,22.06896 ,19.00115 ,6.09247 ,6.54406 ,3.16956 ,2.64673 ,2.19247 ,0.58448 ,0.95721 ,0.4567 ,0.37698 ,0.3196 ,0.30228 ,0.22926 ,-0.01227 ,0.31223 ,201.7348 ,2798.903 ,11606.8 ,31249.77 ,40976.93 ,39540.46 ,36056.1 ,31724.7 ,26785.46 ,21553.88 ,16055.94 ,10890.78 ,6567.608 ,3430.054 ,1513.523 ,561.4612 ,180.9082 ,51.73715 ,12.6646 ,1.55483 ,1.04287 ,-0.19132 ,-0.32375 ,-0.15292 
eb-21-52,7/19/2021,10:04:02 AM,0,="",190,ZR1,2000.0,0,128,2,85,3.37225 ,5.3469 ,-8.59538 ,-6.65938 ,-4.95602 ,1350.171 ,22857.59 ,19411.78 ,19668.97 ,19626.4 ,19438.27 ,19198.45 ,18958.92 ,18719.37 ,18487.2 ,18234.61 ,17967.87 ,17677.71 ,17348.9 ,16822.99 ,12021.01 ,4572.143 ,2092.716 ,570.23 ,157.2521 ,60.11688 ,39.12207 ,25.77397 ,21.58285 ,13.11583 ,9.15703 ,4.53616 ,5.33694 ,0.89041 ,2.67497 ,0.4293 ,0.3953 ,0.84107 ,-0.47362 ,0.58157 ,0.16664 ,0.10719 ,0.08398 ,-0.72847 ,194.1734 ,2603.153 ,10816.26 ,29192.97 ,38334.42 ,37006.09 ,33750.49 ,29702.52 ,25070.48 ,20176.33 ,15036.89 ,10200.14 ,6153.8 ,3207.128 ,1420.856 ,525.9524 ,168.9063 ,48.59144 ,11.973 ,2.43065 ,-0.24745 ,-0.3049 ,-0.24827 ,-0.85695 
eb-21-52,7/19/2021,10:04:18 AM,0,="",190,ZR2,2000.0,0,128,2,86,-0.79437 ,-0.68889 ,-1.69172 ,-0.50868 ,-2.21123 ,1353.508 ,22854.52 ,19409.58 ,19671 ,19628.07 ,19436.9 ,19200.44 ,18952.38 ,18715.27 ,18480.32 ,18236.96 ,17967.78 ,17683.55 ,17346.35 ,16817.33 ,12008.6 ,4557.346 ,2080.864 ,565.8051 ,143.1225 ,82.52027 ,7.00923 ,54.41103 ,9.96651 ,13.3505 ,8.53403 ,8.37949 ,0.36563 ,4.31318 ,0.53739 ,1.05711 ,0.87868 ,0.21384 ,0.49592 ,0.57301 ,-0.17445 ,0.04468 ,0.09857 ,0.30593 ,199.5341 ,2620.684 ,10841.64 ,29221.51 ,38351.41 ,37012.33 ,33758.92 ,29695.66 ,25068.34 ,20177.68 ,15032.73 ,10193.56 ,6149.314 ,3211.048 ,1419.009 ,525.9031 ,169.9631 ,50.56926 ,11.37668 ,1.82814 ,0.31411 ,-0.49815 ,-0.3024 ,0.2058 
eb-21-52,7/19/2021,10:04:37 AM,0,="",190,ZR3,2000.0,0,128,2,87,-1.2594 ,-2.67354 ,-5.20844 ,-0.48899 ,-0.26832 ,1351.523 ,22851.6 ,19403.48 ,19669.75 ,19627.87 ,19437.46 ,19194.64 ,18955.41 ,18716.54 ,18480.18 ,18232.05 ,17969.01 ,17680.14 ,17344.38 ,16816.23 ,12000.67 ,4570.241 ,2100.534 ,574.5944 ,151.2891 ,58.77683 ,40.15166 ,26.61531 ,20.7243 ,12.07721 ,9.60401 ,6.61342 ,3.76278 ,1.26886 ,1.50967 ,0.67917 ,0.46716 ,0.55237 ,0.50955 ,0.24014 ,0.41186 ,0.15682 ,0.03243 ,0.27511 ,196.136 ,2609.887 ,10821.15 ,29173.9 ,38336.55 ,37039.21 ,33746.8 ,29705.37 ,25075.47 ,20179.77 ,15027.35 ,10194.78 ,6147.712 ,3211.35 ,1418.324 ,524.0967 ,169.1151 ,49.16053 ,12.50178 ,1.5934 ,0.38817 ,-0.41007 ,-0.47013 ,0.41862 
eb-21-52,7/19/2021,10:04:52 AM,0,="",190,ZR4,2000.0,0,128,2,88,6.88579 ,2.30452 ,1.34482 ,-2.15763 ,-2.69992 ,1349.494 ,22851.06 ,19400.46 ,19667.66 ,19627.48 ,19440.95 ,19201.34 ,18957.08 ,18714.11 ,18478.65 ,18223.17 ,17962.04 ,17678.72 ,17341.69 ,16816.87 ,12004.36 ,4565.414 ,2094.632 ,573.3647 ,158.5142 ,56.69187 ,40.42774 ,27.57372 ,21.05537 ,15.09899 ,9.07275 ,3.58872 ,5.39073 ,1.03447 ,0.54534 ,1.0812 ,0.28086 ,0.42342 ,-0.1114 ,0.30767 ,0.04006 ,0.07589 ,0.0628 ,-0.4818 ,191.8183 ,2605.15 ,10815.73 ,29193.43 ,38335.53 ,37000.69 ,33746.3 ,29687.27 ,25072.61 ,20173.68 ,15027.37 ,10199.68 ,6162.251 ,3203.825 ,1419.734 ,527.2004 ,167.7286 ,48.38944 ,12.52238 ,1.8761 ,0.90454 ,-0.43218 ,-0.3202 ,-1.00391 
eb-21-52,7/19/2021,10:05:34 AM,0,="",200,ZR1,2000.0,0,128,2,89,-1.74869 ,1.08984 ,0.18469 ,0.36676 ,2.44503 ,1253.776 ,21356.14 ,18141.31 ,18388.95 ,18356.25 ,18181.51 ,17955.01 ,17724.7 ,17498.46 ,17276.43 ,17050.06 ,16801.31 ,16537.62 ,16220.52 ,15727.34 ,11258.66 ,4301.182 ,1972.301 ,542.0963 ,151.943 ,53.8792 ,37.02294 ,29.14406 ,21.22516 ,11.71047 ,9.08334 ,6.25293 ,4.26315 ,1.82171 ,2.8298 ,0.5584 ,0.35347 ,0.68093 ,0.22965 ,0.11003 ,0.54662 ,0.19562 ,0.08973 ,-0.36119 ,176.9096 ,2411.644 ,10046.5 ,27232.28 ,35837.43 ,34613.06 ,31572.37 ,27779.49 ,23453.7 ,18870.86 ,14052.91 ,9540.482 ,5751.206 ,3002.876 ,1325.969 ,491.4515 ,157.6701 ,45.98261 ,11.28442 ,2.74871 ,0.37985 ,-0.2043 ,-0.17473 ,-0.02932 
eb-21-52,7/19/2021,10:05:49 AM,0,="",200,ZR2,2000.0,0,128,2,90,3.53563 ,1.38368 ,-0.84856 ,3.23668 ,3.29773 ,1257.642 ,21359.27 ,18142.35 ,18393.67 ,18357.11 ,18174.81 ,17949.96 ,17720.34 ,17499.53 ,17278.04 ,17048.48 ,16804.31 ,16530.24 ,16219.56 ,15722.81 ,11248.99 ,4306.958 ,1980.103 ,539.2872 ,143.4416 ,60.52858 ,38.83887 ,25.43081 ,21.5978 ,10.78664 ,9.19915 ,7.48932 ,2.49434 ,1.30186 ,1.92914 ,0.87388 ,0.5141 ,0.87847 ,0.05599 ,0.49032 ,0.27332 ,0.12454 ,-0.02435 ,0.36299 ,181.0134 ,2422.942 ,10049.85 ,27230.06 ,35833.06 ,34605.65 ,31564.54 ,27776.84 ,23451.96 ,18871.86 ,14054.86 ,9536.594 ,5750.779 ,3003.926 ,1325.129 ,493.0675 ,157.136 ,44.80021 ,12.19347 ,1.8502 ,0.20404 ,-0.27276 ,-0.00515 ,-0.41921 
eb-21-52,7/19/2021,10:06:05 AM,0,="",200,ZR3,2000.0,0,128,2,91,3.44542 ,-0.35717 ,3.61895 ,2.59044 ,1.25802 ,1251.63 ,21354.79 ,18135.08 ,18392.72 ,18358.37 ,18175.65 ,17956.21 ,17723.39 ,17506.42 ,17273.16 ,17035.04 ,16804.72 ,16544.58 ,16219.28 ,15728.89 ,11245.35 ,4311.501 ,1979.661 ,542.4263 ,141.5747 ,52.88136 ,24.53942 ,44.79297 ,6.31211 ,15.37531 ,6.00787 ,8.23479 ,3.93111 ,1.98764 ,1.412 ,-0.12747 ,-0.43514 ,0.1307 ,0.90246 ,0.45695 ,0.07171 ,0.11161 ,0.07865 ,-1.15473 ,237.2874 ,2367.554 ,9975.385 ,27203.51 ,35863.15 ,34634.65 ,31572.31 ,27779.25 ,23454.34 ,18872.61 ,14058.19 ,9533.299 ,5749.698 ,3001.18 ,1323.98 ,494.123 ,156.7219 ,42.2331 ,12.10646 ,2.52822 ,0.4497 ,-0.12197 ,-0.09333 ,-0.7071 
eb-21-52,7/19/2021,10:06:20 AM,0,="",200,ZR4,2000.0,0,128,2,92,-1.38336 ,0.40909 ,1.45618 ,-3.2358 ,-3.35938 ,1249.216 ,21354.76 ,18141.89 ,18392.41 ,18356.44 ,18180.44 ,17959.82 ,17728.26 ,17504.24 ,17281.42 ,17047.5 ,16805.67 ,16534.77 ,16219.58 ,15728.86 ,11254.58 ,4295.328 ,1969.168 ,545.3627 ,154.814 ,48.6344 ,40.55449 ,27.18584 ,22.72189 ,14.26861 ,8.28621 ,4.77568 ,4.53379 ,0.08558 ,2.96026 ,0.79309 ,0.10666 ,1.01226 ,0.41158 ,0.38742 ,0.09064 ,0.00503 ,0.0351 ,0.11039 ,178.4356 ,2405.302 ,10044.45 ,27233.83 ,35840.23 ,34616.08 ,31578.57 ,27777.61 ,23457.01 ,18877.17 ,14060.76 ,9537.328 ,5747.909 ,3006.524 ,1326.744 ,491.6639 ,157.2669 ,45.65294 ,11.62928 ,1.83684 ,0.68115 ,-0.14269 ,-0.3616 ,0.65286 
eb-21-52,7/19/2021,10:06:59 AM,0,="",210,ZR1,2000.0,0,128,2,93,1.12162 ,8.90192 ,-10.16503 ,-2.60739 ,6.42499 ,1159.294 ,19874.67 ,16890.46 ,17118.49 ,17085.34 ,16921.53 ,16716.17 ,16502.06 ,16294.36 ,16084.65 ,15871.19 ,15645.96 ,15392 ,15101.59 ,14641.98 ,10489.62 ,4033.928 ,1859.946 ,506.5794 ,131.1007 ,51.44194 ,34.17609 ,26.43555 ,22.60887 ,16.44549 ,6.74785 ,5.58629 ,3.1509 ,1.96295 ,0.84631 ,1.20613 ,0.36856 ,0.68703 ,0.54655 ,0.13958 ,-0.0842 ,0.18749 ,0.0315 ,0.37883 ,154.2718 ,2210.182 ,9292.165 ,25316.58 ,33378.67 ,32235.34 ,29407.2 ,25871.89 ,21841.87 ,17572.28 ,13088.59 ,8881.177 ,5352.784 ,2793.891 ,1235.238 ,457.3391 ,146.2352 ,41.50376 ,10.66679 ,2.33002 ,0.32001 ,-0.19683 ,-0.21816 ,-0.16171 
eb-21-52,7/19/2021,10:07:15 AM,0,="",210,ZR2,2000.0,0,128,2,94,-6.17101 ,-0.31806 ,-3.17309 ,5.42191 ,1.62642 ,1160.757 ,19873.84 ,16889.42 ,17120.55 ,17087.97 ,16921.08 ,16715.57 ,16500.23 ,16294.84 ,16088.03 ,15869.94 ,15645.35 ,15392.33 ,15097.96 ,14643.12 ,10493.33 ,4034.912 ,1861.575 ,513.5392 ,139.6295 ,43.83527 ,37.45878 ,23.88241 ,19.16692 ,11.2462 ,8.13782 ,6.59699 ,2.15988 ,2.87212 ,1.06388 ,1.05639 ,0.61438 ,0.54405 ,0.20914 ,0.37508 ,0.19274 ,0.23707 ,0.09227 ,3.23917 ,199.4887 ,2127.44 ,9201.515 ,25245.55 ,33381.31 ,32286.44 ,29428.2 ,25850.43 ,21844.4 ,17569.3 ,13088.29 ,8877.222 ,5351.698 ,2794.175 ,1235.281 ,458.6918 ,146.6418 ,41.77826 ,10.98111 ,1.68462 ,0.26443 ,-0.11395 ,-0.25227 ,-0.15151 
eb-21-52,7/19/2021,10:07:31 AM,0,="",210,ZR3,2000.0,0,128,2,95,0.86123 ,2.14009 ,-0.48228 ,4.56748 ,0.73848 ,1157.548 ,19869.72 ,16884.25 ,17123.05 ,17084.77 ,16914.52 ,16716.43 ,16497.56 ,16294.05 ,16086.51 ,15871.27 ,15641.89 ,15386.41 ,15097.93 ,14639.62 ,10499.19 ,4039.719 ,1855.694 ,497.6879 ,142.7869 ,60.97553 ,26.92444 ,28.57518 ,19.47252 ,13.32306 ,9.09579 ,5.35895 ,3.4555 ,2.59306 ,1.29361 ,0.65706 ,1.38105 ,-0.05974 ,0.53234 ,0.07461 ,0.47682 ,0.09917 ,0.14448 ,-0.12635 ,165.5598 ,2218.829 ,9296.587 ,25315.27 ,33381.84 ,32257.05 ,29416.63 ,25878.29 ,21835.97 ,17567.15 ,13087.21 ,8879.66 ,5353.226 ,2792.806 ,1230.722 ,459.2667 ,145.9467 ,42.56062 ,11.69669 ,1.35189 ,0.83289 ,-0.29032 ,-0.16159 ,-0.53751 
eb-21-52,7/19/2021,10:07:46 AM,0,="",210,ZR4,2000.0,0,128,2,96,0.4728 ,0.56828 ,0.50715 ,1.33856 ,-2.82918 ,1170.574 ,19876.29 ,16844.03 ,17151.37 ,17069.54 ,16932.03 ,16711.85 ,16504.49 ,16292.92 ,16087.95 ,15873.67 ,15642.73 ,15392.76 ,15101.52 ,14643.26 ,10503.68 ,4045.199 ,1865.984 ,504.2176 ,135.6391 ,51.54767 ,35.43706 ,24.03034 ,17.79436 ,14.73594 ,8.20178 ,4.63732 ,2.83709 ,2.53739 ,1.49736 ,0.67221 ,0.91435 ,0.80141 ,0.06322 ,0.14631 ,0.25243 ,0.04505 ,-0.06197 ,0.22966 ,162.7227 ,2213.362 ,9286.918 ,25298.65 ,33375.73 ,32261.86 ,29415.76 ,25879.18 ,21845.14 ,17575.85 ,13088.92 ,8877.119 ,5351.514 ,2793.885 ,1235.537 ,457.4464 ,146.8221 ,42.25312 ,10.82003 ,2.07346 ,0.54013 ,-0.28318 ,-0.33957 ,-0.09814 
eb-21-52,7/19/2021,10:08:24 AM,0,="",220,ZR1,2000.0,0,128,2,97,3.47375 ,-0.50678 ,-1.82309 ,-4.17731 ,-4.29597 ,1068.674 ,18582.92 ,15802.45 ,16015.7 ,15983.41 ,15827.09 ,15634 ,15435.54 ,15243.98 ,15053.04 ,14851.75 ,14633.87 ,14403.59 ,14128.81 ,13700.31 ,9842.458 ,3793.247 ,1747.872 ,480.7586 ,132.8627 ,47.30624 ,30.96514 ,24.52995 ,18.56185 ,13.05397 ,9.80121 ,2.4948 ,5.08365 ,1.12205 ,1.03195 ,0.52243 ,0.16278 ,0.48135 ,0.41377 ,0.46427 ,0.06581 ,0.12996 ,0.00804 ,1.2551 ,149.24 ,2049.9 ,8638.539 ,23612.33 ,31197.96 ,30184.31 ,27517.58 ,24209.64 ,20440.65 ,16455.36 ,12248.02 ,8308.422 ,5007.193 ,2611.366 ,1155.827 ,425.6566 ,138.5487 ,39.52945 ,8.87536 ,2.85728 ,-0.45952 ,-0.2818 ,-0.20517 ,-0.66543 
eb-21-52,7/19/2021,10:08:40 AM,0,="",220,ZR2,2000.0,0,128,2,98,6.38238 ,5.37801 ,4.07342 ,-2.5966 ,-2.8788 ,1062.495 ,18586.69 ,15793.31 ,16015.06 ,15975.41 ,15831.81 ,15631.65 ,15441.63 ,15216.85 ,15069.98 ,14836.8 ,14632.09 ,14395.29 ,14126 ,13698.38 ,9832.222 ,3797.805 ,1752.242 ,486.4092 ,128.157 ,48.45668 ,31.20094 ,23.35746 ,19.84521 ,12.91445 ,6.85416 ,5.17665 ,3.02101 ,2.0046 ,0.66339 ,0.36069 ,1.14793 ,0.03873 ,0.10104 ,0.46787 ,0.20297 ,0.09104 ,0.03041 ,4.72915 ,45.77402 ,1971.438 ,8611.97 ,23696.54 ,31286.99 ,30140.74 ,27503.14 ,24226.76 ,20428.28 ,16444.46 ,12247.25 ,8306.356 ,5006.917 ,2609.82 ,1154.945 ,428.3411 ,138.7128 ,39.54286 ,10.03569 ,1.76235 ,0.14965 ,-0.31896 ,-0.19922 ,-0.71964 
eb-21-52,7/19/2021,10:08:56 AM,0,="",220,ZR3,2000.0,0,128,2,99,-2.38725 ,-6.63472 ,-1.06692 ,-0.67306 ,2.68552 ,1069.381 ,18577.71 ,15798.14 ,16009.54 ,15980.99 ,15831.59 ,15634.63 ,15434.4 ,15242.26 ,15046.41 ,14848.51 ,14630.87 ,14398.15 ,14125.63 ,13699.01 ,9831.508 ,3779.004 ,1737.947 ,481.1752 ,135.6555 ,49.26339 ,27.86451 ,28.69016 ,16.55883 ,13.46618 ,7.57776 ,4.32148 ,3.3044 ,1.58911 ,1.1125 ,0.07119 ,1.18084 ,0.44303 ,0.51973 ,-0.01003 ,0.14947 ,0.03062 ,0.03614 ,-0.03644 ,149.9704 ,2041.076 ,8603.06 ,23594.89 ,31229.58 ,30179.35 ,27531.02 ,24212.67 ,20438.79 ,16447.59 ,12245.65 ,8302.898 ,5005.668 ,2614.528 ,1155.357 ,427.4804 ,137.867 ,42.43145 ,7.72008 ,2.16768 ,-0.28728 ,-0.42696 ,-0.35168 ,0.36258 
eb-21-52,7/19/2021,10:09:11 AM,0,="",220,ZR4,2000.0,0,128,2,100,3.2841 ,-14.85562 ,7.64351 ,-10.5355 ,0.41815 ,1063.022 ,18572.98 ,15795.84 ,16013.03 ,15976.33 ,15830.28 ,15629.9 ,15435.65 ,15239.2 ,15051.71 ,14842.69 ,14632.14 ,14402.84 ,14122.2 ,13699.33 ,9842.109 ,3798.284 ,1751.86 ,478.2657 ,130.3129 ,47.83845 ,35.63984 ,23.78262 ,3.96495 ,10.64875 ,12.39859 ,5.91328 ,4.15439 ,2.71645 ,1.37847 ,0.88213 ,0.74284 ,0.18357 ,0.51677 ,0.37956 ,0.09803 ,0.0672 ,0.11248 ,0.32898 ,146.8009 ,2030.789 ,8594.352 ,23591.73 ,31229.62 ,30188.08 ,27529.22 ,24216.35 ,20442.12 ,16446.53 ,12248.84 ,8301.703 ,5000.074 ,2611.973 ,1157.624 ,426.1717 ,137.5959 ,39.26896 ,9.16173 ,2.31167 ,0.07696 ,-0.13773 ,-0.41107 ,-0.11322 
eb-21-52,7/19/2021,10:10:32 AM,0,="",220,ZR5,2000.0,0,128,2,101,3.76175 ,0.98683 ,1.21904 ,-2.83275 ,-2.98883 ,1065.264 ,18573.86 ,15796.32 ,16013.66 ,15982.86 ,15826.39 ,15631.69 ,15438.59 ,15240.65 ,15046.71 ,14843.57 ,14631.1 ,14395.52 ,14125.97 ,13697.19 ,9845.829 ,3808.423 ,1755.721 ,483.1329 ,129.6305 ,45.45915 ,38.82699 ,16.83502 ,16.41353 ,15.95884 ,8.18377 ,5.49652 ,3.83531 ,1.2432 ,1.34465 ,0.66641 ,0.93392 ,0.49062 ,-0.22027 ,-0.2975 ,0.83017 ,0.05912 ,0.1797 ,1.99891 ,146.3918 ,2026.174 ,8583.991 ,23592.06 ,31249.22 ,30202.36 ,27541.43 ,24221.31 ,20443.64 ,16443.84 ,12242.69 ,8300.349 ,5003.715 ,2607.067 ,1151.805 ,427.7434 ,137.1209 ,38.69565 ,9.78619 ,1.19262 ,0.58506 ,-0.31888 ,-0.09527 ,-0.62992 
eb-21-52,7/19/2021,10:10:48 AM,0,="",220,ZR6,2000.0,0,128,2,102,-3.48674 ,-0.61036 ,-0.39743 ,2.86157 ,-1.18859 ,1067.533 ,18571.72 ,15796.76 ,16014.13 ,15975.81 ,15825.42 ,15629.69 ,15438.06 ,15239.55 ,15047.46 ,14845.91 ,14637.66 ,14383.82 ,14121.17 ,13704.16 ,9844.082 ,3802.133 ,1758.014 ,477.3138 ,122.3255 ,48.22935 ,34.54522 ,18.53693 ,17.84224 ,11.12901 ,8.71147 ,6.89501 ,2.30396 ,1.89271 ,2.07668 ,1.19859 ,0.35377 ,0.61058 ,-0.31278 ,0.54147 ,0.24843 ,0.04133 ,0.06721 ,-0.33256 ,149.6217 ,2029.012 ,8569.924 ,23576.43 ,31249.56 ,30205.19 ,27542.62 ,24228.42 ,20445.58 ,16450.41 ,12243.11 ,8304.192 ,5000.454 ,2607.67 ,1150.978 ,425.893 ,137.0601 ,39.25282 ,9.3704 ,2.00765 ,0.59148 ,-0.06348 ,-0.23855 ,-0.54713 
eb-21-52,7/19/2021,10:11:57 AM,0,="",230,ZR1,2000.0,0,128,2,103,3.37049 ,-0.49035 ,-3.22049 ,-0.84016 ,-1.83934 ,990.7999 ,17370.88 ,14787.94 ,14988.09 ,14956.8 ,14813.15 ,14629.24 ,14445.18 ,14265.99 ,14084.99 ,13898.37 ,13697.01 ,13476.17 ,13221.53 ,12819.75 ,9244.093 ,3589.453 ,1661.327 ,459.48 ,125.375 ,50.50226 ,30.8077 ,24.02838 ,19.22909 ,8.86256 ,7.22873 ,7.05917 ,1.64903 ,2.36027 ,0.78501 ,0.88324 ,0.22531 ,0.29541 ,0.07369 ,0.32763 ,0.08951 ,0.07653 ,0.09964 ,-0.25097 ,138.6413 ,1873.945 ,7960.198 ,21997.43 ,29231.71 ,28271.65 ,25787.6 ,22682.12 ,19142.45 ,15405.58 ,11469.22 ,7773.284 ,4684.038 ,2439.773 ,1079.172 ,399.0785 ,128.79 ,36.61118 ,9.27432 ,1.85411 ,-0.01083 ,-0.18768 ,-0.24969 ,-0.21787 
eb-21-52,7/19/2021,10:12:13 AM,0,="",230,ZR2,2000.0,0,128,2,104,1.08049 ,1.10524 ,0.30925 ,-0.30696 ,0.30765 ,985.4101 ,17364.48 ,14789.88 ,14985.07 ,14961.13 ,14813.89 ,14634.79 ,14450.05 ,14265.87 ,14068.14 ,13924.33 ,13680.55 ,13485.97 ,13217.56 ,12820.73 ,9244.368 ,3591.775 ,1660.055 ,454.4663 ,124.7261 ,44.06787 ,31.04971 ,22.09742 ,17.23115 ,12.25739 ,6.98635 ,4.61407 ,3.24759 ,1.55218 ,1.18632 ,0.84707 ,1.54378 ,0.05971 ,0.24452 ,0.17141 ,0.07058 ,0.0617 ,0.04319 ,0.52827 ,138.3204 ,1867.561 ,7951.071 ,21991.64 ,29238.22 ,28283.64 ,25792.1 ,22694.16 ,19145.67 ,15407.6 ,11467.16 ,7774.296 ,4680.458 ,2442.378 ,1076.855 ,398.6705 ,127.7933 ,37.35394 ,9.47814 ,0.80014 ,0.79241 ,-0.12625 ,-0.2235 ,-0.13777 
eb-21-52,7/19/2021,10:12:29 AM,0,="",230,ZR3,2000.0,0,128,2,105,-1.44733 ,0.3858 ,5.90601 ,-0.92143 ,-10.33624 ,990.1245 ,17371.35 ,14786.51 ,14983.23 ,14960.64 ,14815.18 ,14634.08 ,14448.35 ,14265.42 ,14083.49 ,13898.13 ,13694.29 ,13473.63 ,13222.72 ,12821.62 ,9247.168 ,3599.176 ,1668.401 ,455.3524 ,120.9318 ,48.88444 ,29.4035 ,21.8934 ,17.59424 ,11.31789 ,6.27329 ,4.21807 ,2.96663 ,1.72147 ,1.14123 ,0.0733 ,0.31974 ,0.15533 ,0.13066 ,-0.08406 ,0.19881 ,0.08309 ,0.06909 ,0.32636 ,139.0386 ,1866.451 ,7949.646 ,22001.86 ,29242.01 ,28277.64 ,25797.37 ,22687.77 ,19146.13 ,15391.81 ,11472.28 ,7781.647 ,4681.062 ,2438.23 ,1077.011 ,398.4629 ,130.9978 ,34.4307 ,9.67626 ,1.65534 ,0.70573 ,-0.20121 ,-0.18229 ,-0.49768 
eb-21-52,7/19/2021,10:12:44 AM,0,="",230,ZR4,2000.0,0,128,2,106,4.07428 ,-0.4685 ,2.78242 ,2.59059 ,0.13237 ,984.9769 ,17365.68 ,14785.89 ,14987.52 ,14960.71 ,14817.21 ,14634.64 ,14445.99 ,14267.36 ,14083.82 ,13897.38 ,13696.24 ,13475.39 ,13219.14 ,12822.31 ,9244.277 ,3600.83 ,1667.884 ,456.514 ,128.2147 ,43.70838 ,31.39185 ,23.20136 ,18.29614 ,12.83638 ,7.00425 ,4.45814 ,2.66766 ,1.56469 ,1.03981 ,1.12344 ,0.50293 ,0.32568 ,0.09983 ,0.3225 ,0.19199 ,0.19837 ,-0.01414 ,-0.36411 ,135.7471 ,1871.943 ,7949.282 ,21991.33 ,29237.67 ,28280.77 ,25794.92 ,22690.57 ,19144.2 ,15403.85 ,11464.81 ,7771.358 ,4682.437 ,2441.146 ,1077.179 ,400.3608 ,128.515 ,37.63387 ,8.26384 ,1.53486 ,0.73857 ,-0.17662 ,-0.1733 ,-0.48259 
eb-21-52,7/19/2021,10:13:51 AM,0,="",240,ZR1,2000.0,0,128,2,107,-1.31602 ,-0.46751 ,0.65172 ,-4.84691 ,-0.99936 ,902.351 ,16161.44 ,13758.68 ,13949.41 ,13926.03 ,13792.94 ,13618.1 ,13452.33 ,13280.86 ,13109.67 ,12936.24 ,12746.67 ,12546.34 ,12306.56 ,11935.88 ,8620.394 ,3368.475 ,1560.626 ,426.1628 ,112.8989 ,47.63436 ,28.47082 ,19.15319 ,2.91895 ,14.93605 ,7.11315 ,5.06294 ,2.88552 ,1.86791 ,1.16735 ,1.00882 ,0.85675 ,0.42366 ,0.53408 ,-0.12186 ,-0.01083 ,0.09861 ,0.02746 ,0.50175 ,124.9047 ,1718.561 ,7338.342 ,20419.01 ,27223.47 ,26342.64 ,24026.27 ,21130.24 ,17829.86 ,14346.35 ,10676.68 ,7233.964 ,4357.838 ,2267.385 ,1002.772 ,369.9068 ,118.9563 ,34.13441 ,8.19465 ,2.30044 ,0.07934 ,-0.06353 ,-0.22507 ,-0.84597 
eb-21-52,7/19/2021,10:14:07 AM,0,="",240,ZR2,2000.0,0,128,2,108,0.78991 ,1.22854 ,1.77505 ,-1.06223 ,-0.25931 ,912.6712 ,16152.11 ,13763.4 ,13950.14 ,13923.97 ,13792.99 ,13616.11 ,13445.56 ,13275.79 ,13111.59 ,12937.51 ,12748.72 ,12538.35 ,12302.88 ,11934.62 ,8620.784 ,3370.19 ,1563.061 ,435.209 ,125.2436 ,47.88357 ,30.8538 ,19.76371 ,14.15058 ,10.47611 ,11.03112 ,3.21573 ,2.94842 ,0.78122 ,1.51759 ,1.27184 ,-0.0708 ,0.08907 ,-0.95241 ,0.97134 ,0.3351 ,0.09695 ,0.0724 ,-0.88812 ,123.3375 ,1714.827 ,7340.981 ,20422.8 ,27226.53 ,26355.63 ,24023.87 ,21137.27 ,17828.11 ,14345.55 ,10670.06 ,7232.916 ,4355.678 ,2270.098 ,1000.166 ,370.6371 ,118.1981 ,33.53794 ,8.2346 ,2.29607 ,0.33108 ,-0.12522 ,-0.13562 ,0.17931 
eb-21-52,7/19/2021,10:14:22 AM,0,="",240,ZR3,2000.0,0,128,2,109,4.78482 ,1.23685 ,-1.36585 ,-1.6786 ,-1.7527 ,904.6139 ,16153.49 ,13760.3 ,13947.62 ,13920.78 ,13786.78 ,13619.51 ,13445.41 ,13276.55 ,13106.13 ,12932.55 ,12745.13 ,12544.19 ,12307.01 ,11933.07 ,8625.852 ,3373.036 ,1563.77 ,429.3427 ,120.7979 ,43.73687 ,31.24335 ,19.32416 ,13.71183 ,11.60504 ,8.02126 ,4.20559 ,2.81785 ,1.4335 ,-0.07113 ,0.26413 ,1.66944 ,0.30066 ,0.24184 ,-0.21708 ,0.24387 ,0.09629 ,0.03002 ,-0.21125 ,128.3065 ,1719.209 ,7336.426 ,20411.76 ,27216.38 ,26338.71 ,24023.39 ,21125.67 ,17826.19 ,14342.62 ,10677.47 ,7233.933 ,4358.741 ,2269.506 ,1003.174 ,370.1717 ,119.7944 ,33.64077 ,8.12406 ,1.93901 ,0.07619 ,-0.16333 ,-0.18887 ,-0.48884 
eb-21-52,7/19/2021,10:14:38 AM,0,="",240,ZR4,2000.0,0,128,2,110,1.39527 ,4.72902 ,0.67041 ,2.94405 ,-3.30351 ,907.4206 ,16152.98 ,13758.48 ,13945.76 ,13919.52 ,13789.42 ,13620.14 ,13446.26 ,13275.56 ,13107.37 ,12930.79 ,12743.57 ,12544.84 ,12299.88 ,11933.36 ,8619.388 ,3367.438 ,1564.819 ,434.8587 ,118.9506 ,42.47567 ,29.64341 ,20.85519 ,17.4643 ,10.84972 ,6.1676 ,3.40447 ,3.15583 ,1.56558 ,0.96006 ,0.38146 ,0.9876 ,0.09668 ,-0.08653 ,0.13828 ,0.27342 ,0.0203 ,0.01056 ,0.4512 ,128.4317 ,1720.814 ,7341.861 ,20426.42 ,27238.17 ,26358.96 ,24031.34 ,21138.18 ,17826.45 ,14342.37 ,10673.77 ,7234.303 ,4354.054 ,2267.132 ,1001.4 ,370.8677 ,118.1024 ,34.22373 ,8.45437 ,1.11417 ,0.46304 ,-0.22638 ,-0.10408 ,-0.54533 
eb-21-52,7/19/2021,10:15:15 AM,0,="",250,ZR1,2000.0,0,128,2,111,6.47659 ,4.24133 ,3.9439 ,2.27049 ,-0.68917 ,839.8398 ,15087.79 ,12859.01 ,13032.85 ,13007.65 ,12882.93 ,12722.73 ,12564.22 ,12405.36 ,12252.3 ,12087.18 ,11912.6 ,11716.42 ,11497.48 ,11152.09 ,8068.376 ,3171.985 ,1477.667 ,411.0638 ,119.1644 ,43.71906 ,30.98795 ,19.32826 ,16.24395 ,8.40975 ,6.76322 ,3.47255 ,2.73691 ,1.12573 ,1.24006 ,1.51194 ,0.4473 ,0.09385 ,0.25003 ,0.20225 ,0.09413 ,0.10868 ,0.03104 ,0.10802 ,119.7876 ,1593.56 ,6825.528 ,19050.7 ,25447.08 ,24633.39 ,22468.62 ,19755.6 ,16665.58 ,13406.62 ,9979.314 ,6760.117 ,4069.813 ,2116.485 ,935.269 ,344.7081 ,110.5106 ,31.96561 ,7.57733 ,1.84332 ,0.46241 ,-0.27305 ,-0.27385 ,0.77885 
eb-21-52,7/19/2021,10:15:31 AM,0,="",250,ZR2,2000.0,0,128,2,112,-9.89112 ,12.20843 ,-6.2333 ,6.14923 ,-0.07534 ,836.545 ,15085.11 ,12853.7 ,13029.62 ,13008.55 ,12881.54 ,12723.62 ,12563.21 ,12406.18 ,12246.83 ,12085.74 ,11907.09 ,11718.74 ,11493.92 ,11149.03 ,8072.273 ,3173.374 ,1476.327 ,408.2004 ,110.9631 ,44.4568 ,27.04079 ,20.29243 ,15.60883 ,9.30006 ,6.50419 ,4.9595 ,1.82567 ,1.47458 ,0.69735 ,0.76521 ,0.94033 ,-0.82673 ,0.66466 ,0.08798 ,0.41221 ,0.11123 ,0.10833 ,0.3553 ,120.715 ,1573.655 ,6795.805 ,19043.52 ,25447.13 ,24634.51 ,22481.81 ,19758.06 ,16671.59 ,13408.81 ,9974.025 ,6757.911 ,4068.239 ,2119.296 ,933.4145 ,345.8127 ,111.1023 ,31.01459 ,8.4411 ,1.26072 ,0.71743 ,-0.20093 ,-0.28595 ,-1.1401 
eb-21-52,7/19/2021,10:15:47 AM,0,="",250,ZR3,2000.0,0,128,2,113,1.68489 ,0.12048 ,3.56381 ,2.30725 ,-2.18024 ,839.3831 ,15085.02 ,12856.03 ,13033.94 ,13007.22 ,12886.57 ,12728.17 ,12563.59 ,12407.31 ,12248.51 ,12088.87 ,11910.23 ,11719.32 ,11497.77 ,11154.15 ,8069.705 ,3170.787 ,1475.201 ,410.0398 ,112.1303 ,46.53364 ,22.76581 ,23.9721 ,15.48967 ,10.5728 ,5.35201 ,-1.55105 ,-0.99056 ,5.5468 ,1.50218 ,0.95873 ,1.20537 ,0.43586 ,0.04774 ,0.22497 ,-0.02963 ,0.08012 ,0.04507 ,-0.50387 ,118.1572 ,1584.13 ,6809.106 ,19042.82 ,25452.57 ,24647.46 ,22476.37 ,19762.48 ,16667.99 ,13408.01 ,9974.044 ,6756.923 ,4065.624 ,2117.892 ,932.5162 ,345.5166 ,110.4524 ,31.3238 ,7.9617 ,1.30126 ,0.47779 ,-0.08082 ,-0.16279 ,-0.03576 
eb-21-52,7/19/2021,10:16:02 AM,0,="",250,ZR4,2000.0,0,128,2,114,0.3787 ,-2.73875 ,-1.5691 ,-2.55117 ,-1.56307 ,843.057 ,15083.64 ,12858.68 ,13031.39 ,13008.1 ,12883.42 ,12725.13 ,12563.96 ,12404.23 ,12247.31 ,12082.51 ,11909.98 ,11721.55 ,11493.29 ,11152.19 ,8072.331 ,3182.069 ,1487.056 ,408.7623 ,114.5759 ,39.77678 ,26.69308 ,23.14353 ,16.1183 ,9.44649 ,8.05463 ,5.14753 ,2.94542 ,1.56395 ,1.08371 ,-0.1475 ,0.33751 ,0.97282 ,-0.21318 ,0.28363 ,0.11166 ,0.16705 ,-0.04233 ,0.08672 ,110.2882 ,1584.664 ,6802.65 ,19034.91 ,25454.96 ,24645.57 ,22471.29 ,19764.02 ,16667.06 ,13406.78 ,9976.127 ,6754.503 ,4065.079 ,2116.82 ,932.7911 ,344.8105 ,111.8044 ,31.7781 ,8.08193 ,1.57887 ,0.23844 ,-0.12634 ,-0.18209 ,-0.18646 
eb-21-52,7/19/2021,10:16:50 AM,0,="",260,ZR1,2000.0,0,128,2,115,-0.10023 ,1.54809 ,0.6791 ,-1.56873 ,-2.61808 ,769.8923 ,14038.9 ,11980.02 ,12146.23 ,12121.54 ,12003.28 ,11853.57 ,11701.95 ,11561.36 ,11409.38 ,11260.2 ,11099.77 ,10916.1 ,10713.22 ,10387.79 ,7537.807 ,2976.609 ,1386.016 ,384.1095 ,109.9446 ,42.81763 ,30.82067 ,22.15934 ,15.75377 ,5.33467 ,9.84001 ,2.63652 ,2.31055 ,1.42438 ,1.4276 ,0.79697 ,0.45916 ,0.24396 ,-0.06314 ,0.09756 ,0.04899 ,0.21615 ,-0.00114 ,0.05648 ,107.5688 ,1449.67 ,6277.542 ,17669.75 ,23688.1 ,22949.76 ,20933.46 ,18408.78 ,15528.13 ,12492.49 ,9298.837 ,6296.54 ,3792.278 ,1974.818 ,870.9031 ,321.374 ,102.8849 ,30.19161 ,7.18697 ,1.83488 ,0.4778 ,-0.07284 ,-0.07344 ,-0.06531 
eb-21-52,7/19/2021,10:17:05 AM,0,="",260,ZR2,2000.0,0,128,2,116,3.8831 ,-7.60687 ,4.07328 ,-1.28066 ,0.65873 ,775.5296 ,14039.49 ,11978.94 ,12143.76 ,12120.04 ,12003.42 ,11857.55 ,11706.71 ,11559.23 ,11410.39 ,11259.76 ,11097.01 ,10916.39 ,10712.23 ,10393.65 ,7536.393 ,2990.823 ,1398.915 ,384.6314 ,105.8954 ,34.93338 ,29.96151 ,17.63055 ,13.11956 ,8.93234 ,12.15268 ,0.82034 ,4.99264 ,1.50032 ,-0.10227 ,-0.36955 ,0.10797 ,0.41829 ,0.18461 ,0.37403 ,0.16145 ,0.17142 ,0.05473 ,0.31512 ,104.9308 ,1452.892 ,6272.135 ,17664.14 ,23697.4 ,22950.44 ,20933.3 ,18411.35 ,15529.43 ,12494.71 ,9296.696 ,6300.118 ,3790.951 ,1975.631 ,869.3869 ,322.4502 ,102.3926 ,29.43537 ,7.04761 ,1.05357 ,0.82391 ,-0.07637 ,-0.10037 ,-0.29245 
eb-21-52,7/19/2021,10:17:21 AM,0,="",260,ZR3,2000.0,0,128,2,117,-0.92064 ,0.00888 ,-1.26702 ,1.57564 ,-1.45396 ,774.6954 ,14043.55 ,11977.37 ,12143.26 ,12120.32 ,12004.56 ,11859.21 ,11703.8 ,11558.29 ,11410.39 ,11258.09 ,11096.43 ,10916.9 ,10712.83 ,10391.23 ,7538.524 ,2975.382 ,1384.16 ,384.6099 ,108.7273 ,41.17705 ,26.98635 ,18.64273 ,15.25544 ,9.01489 ,6.14656 ,3.57336 ,2.3178 ,1.12208 ,1.22517 ,0.40112 ,0.83121 ,0.29409 ,0.24597 ,-0.02393 ,0.20211 ,0.12122 ,0.00366 ,0.36496 ,105.8061 ,1456.34 ,6287.375 ,17683.82 ,23706.21 ,22955.32 ,20943.58 ,18411.4 ,15533.66 ,12494.98 ,9293.693 ,6296.271 ,3791.149 ,1973.495 ,869.3452 ,321.3427 ,103.1982 ,29.55595 ,7.469 ,2.07853 ,-0.40262 ,0.01036 ,-0.19657 ,-0.62948 
eb-21-52,7/19/2021,10:17:37 AM,0,="",260,ZR4,2000.0,0,128,2,118,-4.75252 ,2.43359 ,0.63193 ,-1.52408 ,1.89354 ,776.3525 ,14040.47 ,11974.66 ,12140.4 ,12119.42 ,12005.86 ,11854.19 ,11706.54 ,11558.21 ,11410.81 ,11259.46 ,11094.02 ,10918.06 ,10708.45 ,10391.54 ,7534.857 ,2977.685 ,1389.354 ,386.4592 ,108.1058 ,40.40756 ,23.64804 ,20.01761 ,13.88518 ,9.25145 ,5.33478 ,3.64317 ,2.70112 ,1.26112 ,0.9906 ,0.67944 ,0.53783 ,0.707 ,0.25193 ,0.21969 ,0.10554 ,0.01955 ,0.14905 ,0.40498 ,97.68018 ,1451.73 ,6280.86 ,17669.19 ,23692.26 ,22941.84 ,20931.39 ,18404.31 ,15528.12 ,12492.33 ,9296.436 ,6298.219 ,3791.93 ,1975.062 ,869.4328 ,321.4412 ,102.8577 ,30.05551 ,7.35466 ,1.64374 ,0.45462 ,-0.00129 ,-0.02936 ,-0.03358 
eb-21-52,7/19/2021,10:18:34 AM,0,="",270,ZR1,2000.0,0,128,2,119,3.17377 ,4.91807 ,-4.035 ,2.62991 ,1.54874 ,715.6752 ,13086.1 ,11169.67 ,11323.59 ,11301.49 ,11195.56 ,11058.91 ,10917.87 ,10781.11 ,10643.77 ,10496.74 ,10348.21 ,10180.28 ,9992.719 ,9686.406 ,7060.446 ,2805.601 ,1309.867 ,362.891 ,99.77344 ,40.63771 ,23.71754 ,22.70332 ,11.24276 ,9.21854 ,4.03881 ,2.88938 ,2.56301 ,0.1572 ,0.6476 ,0.39404 ,0.65027 ,0.67887 ,-0.50229 ,0.50083 ,0.46828 ,0.12324 ,0.07103 ,0.40839 ,86.80825 ,1332.947 ,5797.467 ,16419.21 ,22091.43 ,21408.09 ,19527.24 ,17176.58 ,14491.56 ,11655.2 ,8670.511 ,5877.06 ,3540.715 ,1842.658 ,810.1321 ,301.6131 ,96.18065 ,27.58165 ,6.6981 ,1.62011 ,0.08001 ,-0.13458 ,-0.14906 ,-0.68186 
eb-21-52,7/19/2021,10:18:50 AM,0,="",270,ZR2,2000.0,0,128,2,120,-5.08803 ,-1.52524 ,-5.41667 ,2.01343 ,-0.90154 ,713.1539 ,13083.36 ,11169.33 ,11319.95 ,11303.15 ,11194.48 ,11058.47 ,10917.51 ,10782.24 ,10641.26 ,10504.18 ,10348.1 ,10185.12 ,9994.755 ,9688.706 ,7051.97 ,2819.53 ,1320.648 ,358.96 ,96.53903 ,38.16786 ,23.06723 ,16.05586 ,13.37563 ,9.92953 ,5.33966 ,3.34124 ,1.15546 ,0.63331 ,1.11394 ,0.69378 ,0.14654 ,0.13374 ,2.1288 ,-1.39278 ,-0.03062 ,0.10523 ,0.00685 ,0.27364 ,96.40663 ,1324.649 ,5778.444 ,16394.32 ,22085.22 ,21405.71 ,19528.17 ,17173.04 ,14491.37 ,11658.96 ,8677.811 ,5876.199 ,3533.319 ,1841.424 ,813.2856 ,299.7267 ,96.52874 ,27.57101 ,6.23292 ,1.55242 ,0.32224 ,-0.05358 ,-0.28307 ,-0.1613 
eb-21-52,7/19/2021,10:19:06 AM,0,="",270,ZR3,2000.0,0,128,2,121,1.41364 ,0.71998 ,1.25054 ,-0.52692 ,1.99281 ,710.3562 ,13083.3 ,11170.31 ,11323.59 ,11302.71 ,11194.08 ,11056.99 ,10917.8 ,10779.92 ,10643.69 ,10499.75 ,10347.47 ,10182.65 ,9989.094 ,9690.376 ,7055.792 ,2806.246 ,1312.223 ,362.6372 ,102.3585 ,37.20572 ,24.94423 ,18.76035 ,13.76183 ,12.15416 ,3.50471 ,3.51928 ,1.88684 ,1.44667 ,0.4653 ,0.44313 ,0.62558 ,0.0473 ,1.02617 ,-0.45395 ,0.2501 ,0.05648 ,0.01204 ,-0.22091 ,95.1914 ,1327.414 ,5780.504 ,16402.21 ,22093.11 ,21403.03 ,19548.69 ,17170.97 ,14497.89 ,11656.35 ,8672.491 ,5875.144 ,3535.857 ,1841.009 ,811.3342 ,300.651 ,96.51512 ,27.49595 ,7.24161 ,1.38835 ,0.49058 ,-0.15199 ,-0.05772 ,-0.52902 
eb-21-52,7/19/2021,10:19:21 AM,0,="",270,ZR4,2000.0,0,128,2,122,-1.20599 ,-1.52445 ,-2.503 ,0.80493 ,-5.80387 ,710.6793 ,13079.88 ,11165.84 ,11322.58 ,11301.41 ,11195.34 ,11056.09 ,10916.19 ,10783.35 ,10642.61 ,10498.42 ,10348.29 ,10183.39 ,9988.681 ,9690.583 ,7054.062 ,2803.641 ,1311.51 ,364.5827 ,102.5983 ,41.49201 ,25.55406 ,17.36558 ,13.56082 ,7.23209 ,6.16572 ,4.32891 ,2.31501 ,1.53934 ,0.49733 ,0.58174 ,0.77719 ,0.03058 ,-0.29368 ,-0.48198 ,0.52225 ,0.07601 ,0.09665 ,-0.20643 ,101.8353 ,1317.442 ,5770.058 ,16398.92 ,22090.13 ,21404.56 ,19533.26 ,17176.65 ,14487.75 ,11657.73 ,8674.356 ,5874.489 ,3537.582 ,1842.42 ,812.5785 ,299.1833 ,95.66483 ,28.24567 ,6.8403 ,1.46573 ,0.51449 ,-0.15497 ,-0.11546 ,-0.0806 
eb-21-52,7/19/2021,10:19:57 AM,0,="",280,ZR1,2000.0,0,128,2,123,20.96352 ,-18.39228 ,11.70805 ,-3.60122 ,1.6227 ,653.4852 ,12109.65 ,10349.7 ,10493 ,10472.4 ,10374.36 ,10245.82 ,10115.83 ,9989.862 ,9859.575 ,9731.193 ,9592.392 ,9432.862 ,9257.794 ,8978.843 ,6549.958 ,2626.953 ,1232.352 ,343.2064 ,95.60536 ,34.15901 ,26.14322 ,14.82461 ,13.75218 ,8.66791 ,6.02089 ,3.66308 ,0.50421 ,1.71883 ,0.72884 ,-0.16785 ,0.45475 ,-0.11726 ,0.12514 ,0.27329 ,0.04171 ,0.13162 ,0.0027 ,0.19001 ,88.86154 ,1201.439 ,5291.488 ,15141.35 ,20452.55 ,19832.69 ,18101.59 ,15918.8 ,13429.77 ,10803.17 ,8038.361 ,5446.064 ,3278.217 ,1707.052 ,752.8624 ,278.6998 ,89.17429 ,25.27809 ,5.95767 ,1.2555 ,0.46507 ,-0.19678 ,-0.07377 ,0.54946 
eb-21-52,7/19/2021,10:20:12 AM,0,="",280,ZR2,2000.0,0,128,2,124,0.56695 ,2.24472 ,0.1008 ,0.35563 ,0.86242 ,648.0059 ,12106.43 ,10345.84 ,10489.59 ,10470.66 ,10371.01 ,10243.79 ,10114.53 ,9986.626 ,9859.14 ,9728.712 ,9587.917 ,9434.028 ,9255.802 ,8977.535 ,6557.376 ,2627.861 ,1231.453 ,343.6718 ,98.74975 ,36.52799 ,25.85985 ,19.30633 ,14.17645 ,7.44693 ,4.4442 ,3.71668 ,1.74898 ,0.29196 ,1.49741 ,0.22451 ,0.61767 ,0.00632 ,0.19684 ,0.16428 ,0.25315 ,0.09605 ,-0.00041 ,0.09196 ,88.55161 ,1208.137 ,5287.298 ,15122.94 ,20449.23 ,19832.98 ,18105.69 ,15915.1 ,13428.18 ,10800.64 ,8037.439 ,5443.201 ,3279.312 ,1707.986 ,752.0137 ,279.0697 ,89.30039 ,25.80608 ,6.88976 ,1.46706 ,0.23661 ,-0.02074 ,-0.01853 ,-0.32357 
eb-21-52,7/19/2021,10:20:28 AM,0,="",280,ZR3,2000.0,0,128,2,125,0.0898 ,1.10434 ,-2.848 ,-0.30916 ,2.30064 ,647.0717 ,12105.01 ,10349.12 ,10490.2 ,10475.11 ,10373.56 ,10244.81 ,10114.33 ,9987.798 ,9859.324 ,9729.894 ,9587.662 ,9435.741 ,9254.561 ,8983.136 ,6547.269 ,2623.665 ,1233.325 ,344.9822 ,94.5944 ,35.23325 ,27.65823 ,15.73813 ,12.58685 ,9.08682 ,5.09413 ,2.68888 ,1.9075 ,1.15377 ,0.75787 ,0.67072 ,-0.15646 ,0.58385 ,0.45241 ,-0.19586 ,-0.02553 ,0.16229 ,0.08868 ,-0.38501 ,119.2033 ,1198.031 ,5260.046 ,15076.73 ,20437.22 ,19842.7 ,18096.28 ,15912.64 ,13431.22 ,10798.58 ,8038.834 ,5446.435 ,3277.407 ,1710.542 ,751.3607 ,278.7869 ,88.79423 ,25.74737 ,6.89229 ,1.14862 ,0.62578 ,-0.11917 ,-0.12758 ,-0.12142 
eb-21-52,7/19/2021,10:20:44 AM,0,="",280,ZR4,2000.0,0,128,2,126,-1.35038 ,-0.10362 ,-2.7572 ,1.30178 ,1.75013 ,650.8382 ,12109.06 ,10350.08 ,10489.66 ,10471.7 ,10373.41 ,10241.06 ,10115.42 ,9987.645 ,9861.661 ,9726.612 ,9585.127 ,9439.083 ,9253.487 ,8977.211 ,6552.873 ,2627.253 ,1228.578 ,341.0684 ,99.81052 ,36.9575 ,23.28779 ,17.91892 ,12.92501 ,8.13159 ,5.37834 ,3.51363 ,1.66752 ,1.58578 ,0.0841 ,0.29402 ,0.31482 ,0.49829 ,0.17715 ,0.1526 ,0.1954 ,0.03916 ,0.02945 ,-0.39004 ,87.8789 ,1204.147 ,5286.654 ,15115.04 ,20437.87 ,19825.38 ,18093.92 ,15913.34 ,13426.64 ,10802.93 ,8036.741 ,5446.926 ,3278.618 ,1710.163 ,752.7586 ,279.5548 ,88.5126 ,25.77449 ,6.62743 ,1.13619 ,0.24348 ,-0.1592 ,-0.13624 ,-0.3118 
